ISO-10303-21;
HEADER;
/* Generated by software containing ST-Developer
 * from STEP Tools, Inc. (www.steptools.com) 
 */

FILE_DESCRIPTION(
/* description */ (''),
/* implementation_level */ '2;1');

FILE_NAME(
/* name */ 'OLED-Disp.step',
/* time_stamp */ '2026-03-28T12:42:33+01:00',
/* author */ (''),
/* organization */ (''),
/* preprocessor_version */ 'ST-DEVELOPER v20.1',
/* originating_system */ 'Autodesk Translation Framework v14.24.0.0',
/* authorisation */ '');

FILE_SCHEMA (('AUTOMOTIVE_DESIGN { 1 0 10303 214 3 1 1 }'));
ENDSEC;

DATA;
#10=MECHANICAL_DESIGN_GEOMETRIC_PRESENTATION_REPRESENTATION('',(#5470,#5471,
#5472,#5473,#5474,#5475,#5476,#5477,#5478,#5479,#5480,#5481,#5482,#5483,
#5484,#5485,#5486,#5487,#5488,#5489,#5490,#5491,#5492,#5493,#5494,#5495,
#5496),#11696);
#11=SHAPE_REPRESENTATION_RELATIONSHIP('SRR','None',#11703,#12);
#12=ADVANCED_BREP_SHAPE_REPRESENTATION('',(#13),#11695);
#13=MANIFOLD_SOLID_BREP('K\X\F6rper1',#5812);
#14=CONICAL_SURFACE('',#5970,0.325,0.785398163397448);
#15=CONICAL_SURFACE('',#5975,0.325,0.785398163397448);
#16=CONICAL_SURFACE('',#5980,0.325,0.785398163397448);
#17=CONICAL_SURFACE('',#5985,0.325,0.785398163397448);
#18=B_SPLINE_SURFACE_WITH_KNOTS('',3,1,((#8023,#8024),(#8025,#8026),(#8027,
#8028),(#8029,#8030),(#8031,#8032)),.UNSPECIFIED.,.F.,.F.,.F.,(4,1,4),(2,
2),(-0.00915426158762109,-0.00489110265517762,0.),(0.,0.02),
 .UNSPECIFIED.);
#19=B_SPLINE_SURFACE_WITH_KNOTS('',3,1,((#8040,#8041),(#8042,#8043),(#8044,
#8045),(#8046,#8047),(#8048,#8049)),.UNSPECIFIED.,.F.,.F.,.F.,(4,1,4),(2,
2),(-0.00899281489174127,-0.0042006806106966,0.),(0.,0.02),
 .UNSPECIFIED.);
#20=B_SPLINE_SURFACE_WITH_KNOTS('',3,1,((#8057,#8058),(#8059,#8060),(#8061,
#8062),(#8063,#8064),(#8065,#8066)),.UNSPECIFIED.,.F.,.F.,.F.,(4,1,4),(2,
2),(-0.0110010285257922,-0.00530711137687775,0.),(0.,0.02),
 .UNSPECIFIED.);
#21=B_SPLINE_SURFACE_WITH_KNOTS('',3,1,((#8074,#8075),(#8076,#8077),(#8078,
#8079),(#8080,#8081),(#8082,#8083)),.UNSPECIFIED.,.F.,.F.,.F.,(4,1,4),(2,
2),(-0.00953133612141993,-0.0050052954151223,0.),(0.,0.02),
 .UNSPECIFIED.);
#22=B_SPLINE_SURFACE_WITH_KNOTS('',3,1,((#8091,#8092),(#8093,#8094),(#8095,
#8096),(#8097,#8098),(#8099,#8100)),.UNSPECIFIED.,.F.,.F.,.F.,(4,1,4),(2,
2),(-0.00750531295448477,-0.00400217286776024,0.),(0.,0.02),
 .UNSPECIFIED.);
#23=B_SPLINE_SURFACE_WITH_KNOTS('',3,1,((#8108,#8109),(#8110,#8111),(#8112,
#8113),(#8114,#8115),(#8116,#8117)),.UNSPECIFIED.,.F.,.F.,.F.,(4,1,4),(2,
2),(-0.006393430877048,-0.00323278086520551,0.),(0.,0.02),.UNSPECIFIED.);
#24=B_SPLINE_SURFACE_WITH_KNOTS('',3,1,((#8125,#8126),(#8127,#8128),(#8129,
#8130),(#8131,#8132),(#8133,#8134)),.UNSPECIFIED.,.F.,.F.,.F.,(4,1,4),(2,
2),(-0.00615071595056487,-0.00312250164582129,0.),(0.,0.02),
 .UNSPECIFIED.);
#25=B_SPLINE_SURFACE_WITH_KNOTS('',3,1,((#8142,#8143),(#8144,#8145),(#8146,
#8147),(#8148,#8149),(#8150,#8151)),.UNSPECIFIED.,.F.,.F.,.F.,(4,1,4),(2,
2),(-0.00760377402727232,-0.0033943401260827,0.),(0.,0.02),
 .UNSPECIFIED.);
#26=B_SPLINE_SURFACE_WITH_KNOTS('',3,1,((#8159,#8160),(#8161,#8162),(#8163,
#8164),(#8165,#8166),(#8167,#8168)),.UNSPECIFIED.,.F.,.F.,.F.,(4,1,4),(2,
2),(-0.0129257909011645,-0.00473665800198396,0.),(0.,0.02),
 .UNSPECIFIED.);
#27=B_SPLINE_SURFACE_WITH_KNOTS('',3,1,((#8176,#8177),(#8178,#8179),(#8180,
#8181),(#8182,#8183),(#8184,#8185)),.UNSPECIFIED.,.F.,.F.,.F.,(4,1,4),(2,
2),(-0.0142230501885943,-0.0085039846147453,0.),(0.,0.02),.UNSPECIFIED.);
#28=B_SPLINE_SURFACE_WITH_KNOTS('',3,1,((#8193,#8194),(#8195,#8196),(#8197,
#8198),(#8199,#8200),(#8201,#8202)),.UNSPECIFIED.,.F.,.F.,.F.,(4,1,4),(2,
2),(-0.0100030182301029,-0.00527248552924392,0.),(0.,0.02),
 .UNSPECIFIED.);
#29=B_SPLINE_SURFACE_WITH_KNOTS('',3,1,((#8210,#8211),(#8212,#8213),(#8214,
#8215),(#8216,#8217),(#8218,#8219)),.UNSPECIFIED.,.F.,.F.,.F.,(4,1,4),(2,
2),(-0.009148765597243,-0.00451790699087039,0.),(0.,0.02),.UNSPECIFIED.);
#30=B_SPLINE_SURFACE_WITH_KNOTS('',3,1,((#8227,#8228),(#8229,#8230),(#8231,
#8232),(#8233,#8234),(#8235,#8236)),.UNSPECIFIED.,.F.,.F.,.F.,(4,1,4),(2,
2),(-0.0104683865678066,-0.00518190854499569,0.),(0.,0.02),
 .UNSPECIFIED.);
#31=B_SPLINE_SURFACE_WITH_KNOTS('',3,1,((#8244,#8245),(#8246,#8247),(#8248,
#8249),(#8250,#8251),(#8252,#8253)),.UNSPECIFIED.,.F.,.F.,.F.,(4,1,4),(2,
2),(-0.0113632574717875,-0.00548801980367805,0.),(0.,0.02),
 .UNSPECIFIED.);
#32=B_SPLINE_SURFACE_WITH_KNOTS('',3,1,((#8261,#8262),(#8263,#8264),(#8265,
#8266),(#8267,#8268),(#8269,#8270)),.UNSPECIFIED.,.F.,.F.,.F.,(4,1,4),(2,
2),(-0.0131282079948917,-0.00635730842669751,0.),(0.,0.02),
 .UNSPECIFIED.);
#33=B_SPLINE_SURFACE_WITH_KNOTS('',3,1,((#8278,#8279),(#8280,#8281),(#8282,
#8283),(#8284,#8285),(#8286,#8287)),.UNSPECIFIED.,.F.,.F.,.F.,(4,1,4),(2,
2),(-0.0140248683467172,-0.00735026589714979,0.),(0.,0.02),
 .UNSPECIFIED.);
#34=B_SPLINE_SURFACE_WITH_KNOTS('',3,1,((#8295,#8296),(#8297,#8298),(#8299,
#8300),(#8301,#8302),(#8303,#8304)),.UNSPECIFIED.,.F.,.F.,.F.,(4,1,4),(2,
2),(-0.0118832563132213,-0.00610296138636223,0.),(0.,0.02),
 .UNSPECIFIED.);
#35=B_SPLINE_SURFACE_WITH_KNOTS('',3,1,((#8312,#8313),(#8314,#8315),(#8316,
#8317),(#8318,#8319),(#8320,#8321)),.UNSPECIFIED.,.F.,.F.,.F.,(4,1,4),(2,
2),(-0.0116643515203918,-0.00574553516582166,0.),(0.,0.02),
 .UNSPECIFIED.);
#36=B_SPLINE_SURFACE_WITH_KNOTS('',3,1,((#8333,#8334),(#8335,#8336),(#8337,
#8338),(#8339,#8340),(#8341,#8342)),.UNSPECIFIED.,.F.,.F.,.F.,(4,1,4),(2,
2),(-0.0113617024847805,-0.00603316616681953,0.),(0.,0.02),
 .UNSPECIFIED.);
#37=B_SPLINE_SURFACE_WITH_KNOTS('',3,1,((#8350,#8351),(#8352,#8353),(#8354,
#8355),(#8356,#8357),(#8358,#8359)),.UNSPECIFIED.,.F.,.F.,.F.,(4,1,4),(2,
2),(-0.0128474769593489,-0.00571220808224671,0.),(0.,0.02),
 .UNSPECIFIED.);
#38=B_SPLINE_SURFACE_WITH_KNOTS('',3,1,((#8367,#8368),(#8369,#8370),(#8371,
#8372),(#8373,#8374),(#8375,#8376)),.UNSPECIFIED.,.F.,.F.,.F.,(4,1,4),(2,
2),(-0.0127975657069301,-0.00730450583075202,0.),(0.,0.02),
 .UNSPECIFIED.);
#39=B_SPLINE_SURFACE_WITH_KNOTS('',3,1,((#8384,#8385),(#8386,#8387),(#8388,
#8389),(#8390,#8391),(#8392,#8393)),.UNSPECIFIED.,.F.,.F.,.F.,(4,1,4),(2,
2),(-0.00859656649436447,-0.00445473024346887,0.),(0.,0.02),
 .UNSPECIFIED.);
#40=B_SPLINE_SURFACE_WITH_KNOTS('',3,1,((#8401,#8402),(#8403,#8404),(#8405,
#8406),(#8407,#8408),(#8409,#8410)),.UNSPECIFIED.,.F.,.F.,.F.,(4,1,4),(2,
2),(-0.00694504376353558,-0.00350461179831715,0.),(0.,0.02),
 .UNSPECIFIED.);
#41=B_SPLINE_SURFACE_WITH_KNOTS('',3,1,((#8418,#8419),(#8420,#8421),(#8422,
#8423),(#8424,#8425),(#8426,#8427)),.UNSPECIFIED.,.F.,.F.,.F.,(4,1,4),(2,
2),(-0.0149017601774365,-0.00542143541706862,0.),(0.,0.02),
 .UNSPECIFIED.);
#42=B_SPLINE_SURFACE_WITH_KNOTS('',3,1,((#8435,#8436),(#8437,#8438),(#8439,
#8440),(#8441,#8442),(#8443,#8444)),.UNSPECIFIED.,.F.,.F.,.F.,(4,1,4),(2,
2),(-0.0161396007968698,-0.00981620882476349,0.),(0.,0.02),
 .UNSPECIFIED.);
#43=B_SPLINE_SURFACE_WITH_KNOTS('',3,1,((#8452,#8453),(#8454,#8455),(#8456,
#8457),(#8458,#8459),(#8460,#8461)),.UNSPECIFIED.,.F.,.F.,.F.,(4,1,4),(2,
2),(-0.0116153017213643,-0.00619796329413762,0.),(0.,0.02),
 .UNSPECIFIED.);
#44=B_SPLINE_SURFACE_WITH_KNOTS('',3,1,((#8469,#8470),(#8471,#8472),(#8473,
#8474),(#8475,#8476),(#8477,#8478)),.UNSPECIFIED.,.F.,.F.,.F.,(4,1,4),(2,
2),(-0.0104930079990686,-0.00513716683909002,0.),(0.,0.02),
 .UNSPECIFIED.);
#45=B_SPLINE_SURFACE_WITH_KNOTS('',3,1,((#8486,#8487),(#8488,#8489),(#8490,
#8491),(#8492,#8493),(#8494,#8495)),.UNSPECIFIED.,.F.,.F.,.F.,(4,1,4),(2,
2),(-0.0111232056260259,-0.00548410984687333,0.),(0.,0.02),
 .UNSPECIFIED.);
#46=B_SPLINE_SURFACE_WITH_KNOTS('',3,1,((#8503,#8504),(#8505,#8506),(#8507,
#8508),(#8509,#8510),(#8511,#8512)),.UNSPECIFIED.,.F.,.F.,.F.,(4,1,4),(2,
2),(-0.0121082980766936,-0.00587266719405679,0.),(0.,0.02),
 .UNSPECIFIED.);
#47=B_SPLINE_SURFACE_WITH_KNOTS('',3,1,((#8520,#8521),(#8522,#8523),(#8524,
#8525),(#8526,#8527),(#8528,#8529)),.UNSPECIFIED.,.F.,.F.,.F.,(4,1,4),(2,
2),(-0.0138467222805265,-0.00669314784353109,0.),(0.,0.02),
 .UNSPECIFIED.);
#48=B_SPLINE_SURFACE_WITH_KNOTS('',3,1,((#8537,#8538),(#8539,#8540),(#8541,
#8542),(#8543,#8544),(#8545,#8546)),.UNSPECIFIED.,.F.,.F.,.F.,(4,1,4),(2,
2),(-0.0162456106296617,-0.00875949880827408,0.),(0.,0.02),
 .UNSPECIFIED.);
#49=B_SPLINE_SURFACE_WITH_KNOTS('',3,1,((#8554,#8555),(#8556,#8557),(#8558,
#8559),(#8560,#8561),(#8562,#8563)),.UNSPECIFIED.,.F.,.F.,.F.,(4,1,4),(2,
2),(-0.0132200351583283,-0.00669753500473487,0.),(0.,0.02),
 .UNSPECIFIED.);
#50=B_SPLINE_SURFACE_WITH_KNOTS('',3,1,((#8571,#8572),(#8573,#8574),(#8575,
#8576),(#8577,#8578),(#8579,#8580)),.UNSPECIFIED.,.F.,.F.,.F.,(4,1,4),(2,
2),(-0.013287905412407,-0.00654955955078685,0.),(0.,0.02),.UNSPECIFIED.);
#51=B_SPLINE_SURFACE_WITH_KNOTS('',3,1,((#8596,#8597),(#8598,#8599),(#8600,
#8601),(#8602,#8603),(#8604,#8605)),.UNSPECIFIED.,.F.,.F.,.F.,(4,1,4),(2,
2),(-0.0109700210763581,-0.00618593189433274,0.),(0.,0.02),
 .UNSPECIFIED.);
#52=B_SPLINE_SURFACE_WITH_KNOTS('',3,1,((#8619,#8620),(#8621,#8622),(#8623,
#8624),(#8625,#8626),(#8627,#8628)),.UNSPECIFIED.,.F.,.F.,.F.,(4,1,4),(2,
2),(-0.00730262637030421,-0.00386465233218223,0.),(0.,0.02),
 .UNSPECIFIED.);
#53=B_SPLINE_SURFACE_WITH_KNOTS('',3,1,((#8642,#8643),(#8644,#8645),(#8646,
#8647),(#8648,#8649),(#8650,#8651)),.UNSPECIFIED.,.F.,.F.,.F.,(4,1,4),(2,
2),(-0.0103074636187857,-0.0048477920774377,0.),(0.,0.02),.UNSPECIFIED.);
#54=B_SPLINE_SURFACE_WITH_KNOTS('',3,1,((#8665,#8666),(#8667,#8668),(#8669,
#8670),(#8671,#8672),(#8673,#8674)),.UNSPECIFIED.,.F.,.F.,.F.,(4,1,4),(2,
2),(-0.0136560407995059,-0.0063062186696071,0.),(0.,0.02),.UNSPECIFIED.);
#55=B_SPLINE_SURFACE_WITH_KNOTS('',3,1,((#8688,#8689),(#8690,#8691),(#8692,
#8693),(#8694,#8695),(#8696,#8697)),.UNSPECIFIED.,.F.,.F.,.F.,(4,1,4),(2,
2),(-0.0174139617130574,-0.00975268224128805,0.),(0.,0.02),
 .UNSPECIFIED.);
#56=B_SPLINE_SURFACE_WITH_KNOTS('',3,1,((#8711,#8712),(#8713,#8714),(#8715,
#8716),(#8717,#8718),(#8719,#8720)),.UNSPECIFIED.,.F.,.F.,.F.,(4,1,4),(2,
2),(-0.0119622029330882,-0.00633963982230816,0.),(0.,0.02),
 .UNSPECIFIED.);
#57=B_SPLINE_SURFACE_WITH_KNOTS('',3,1,((#8734,#8735),(#8736,#8737),(#8738,
#8739),(#8740,#8741),(#8742,#8743)),.UNSPECIFIED.,.F.,.F.,.F.,(4,1,4),(2,
2),(-0.0121113494900656,-0.00497581737388957,0.),(0.,0.02),
 .UNSPECIFIED.);
#58=B_SPLINE_SURFACE_WITH_KNOTS('',3,1,((#8776,#8777),(#8778,#8779),(#8780,
#8781),(#8782,#8783),(#8784,#8785)),.UNSPECIFIED.,.F.,.F.,.F.,(4,1,4),(2,
2),(-0.0125202919647053,-0.00720251872096449,0.),(0.,0.02),
 .UNSPECIFIED.);
#59=B_SPLINE_SURFACE_WITH_KNOTS('',3,1,((#8793,#8794),(#8795,#8796),(#8797,
#8798),(#8799,#8800),(#8801,#8802)),.UNSPECIFIED.,.F.,.F.,.F.,(4,1,4),(2,
2),(-0.0115099133670502,-0.00590451876234213,0.),(0.,0.02),
 .UNSPECIFIED.);
#60=B_SPLINE_SURFACE_WITH_KNOTS('',3,1,((#8810,#8811),(#8812,#8813),(#8814,
#8815),(#8816,#8817),(#8818,#8819)),.UNSPECIFIED.,.F.,.F.,.F.,(4,1,4),(2,
2),(-0.0146720838878314,-0.00719997319314758,0.),(0.,0.02),
 .UNSPECIFIED.);
#61=B_SPLINE_SURFACE_WITH_KNOTS('',3,1,((#8827,#8828),(#8829,#8830),(#8831,
#8832),(#8833,#8834),(#8835,#8836)),.UNSPECIFIED.,.F.,.F.,.F.,(4,1,4),(2,
2),(-0.0169343236997296,-0.00806818661205243,0.),(0.,0.02),
 .UNSPECIFIED.);
#62=B_SPLINE_SURFACE_WITH_KNOTS('',3,1,((#8844,#8845),(#8846,#8847),(#8848,
#8849),(#8850,#8851),(#8852,#8853)),.UNSPECIFIED.,.F.,.F.,.F.,(4,1,4),(2,
2),(-0.0142939629472703,-0.00753485885324099,0.),(0.,0.02),
 .UNSPECIFIED.);
#63=B_SPLINE_SURFACE_WITH_KNOTS('',3,1,((#8861,#8862),(#8863,#8864),(#8865,
#8866),(#8867,#8868),(#8869,#8870)),.UNSPECIFIED.,.F.,.F.,.F.,(4,1,4),(2,
2),(-0.0112954527020234,-0.00601613434814016,0.),(0.,0.02),
 .UNSPECIFIED.);
#64=B_SPLINE_SURFACE_WITH_KNOTS('',3,1,((#8878,#8879),(#8880,#8881),(#8882,
#8883),(#8884,#8885),(#8886,#8887)),.UNSPECIFIED.,.F.,.F.,.F.,(4,1,4),(2,
2),(-0.00903382881442827,-0.0047221464596215,0.),(0.,0.02),
 .UNSPECIFIED.);
#65=B_SPLINE_SURFACE_WITH_KNOTS('',3,1,((#8895,#8896),(#8897,#8898),(#8899,
#8900),(#8901,#8902),(#8903,#8904)),.UNSPECIFIED.,.F.,.F.,.F.,(4,1,4),(2,
2),(-0.00909800488549451,-0.00432829857402007,0.),(0.,0.02),
 .UNSPECIFIED.);
#66=B_SPLINE_SURFACE_WITH_KNOTS('',3,1,((#8912,#8913),(#8914,#8915),(#8916,
#8917),(#8918,#8919),(#8920,#8921)),.UNSPECIFIED.,.F.,.F.,.F.,(4,1,4),(2,
2),(-0.0113279916302539,-0.00533402363742191,0.),(0.,0.02),
 .UNSPECIFIED.);
#67=B_SPLINE_SURFACE_WITH_KNOTS('',3,1,((#8971,#8972),(#8973,#8974),(#8975,
#8976),(#8977,#8978),(#8979,#8980)),.UNSPECIFIED.,.F.,.F.,.F.,(4,1,4),(2,
2),(-0.0120372022660775,-0.00625512619431069,0.),(0.,0.02),
 .UNSPECIFIED.);
#68=B_SPLINE_SURFACE_WITH_KNOTS('',3,1,((#8988,#8989),(#8990,#8991),(#8992,
#8993),(#8994,#8995),(#8996,#8997)),.UNSPECIFIED.,.F.,.F.,.F.,(4,1,4),(2,
2),(-0.0120672046239935,-0.00599255553080841,0.),(0.,0.02),
 .UNSPECIFIED.);
#69=B_SPLINE_SURFACE_WITH_KNOTS('',3,1,((#9026,#9027),(#9028,#9029),(#9030,
#9031),(#9032,#9033),(#9034,#9035)),.UNSPECIFIED.,.F.,.F.,.F.,(4,1,4),(2,
2),(-0.0205986833269615,-0.0108519246321572,0.),(0.,0.02),.UNSPECIFIED.);
#70=B_SPLINE_SURFACE_WITH_KNOTS('',3,1,((#9043,#9044),(#9045,#9046),(#9047,
#9048),(#9049,#9050),(#9051,#9052)),.UNSPECIFIED.,.F.,.F.,.F.,(4,1,4),(2,
2),(-0.0197389303178027,-0.00953540767235866,0.),(0.,0.02),
 .UNSPECIFIED.);
#71=B_SPLINE_SURFACE_WITH_KNOTS('',3,1,((#9060,#9061),(#9062,#9063),(#9064,
#9065),(#9066,#9067),(#9068,#9069)),.UNSPECIFIED.,.F.,.F.,.F.,(4,1,4),(2,
2),(-0.0191743382775559,-0.0103245246736641,0.),(0.,0.02),.UNSPECIFIED.);
#72=B_SPLINE_SURFACE_WITH_KNOTS('',3,1,((#9077,#9078),(#9079,#9080),(#9081,
#9082),(#9083,#9084),(#9085,#9086)),.UNSPECIFIED.,.F.,.F.,.F.,(4,1,4),(2,
2),(-0.0173613323902207,-0.00841372731558791,0.),(0.,0.02),
 .UNSPECIFIED.);
#73=B_SPLINE_SURFACE_WITH_KNOTS('',3,1,((#9094,#9095),(#9096,#9097),(#9098,
#9099),(#9100,#9101),(#9102,#9103)),.UNSPECIFIED.,.F.,.F.,.F.,(4,1,4),(2,
2),(-0.0192249048615374,-0.00947593233601186,0.),(0.,0.02),
 .UNSPECIFIED.);
#74=B_SPLINE_SURFACE_WITH_KNOTS('',3,1,((#9111,#9112),(#9113,#9114),(#9115,
#9116),(#9117,#9118),(#9119,#9120)),.UNSPECIFIED.,.F.,.F.,.F.,(4,1,4),(2,
2),(-0.019667836755239,-0.0102893423216238,0.),(0.,0.02),.UNSPECIFIED.);
#75=B_SPLINE_SURFACE_WITH_KNOTS('',3,1,((#9128,#9129),(#9130,#9131),(#9132,
#9133),(#9134,#9135),(#9136,#9137)),.UNSPECIFIED.,.F.,.F.,.F.,(4,1,4),(2,
2),(-0.0173557609940017,-0.00877023212587138,0.),(0.,0.02),
 .UNSPECIFIED.);
#76=B_SPLINE_SURFACE_WITH_KNOTS('',3,1,((#9145,#9146),(#9147,#9148),(#9149,
#9150),(#9151,#9152),(#9153,#9154)),.UNSPECIFIED.,.F.,.F.,.F.,(4,1,4),(2,
2),(-0.0176354268476463,-0.00869743256880039,0.),(0.,0.02),
 .UNSPECIFIED.);
#77=B_SPLINE_SURFACE_WITH_KNOTS('',3,1,((#9162,#9163),(#9164,#9165),(#9166,
#9167),(#9168,#9169),(#9170,#9171)),.UNSPECIFIED.,.F.,.F.,.F.,(4,1,4),(2,
2),(-0.018708485027622,-0.00976115733268513,0.),(0.,0.02),.UNSPECIFIED.);
#78=B_SPLINE_SURFACE_WITH_KNOTS('',3,1,((#9179,#9180),(#9181,#9182),(#9183,
#9184),(#9185,#9186),(#9187,#9188)),.UNSPECIFIED.,.F.,.F.,.F.,(4,1,4),(2,
2),(-0.0183002733831955,-0.00884970038270104,0.),(0.,0.02),
 .UNSPECIFIED.);
#79=B_SPLINE_SURFACE_WITH_KNOTS('',3,1,((#9200,#9201),(#9202,#9203),(#9204,
#9205),(#9206,#9207),(#9208,#9209)),.UNSPECIFIED.,.F.,.F.,.F.,(4,1,4),(2,
2),(-0.0133384339256367,-0.00724452632810666,0.),(0.,0.02),
 .UNSPECIFIED.);
#80=B_SPLINE_SURFACE_WITH_KNOTS('',3,1,((#9217,#9218),(#9219,#9220),(#9221,
#9222),(#9223,#9224),(#9225,#9226)),.UNSPECIFIED.,.F.,.F.,.F.,(4,1,4),(2,
2),(-0.0123267489916665,-0.00584565411441876,0.),(0.,0.02),
 .UNSPECIFIED.);
#81=B_SPLINE_SURFACE_WITH_KNOTS('',3,1,((#9234,#9235),(#9236,#9237),(#9238,
#9239),(#9240,#9241),(#9242,#9243)),.UNSPECIFIED.,.F.,.F.,.F.,(4,1,4),(2,
2),(-0.0142082524200503,-0.00746989848406337,0.),(0.,0.02),
 .UNSPECIFIED.);
#82=B_SPLINE_SURFACE_WITH_KNOTS('',3,1,((#9251,#9252),(#9253,#9254),(#9255,
#9256),(#9257,#9258),(#9259,#9260)),.UNSPECIFIED.,.F.,.F.,.F.,(4,1,4),(2,
2),(-0.0130460414222867,-0.00646600749666631,0.),(0.,0.02),
 .UNSPECIFIED.);
#83=B_SPLINE_SURFACE_WITH_KNOTS('',3,1,((#9268,#9269),(#9270,#9271),(#9272,
#9273),(#9274,#9275),(#9276,#9277)),.UNSPECIFIED.,.F.,.F.,.F.,(4,1,4),(2,
2),(-0.0136653130467429,-0.00682111481693143,0.),(0.,0.02),
 .UNSPECIFIED.);
#84=B_SPLINE_SURFACE_WITH_KNOTS('',3,1,((#9285,#9286),(#9287,#9288),(#9289,
#9290),(#9291,#9292),(#9293,#9294)),.UNSPECIFIED.,.F.,.F.,.F.,(4,1,4),(2,
2),(-0.0158741809480218,-0.00838730589268553,0.),(0.,0.02),
 .UNSPECIFIED.);
#85=B_SPLINE_SURFACE_WITH_KNOTS('',3,1,((#9302,#9303),(#9304,#9305),(#9306,
#9307),(#9308,#9309),(#9310,#9311)),.UNSPECIFIED.,.F.,.F.,.F.,(4,1,4),(2,
2),(-0.01301487855391,-0.00670208853272614,0.),(0.,0.02),.UNSPECIFIED.);
#86=B_SPLINE_SURFACE_WITH_KNOTS('',3,1,((#9319,#9320),(#9321,#9322),(#9323,
#9324),(#9325,#9326),(#9327,#9328)),.UNSPECIFIED.,.F.,.F.,.F.,(4,1,4),(2,
2),(-0.0124552992190673,-0.006229015767479,0.),(0.,0.02),.UNSPECIFIED.);
#87=B_SPLINE_SURFACE_WITH_KNOTS('',3,1,((#9336,#9337),(#9338,#9339),(#9340,
#9341),(#9342,#9343),(#9344,#9345)),.UNSPECIFIED.,.F.,.F.,.F.,(4,1,4),(2,
2),(-0.0141465796240194,-0.00727330382127283,0.),(0.,0.02),
 .UNSPECIFIED.);
#88=B_SPLINE_SURFACE_WITH_KNOTS('',3,1,((#9353,#9354),(#9355,#9356),(#9357,
#9358),(#9359,#9360),(#9361,#9362)),.UNSPECIFIED.,.F.,.F.,.F.,(4,1,4),(2,
2),(-0.0154109562523619,-0.00717953785444022,0.),(0.,0.02),
 .UNSPECIFIED.);
#89=B_SPLINE_SURFACE_WITH_KNOTS('',3,1,((#9378,#9379),(#9380,#9381),(#9382,
#9383),(#9384,#9385),(#9386,#9387)),.UNSPECIFIED.,.F.,.F.,.F.,(4,1,4),(2,
2),(-0.0109700356699965,-0.00618593189433274,0.),(0.,0.02),
 .UNSPECIFIED.);
#90=B_SPLINE_SURFACE_WITH_KNOTS('',3,1,((#9401,#9402),(#9403,#9404),(#9405,
#9406),(#9407,#9408),(#9409,#9410)),.UNSPECIFIED.,.F.,.F.,.F.,(4,1,4),(2,
2),(-0.00730262637030421,-0.00386465233218223,0.),(0.,0.02),
 .UNSPECIFIED.);
#91=B_SPLINE_SURFACE_WITH_KNOTS('',3,1,((#9424,#9425),(#9426,#9427),(#9428,
#9429),(#9430,#9431),(#9432,#9433)),.UNSPECIFIED.,.F.,.F.,.F.,(4,1,4),(2,
2),(-0.0103074636187857,-0.0048477920774377,0.),(0.,0.02),.UNSPECIFIED.);
#92=B_SPLINE_SURFACE_WITH_KNOTS('',3,1,((#9447,#9448),(#9449,#9450),(#9451,
#9452),(#9453,#9454),(#9455,#9456)),.UNSPECIFIED.,.F.,.F.,.F.,(4,1,4),(2,
2),(-0.0136560375416082,-0.00630621541170937,0.),(0.,0.02),
 .UNSPECIFIED.);
#93=B_SPLINE_SURFACE_WITH_KNOTS('',3,1,((#9470,#9471),(#9472,#9473),(#9474,
#9475),(#9476,#9477),(#9478,#9479)),.UNSPECIFIED.,.F.,.F.,.F.,(4,1,4),(2,
2),(-0.0174139603360194,-0.00975268086425008,0.),(0.,0.02),
 .UNSPECIFIED.);
#94=B_SPLINE_SURFACE_WITH_KNOTS('',3,1,((#9493,#9494),(#9495,#9496),(#9497,
#9498),(#9499,#9500),(#9501,#9502)),.UNSPECIFIED.,.F.,.F.,.F.,(4,1,4),(2,
2),(-0.0119622013064152,-0.00633964451504709,0.),(0.,0.02),
 .UNSPECIFIED.);
#95=B_SPLINE_SURFACE_WITH_KNOTS('',3,1,((#9516,#9517),(#9518,#9519),(#9520,
#9521),(#9522,#9523),(#9524,#9525)),.UNSPECIFIED.,.F.,.F.,.F.,(4,1,4),(2,
2),(-0.0121113491573604,-0.00497583192356713,0.),(0.,0.02),
 .UNSPECIFIED.);
#96=B_SPLINE_SURFACE_WITH_KNOTS('',3,1,((#9558,#9559),(#9560,#9561),(#9562,
#9563),(#9564,#9565),(#9566,#9567)),.UNSPECIFIED.,.F.,.F.,.F.,(4,1,4),(2,
2),(-0.0125202919647053,-0.00720251872096449,0.),(0.,0.02),
 .UNSPECIFIED.);
#97=B_SPLINE_SURFACE_WITH_KNOTS('',3,1,((#9575,#9576),(#9577,#9578),(#9579,
#9580),(#9581,#9582),(#9583,#9584)),.UNSPECIFIED.,.F.,.F.,.F.,(4,1,4),(2,
2),(-0.0115098992982425,-0.00590450469353441,0.),(0.,0.02),
 .UNSPECIFIED.);
#98=B_SPLINE_SURFACE_WITH_KNOTS('',3,1,((#9592,#9593),(#9594,#9595),(#9596,
#9597),(#9598,#9599),(#9600,#9601)),.UNSPECIFIED.,.F.,.F.,.F.,(4,1,4),(2,
2),(-0.0146720838878314,-0.00719997319314758,0.),(0.,0.02),
 .UNSPECIFIED.);
#99=B_SPLINE_SURFACE_WITH_KNOTS('',3,1,((#9609,#9610),(#9611,#9612),(#9613,
#9614),(#9615,#9616),(#9617,#9618)),.UNSPECIFIED.,.F.,.F.,.F.,(4,1,4),(2,
2),(-0.0169343275028426,-0.00806819041516547,0.),(0.,0.02),
 .UNSPECIFIED.);
#100=B_SPLINE_SURFACE_WITH_KNOTS('',3,1,((#9626,#9627),(#9628,#9629),(#9630,
#9631),(#9632,#9633),(#9634,#9635)),.UNSPECIFIED.,.F.,.F.,.F.,(4,1,4),(2,
2),(-0.0142939638679548,-0.00753485977392554,0.),(0.,0.02),
 .UNSPECIFIED.);
#101=B_SPLINE_SURFACE_WITH_KNOTS('',3,1,((#9643,#9644),(#9645,#9646),(#9647,
#9648),(#9649,#9650),(#9651,#9652)),.UNSPECIFIED.,.F.,.F.,.F.,(4,1,4),(2,
2),(-0.0112954527020234,-0.00601613434814016,0.),(0.,0.02),
 .UNSPECIFIED.);
#102=B_SPLINE_SURFACE_WITH_KNOTS('',3,1,((#9660,#9661),(#9662,#9663),(#9664,
#9665),(#9666,#9667),(#9668,#9669)),.UNSPECIFIED.,.F.,.F.,.F.,(4,1,4),(2,
2),(-0.0090338173248953,-0.0047221464596215,0.),(0.,0.02),.UNSPECIFIED.);
#103=B_SPLINE_SURFACE_WITH_KNOTS('',3,1,((#9677,#9678),(#9679,#9680),(#9681,
#9682),(#9683,#9684),(#9685,#9686)),.UNSPECIFIED.,.F.,.F.,.F.,(4,1,4),(2,
2),(-0.00909801803642624,-0.00432831172495179,0.),(0.,0.02),
 .UNSPECIFIED.);
#104=B_SPLINE_SURFACE_WITH_KNOTS('',3,1,((#9694,#9695),(#9696,#9697),(#9698,
#9699),(#9700,#9701),(#9702,#9703)),.UNSPECIFIED.,.F.,.F.,.F.,(4,1,4),(2,
2),(-0.0113279841889138,-0.00533402363742191,0.),(0.,0.02),
 .UNSPECIFIED.);
#105=B_SPLINE_SURFACE_WITH_KNOTS('',3,1,((#9770,#9771),(#9772,#9773),(#9774,
#9775),(#9776,#9777),(#9778,#9779)),.UNSPECIFIED.,.F.,.F.,.F.,(4,1,4),(2,
2),(-0.0163431255252118,-0.0084169158146444,0.),(0.,0.02),.UNSPECIFIED.);
#106=B_SPLINE_SURFACE_WITH_KNOTS('',3,1,((#9787,#9788),(#9789,#9790),(#9791,
#9792),(#9793,#9794),(#9795,#9796)),.UNSPECIFIED.,.F.,.F.,.F.,(4,1,4),(2,
2),(-0.0152117191376541,-0.00763622042774877,0.),(0.,0.02),
 .UNSPECIFIED.);
#107=B_SPLINE_SURFACE_WITH_KNOTS('',3,1,((#9804,#9805),(#9806,#9807),(#9808,
#9809),(#9810,#9811),(#9812,#9813)),.UNSPECIFIED.,.F.,.F.,.F.,(4,1,4),(2,
2),(-0.019399755326734,-0.00990400401797913,0.),(0.,0.02),.UNSPECIFIED.);
#108=B_SPLINE_SURFACE_WITH_KNOTS('',3,1,((#9821,#9822),(#9823,#9824),(#9825,
#9826),(#9827,#9828),(#9829,#9830)),.UNSPECIFIED.,.F.,.F.,.F.,(4,1,4),(2,
2),(-0.0182541637009654,-0.00915779288808345,0.),(0.,0.02),
 .UNSPECIFIED.);
#109=B_SPLINE_SURFACE_WITH_KNOTS('',3,1,((#9838,#9839),(#9840,#9841),(#9842,
#9843),(#9844,#9845),(#9846,#9847)),.UNSPECIFIED.,.F.,.F.,.F.,(4,1,4),(2,
2),(-0.0192973218179827,-0.00941440250494592,0.),(0.,0.02),
 .UNSPECIFIED.);
#110=B_SPLINE_SURFACE_WITH_KNOTS('',3,1,((#9855,#9856),(#9857,#9858),(#9859,
#9860),(#9861,#9862),(#9863,#9864)),.UNSPECIFIED.,.F.,.F.,.F.,(4,1,4),(2,
2),(-0.0196757870981546,-0.00993567781200908,0.),(0.,0.02),
 .UNSPECIFIED.);
#111=B_SPLINE_SURFACE_WITH_KNOTS('',3,1,((#9872,#9873),(#9874,#9875),(#9876,
#9877),(#9878,#9879),(#9880,#9881)),.UNSPECIFIED.,.F.,.F.,.F.,(4,1,4),(2,
2),(-0.0182425782971076,-0.00931177244153368,0.),(0.,0.02),
 .UNSPECIFIED.);
#112=B_SPLINE_SURFACE_WITH_KNOTS('',3,1,((#9889,#9890),(#9891,#9892),(#9893,
#9894),(#9895,#9896),(#9897,#9898)),.UNSPECIFIED.,.F.,.F.,.F.,(4,1,4),(2,
2),(-0.0191194587849575,-0.00921280528886077,0.),(0.,0.02),
 .UNSPECIFIED.);
#113=B_SPLINE_SURFACE_WITH_KNOTS('',3,1,((#9906,#9907),(#9908,#9909),(#9910,
#9911),(#9912,#9913),(#9914,#9915)),.UNSPECIFIED.,.F.,.F.,.F.,(4,1,4),(2,
2),(-0.0140105257391495,-0.00725409896432828,0.),(0.,0.02),
 .UNSPECIFIED.);
#114=B_SPLINE_SURFACE_WITH_KNOTS('',3,1,((#9923,#9924),(#9925,#9926),(#9927,
#9928),(#9929,#9930),(#9931,#9932)),.UNSPECIFIED.,.F.,.F.,.F.,(4,1,4),(2,
2),(-0.0119141850127474,-0.00621407206330386,0.),(0.,0.02),
 .UNSPECIFIED.);
#115=B_SPLINE_SURFACE_WITH_KNOTS('',3,1,((#9940,#9941),(#9942,#9943),(#9944,
#9945),(#9946,#9947),(#9948,#9949)),.UNSPECIFIED.,.F.,.F.,.F.,(4,1,4),(2,
2),(-0.0126951561697451,-0.00591857530721238,0.),(0.,0.02),
 .UNSPECIFIED.);
#116=B_SPLINE_SURFACE_WITH_KNOTS('',3,1,((#9961,#9962),(#9963,#9964),(#9965,
#9966),(#9967,#9968),(#9969,#9970)),.UNSPECIFIED.,.F.,.F.,.F.,(4,1,4),(2,
2),(-0.00930860307107835,-0.00509125598851826,0.),(0.,0.02),
 .UNSPECIFIED.);
#117=B_SPLINE_SURFACE_WITH_KNOTS('',3,1,((#9978,#9979),(#9980,#9981),(#9982,
#9983),(#9984,#9985),(#9986,#9987)),.UNSPECIFIED.,.F.,.F.,.F.,(4,1,4),(2,
2),(-0.0083557585029595,-0.00395507039936131,0.),(0.,0.02),
 .UNSPECIFIED.);
#118=B_SPLINE_SURFACE_WITH_KNOTS('',3,1,((#9995,#9996),(#9997,#9998),(#9999,
#10000),(#10001,#10002),(#10003,#10004)),.UNSPECIFIED.,.F.,.F.,.F.,(4,1,
4),(2,2),(-0.00986898282397107,-0.00478676470211273,0.),(0.,0.02),
 .UNSPECIFIED.);
#119=B_SPLINE_SURFACE_WITH_KNOTS('',3,1,((#10012,#10013),(#10014,#10015),
(#10016,#10017),(#10018,#10019),(#10020,#10021)),.UNSPECIFIED.,.F.,.F.,
 .F.,(4,1,4),(2,2),(-0.0112056773678725,-0.0059405773123253,0.),(0.,0.02),
 .UNSPECIFIED.);
#120=B_SPLINE_SURFACE_WITH_KNOTS('',3,1,((#10029,#10030),(#10031,#10032),
(#10033,#10034),(#10035,#10036),(#10037,#10038)),.UNSPECIFIED.,.F.,.F.,
 .F.,(4,1,4),(2,2),(-0.00909490994233379,-0.00474505786674984,0.),(0.,0.02),
 .UNSPECIFIED.);
#121=B_SPLINE_SURFACE_WITH_KNOTS('',3,1,((#10046,#10047),(#10048,#10049),
(#10050,#10051),(#10052,#10053),(#10054,#10055)),.UNSPECIFIED.,.F.,.F.,
 .F.,(4,1,4),(2,2),(-0.0082422491118675,-0.00416028266602605,0.),(0.,0.02),
 .UNSPECIFIED.);
#122=B_SPLINE_SURFACE_WITH_KNOTS('',3,1,((#10063,#10064),(#10065,#10066),
(#10067,#10068),(#10069,#10070),(#10071,#10072)),.UNSPECIFIED.,.F.,.F.,
 .F.,(4,1,4),(2,2),(-0.0144072744949017,-0.0070592752964001,0.),(0.,0.02),
 .UNSPECIFIED.);
#123=B_SPLINE_SURFACE_WITH_KNOTS('',3,1,((#10080,#10081),(#10082,#10083),
(#10084,#10085),(#10086,#10087),(#10088,#10089)),.UNSPECIFIED.,.F.,.F.,
 .F.,(4,1,4),(2,2),(-0.0161013521175397,-0.00863250220869663,0.),(0.,0.02),
 .UNSPECIFIED.);
#124=B_SPLINE_SURFACE_WITH_KNOTS('',3,1,((#10097,#10098),(#10099,#10100),
(#10101,#10102),(#10103,#10104),(#10105,#10106)),.UNSPECIFIED.,.F.,.F.,
 .F.,(4,1,4),(2,2),(-0.0134313837115225,-0.00676845018609798,0.),(0.,0.02),
 .UNSPECIFIED.);
#125=B_SPLINE_SURFACE_WITH_KNOTS('',3,1,((#10114,#10115),(#10116,#10117),
(#10118,#10119),(#10120,#10121),(#10122,#10123)),.UNSPECIFIED.,.F.,.F.,
 .F.,(4,1,4),(2,2),(-0.0135273537815585,-0.00675154056438397,0.),(0.,0.02),
 .UNSPECIFIED.);
#126=B_SPLINE_SURFACE_WITH_KNOTS('',3,1,((#10131,#10132),(#10133,#10134),
(#10135,#10136),(#10137,#10138),(#10139,#10140)),.UNSPECIFIED.,.F.,.F.,
 .F.,(4,1,4),(2,2),(-0.0120287920842925,-0.00597287294802625,0.),(0.,0.02),
 .UNSPECIFIED.);
#127=B_SPLINE_SURFACE_WITH_KNOTS('',3,1,((#10148,#10149),(#10150,#10151),
(#10152,#10153),(#10154,#10155),(#10156,#10157)),.UNSPECIFIED.,.F.,.F.,
 .F.,(4,1,4),(2,2),(-0.0100312111692126,-0.0055771938572969,0.),(0.,0.02),
 .UNSPECIFIED.);
#128=B_SPLINE_SURFACE_WITH_KNOTS('',3,1,((#10178,#10179),(#10180,#10181),
(#10182,#10183),(#10184,#10185),(#10186,#10187)),.UNSPECIFIED.,.F.,.F.,
 .F.,(4,1,4),(2,2),(-0.0205986875204347,-0.0108519190344833,0.),(0.,0.02),
 .UNSPECIFIED.);
#129=B_SPLINE_SURFACE_WITH_KNOTS('',3,1,((#10195,#10196),(#10197,#10198),
(#10199,#10200),(#10201,#10202),(#10203,#10204)),.UNSPECIFIED.,.F.,.F.,
 .F.,(4,1,4),(2,2),(-0.0197389384864071,-0.00953540110129014,0.),(0.,0.02),
 .UNSPECIFIED.);
#130=B_SPLINE_SURFACE_WITH_KNOTS('',3,1,((#10212,#10213),(#10214,#10215),
(#10216,#10217),(#10218,#10219),(#10220,#10221)),.UNSPECIFIED.,.F.,.F.,
 .F.,(4,1,4),(2,2),(-0.0191743303284685,-0.0103245098655428,0.),(0.,0.02),
 .UNSPECIFIED.);
#131=B_SPLINE_SURFACE_WITH_KNOTS('',3,1,((#10229,#10230),(#10231,#10232),
(#10233,#10234),(#10235,#10236),(#10237,#10238)),.UNSPECIFIED.,.F.,.F.,
 .F.,(4,1,4),(2,2),(-0.017361334436025,-0.00841372178708937,0.),(0.,0.02),
 .UNSPECIFIED.);
#132=B_SPLINE_SURFACE_WITH_KNOTS('',3,1,((#10246,#10247),(#10248,#10249),
(#10250,#10251),(#10252,#10253),(#10254,#10255)),.UNSPECIFIED.,.F.,.F.,
 .F.,(4,1,4),(2,2),(-0.0192249026793376,-0.00947593015381202,0.),(0.,0.02),
 .UNSPECIFIED.);
#133=B_SPLINE_SURFACE_WITH_KNOTS('',3,1,((#10263,#10264),(#10265,#10266),
(#10267,#10268),(#10269,#10270),(#10271,#10272)),.UNSPECIFIED.,.F.,.F.,
 .F.,(4,1,4),(2,2),(-0.0196678402213254,-0.0102893408089587,0.),(0.,0.02),
 .UNSPECIFIED.);
#134=B_SPLINE_SURFACE_WITH_KNOTS('',3,1,((#10280,#10281),(#10282,#10283),
(#10284,#10285),(#10286,#10287),(#10288,#10289)),.UNSPECIFIED.,.F.,.F.,
 .F.,(4,1,4),(2,2),(-0.0173557626196725,-0.00877022782606314,0.),(0.,0.02),
 .UNSPECIFIED.);
#135=B_SPLINE_SURFACE_WITH_KNOTS('',3,1,((#10297,#10298),(#10299,#10300),
(#10301,#10302),(#10303,#10304),(#10305,#10306)),.UNSPECIFIED.,.F.,.F.,
 .F.,(4,1,4),(2,2),(-0.0176354268476463,-0.00869743256880039,0.),(0.,0.02),
 .UNSPECIFIED.);
#136=B_SPLINE_SURFACE_WITH_KNOTS('',3,1,((#10314,#10315),(#10316,#10317),
(#10318,#10319),(#10320,#10321),(#10322,#10323)),.UNSPECIFIED.,.F.,.F.,
 .F.,(4,1,4),(2,2),(-0.0187084843072817,-0.00976114995232333,0.),(0.,0.02),
 .UNSPECIFIED.);
#137=B_SPLINE_SURFACE_WITH_KNOTS('',3,1,((#10331,#10332),(#10333,#10334),
(#10335,#10336),(#10337,#10338),(#10339,#10340)),.UNSPECIFIED.,.F.,.F.,
 .F.,(4,1,4),(2,2),(-0.0183002733831955,-0.00884970038270104,0.),(0.,0.02),
 .UNSPECIFIED.);
#138=B_SPLINE_SURFACE_WITH_KNOTS('',3,1,((#10352,#10353),(#10354,#10355),
(#10356,#10357),(#10358,#10359),(#10360,#10361)),.UNSPECIFIED.,.F.,.F.,
 .F.,(4,1,4),(2,2),(-0.0133384300811562,-0.00724453246648332,0.),(0.,0.02),
 .UNSPECIFIED.);
#139=B_SPLINE_SURFACE_WITH_KNOTS('',3,1,((#10369,#10370),(#10371,#10372),
(#10373,#10374),(#10375,#10376),(#10377,#10378)),.UNSPECIFIED.,.F.,.F.,
 .F.,(4,1,4),(2,2),(-0.012326748272743,-0.00584566077842158,0.),(0.,0.02),
 .UNSPECIFIED.);
#140=B_SPLINE_SURFACE_WITH_KNOTS('',3,1,((#10386,#10387),(#10388,#10389),
(#10390,#10391),(#10392,#10393),(#10394,#10395)),.UNSPECIFIED.,.F.,.F.,
 .F.,(4,1,4),(2,2),(-0.0142082524200503,-0.00746989848406337,0.),(0.,0.02),
 .UNSPECIFIED.);
#141=B_SPLINE_SURFACE_WITH_KNOTS('',3,1,((#10403,#10404),(#10405,#10406),
(#10407,#10408),(#10409,#10410),(#10411,#10412)),.UNSPECIFIED.,.F.,.F.,
 .F.,(4,1,4),(2,2),(-0.0130460429048365,-0.00646600218038725,0.),(0.,0.02),
 .UNSPECIFIED.);
#142=B_SPLINE_SURFACE_WITH_KNOTS('',3,1,((#10420,#10421),(#10422,#10423),
(#10424,#10425),(#10426,#10427),(#10428,#10429)),.UNSPECIFIED.,.F.,.F.,
 .F.,(4,1,4),(2,2),(-0.0136653112473807,-0.00682111301756927,0.),(0.,0.02),
 .UNSPECIFIED.);
#143=B_SPLINE_SURFACE_WITH_KNOTS('',3,1,((#10437,#10438),(#10439,#10440),
(#10441,#10442),(#10443,#10444),(#10445,#10446)),.UNSPECIFIED.,.F.,.F.,
 .F.,(4,1,4),(2,2),(-0.0158741842546758,-0.00838730531477044,0.),(0.,0.02),
 .UNSPECIFIED.);
#144=B_SPLINE_SURFACE_WITH_KNOTS('',3,1,((#10454,#10455),(#10456,#10457),
(#10458,#10459),(#10460,#10461),(#10462,#10463)),.UNSPECIFIED.,.F.,.F.,
 .F.,(4,1,4),(2,2),(-0.013014876790771,-0.00670208114112312,0.),(0.,0.02),
 .UNSPECIFIED.);
#145=B_SPLINE_SURFACE_WITH_KNOTS('',3,1,((#10471,#10472),(#10473,#10474),
(#10475,#10476),(#10477,#10478),(#10479,#10480)),.UNSPECIFIED.,.F.,.F.,
 .F.,(4,1,4),(2,2),(-0.0124552918339686,-0.006229015767479,0.),(0.,0.02),
 .UNSPECIFIED.);
#146=B_SPLINE_SURFACE_WITH_KNOTS('',3,1,((#10488,#10489),(#10490,#10491),
(#10492,#10493),(#10494,#10495),(#10496,#10497)),.UNSPECIFIED.,.F.,.F.,
 .F.,(4,1,4),(2,2),(-0.0141465869854004,-0.00727331118265385,0.),(0.,0.02),
 .UNSPECIFIED.);
#147=B_SPLINE_SURFACE_WITH_KNOTS('',3,1,((#10505,#10506),(#10507,#10508),
(#10509,#10510),(#10511,#10512),(#10513,#10514)),.UNSPECIFIED.,.F.,.F.,
 .F.,(4,1,4),(2,2),(-0.0154109562523619,-0.00717953785444022,0.),(0.,0.02),
 .UNSPECIFIED.);
#148=B_SPLINE_SURFACE_WITH_KNOTS('',3,1,((#10527,#10528),(#10529,#10530),
(#10531,#10532),(#10533,#10534),(#10535,#10536)),.UNSPECIFIED.,.F.,.F.,
 .F.,(4,1,4),(2,2),(-0.0205986833269615,-0.0108519246321572,0.),(0.,0.02),
 .UNSPECIFIED.);
#149=B_SPLINE_SURFACE_WITH_KNOTS('',3,1,((#10544,#10545),(#10546,#10547),
(#10548,#10549),(#10550,#10551),(#10552,#10553)),.UNSPECIFIED.,.F.,.F.,
 .F.,(4,1,4),(2,2),(-0.0197389303178027,-0.00953540767235866,0.),(0.,0.02),
 .UNSPECIFIED.);
#150=B_SPLINE_SURFACE_WITH_KNOTS('',3,1,((#10561,#10562),(#10563,#10564),
(#10565,#10566),(#10567,#10568),(#10569,#10570)),.UNSPECIFIED.,.F.,.F.,
 .F.,(4,1,4),(2,2),(-0.0191743382775559,-0.0103245246736641,0.),(0.,0.02),
 .UNSPECIFIED.);
#151=B_SPLINE_SURFACE_WITH_KNOTS('',3,1,((#10578,#10579),(#10580,#10581),
(#10582,#10583),(#10584,#10585),(#10586,#10587)),.UNSPECIFIED.,.F.,.F.,
 .F.,(4,1,4),(2,2),(-0.0173613323902207,-0.00841372731558791,0.),(0.,0.02),
 .UNSPECIFIED.);
#152=B_SPLINE_SURFACE_WITH_KNOTS('',3,1,((#10595,#10596),(#10597,#10598),
(#10599,#10600),(#10601,#10602),(#10603,#10604)),.UNSPECIFIED.,.F.,.F.,
 .F.,(4,1,4),(2,2),(-0.0192249048615374,-0.00947593233601186,0.),(0.,0.02),
 .UNSPECIFIED.);
#153=B_SPLINE_SURFACE_WITH_KNOTS('',3,1,((#10612,#10613),(#10614,#10615),
(#10616,#10617),(#10618,#10619),(#10620,#10621)),.UNSPECIFIED.,.F.,.F.,
 .F.,(4,1,4),(2,2),(-0.019667836755239,-0.0102893423216238,0.),(0.,0.02),
 .UNSPECIFIED.);
#154=B_SPLINE_SURFACE_WITH_KNOTS('',3,1,((#10629,#10630),(#10631,#10632),
(#10633,#10634),(#10635,#10636),(#10637,#10638)),.UNSPECIFIED.,.F.,.F.,
 .F.,(4,1,4),(2,2),(-0.0173557609940017,-0.00877023212587138,0.),(0.,0.02),
 .UNSPECIFIED.);
#155=B_SPLINE_SURFACE_WITH_KNOTS('',3,1,((#10646,#10647),(#10648,#10649),
(#10650,#10651),(#10652,#10653),(#10654,#10655)),.UNSPECIFIED.,.F.,.F.,
 .F.,(4,1,4),(2,2),(-0.0176354268476463,-0.00869743256880039,0.),(0.,0.02),
 .UNSPECIFIED.);
#156=B_SPLINE_SURFACE_WITH_KNOTS('',3,1,((#10663,#10664),(#10665,#10666),
(#10667,#10668),(#10669,#10670),(#10671,#10672)),.UNSPECIFIED.,.F.,.F.,
 .F.,(4,1,4),(2,2),(-0.018708485027622,-0.00976115733268513,0.),(0.,0.02),
 .UNSPECIFIED.);
#157=B_SPLINE_SURFACE_WITH_KNOTS('',3,1,((#10680,#10681),(#10682,#10683),
(#10684,#10685),(#10686,#10687),(#10688,#10689)),.UNSPECIFIED.,.F.,.F.,
 .F.,(4,1,4),(2,2),(-0.0183002733831955,-0.00884970038270104,0.),(0.,0.02),
 .UNSPECIFIED.);
#158=B_SPLINE_SURFACE_WITH_KNOTS('',3,1,((#10701,#10702),(#10703,#10704),
(#10705,#10706),(#10707,#10708),(#10709,#10710)),.UNSPECIFIED.,.F.,.F.,
 .F.,(4,1,4),(2,2),(-0.0133384339256367,-0.00724452632810666,0.),(0.,0.02),
 .UNSPECIFIED.);
#159=B_SPLINE_SURFACE_WITH_KNOTS('',3,1,((#10718,#10719),(#10720,#10721),
(#10722,#10723),(#10724,#10725),(#10726,#10727)),.UNSPECIFIED.,.F.,.F.,
 .F.,(4,1,4),(2,2),(-0.0123267489916665,-0.00584565411441876,0.),(0.,0.02),
 .UNSPECIFIED.);
#160=B_SPLINE_SURFACE_WITH_KNOTS('',3,1,((#10735,#10736),(#10737,#10738),
(#10739,#10740),(#10741,#10742),(#10743,#10744)),.UNSPECIFIED.,.F.,.F.,
 .F.,(4,1,4),(2,2),(-0.0142082524200503,-0.00746989848406337,0.),(0.,0.02),
 .UNSPECIFIED.);
#161=B_SPLINE_SURFACE_WITH_KNOTS('',3,1,((#10752,#10753),(#10754,#10755),
(#10756,#10757),(#10758,#10759),(#10760,#10761)),.UNSPECIFIED.,.F.,.F.,
 .F.,(4,1,4),(2,2),(-0.0130460414222867,-0.00646600749666631,0.),(0.,0.02),
 .UNSPECIFIED.);
#162=B_SPLINE_SURFACE_WITH_KNOTS('',3,1,((#10769,#10770),(#10771,#10772),
(#10773,#10774),(#10775,#10776),(#10777,#10778)),.UNSPECIFIED.,.F.,.F.,
 .F.,(4,1,4),(2,2),(-0.0136653130467429,-0.00682111481693143,0.),(0.,0.02),
 .UNSPECIFIED.);
#163=B_SPLINE_SURFACE_WITH_KNOTS('',3,1,((#10786,#10787),(#10788,#10789),
(#10790,#10791),(#10792,#10793),(#10794,#10795)),.UNSPECIFIED.,.F.,.F.,
 .F.,(4,1,4),(2,2),(-0.0158741809480218,-0.00838730589268553,0.),(0.,0.02),
 .UNSPECIFIED.);
#164=B_SPLINE_SURFACE_WITH_KNOTS('',3,1,((#10803,#10804),(#10805,#10806),
(#10807,#10808),(#10809,#10810),(#10811,#10812)),.UNSPECIFIED.,.F.,.F.,
 .F.,(4,1,4),(2,2),(-0.01301487855391,-0.00670208853272614,0.),(0.,0.02),
 .UNSPECIFIED.);
#165=B_SPLINE_SURFACE_WITH_KNOTS('',3,1,((#10820,#10821),(#10822,#10823),
(#10824,#10825),(#10826,#10827),(#10828,#10829)),.UNSPECIFIED.,.F.,.F.,
 .F.,(4,1,4),(2,2),(-0.0124552992190673,-0.006229015767479,0.),(0.,0.02),
 .UNSPECIFIED.);
#166=B_SPLINE_SURFACE_WITH_KNOTS('',3,1,((#10837,#10838),(#10839,#10840),
(#10841,#10842),(#10843,#10844),(#10845,#10846)),.UNSPECIFIED.,.F.,.F.,
 .F.,(4,1,4),(2,2),(-0.0141465796240194,-0.00727330382127283,0.),(0.,0.02),
 .UNSPECIFIED.);
#167=B_SPLINE_SURFACE_WITH_KNOTS('',3,1,((#10854,#10855),(#10856,#10857),
(#10858,#10859),(#10860,#10861),(#10862,#10863)),.UNSPECIFIED.,.F.,.F.,
 .F.,(4,1,4),(2,2),(-0.0154109562523619,-0.00717953785444022,0.),(0.,0.02),
 .UNSPECIFIED.);
#168=B_SPLINE_SURFACE_WITH_KNOTS('',3,1,((#10876,#10877),(#10878,#10879),
(#10880,#10881),(#10882,#10883),(#10884,#10885)),.UNSPECIFIED.,.F.,.F.,
 .F.,(4,1,4),(2,2),(-0.00915426158762109,-0.00489110265517762,0.),(0.,0.02),
 .UNSPECIFIED.);
#169=B_SPLINE_SURFACE_WITH_KNOTS('',3,1,((#10893,#10894),(#10895,#10896),
(#10897,#10898),(#10899,#10900),(#10901,#10902)),.UNSPECIFIED.,.F.,.F.,
 .F.,(4,1,4),(2,2),(-0.00899281489174127,-0.0042006806106966,0.),(0.,0.02),
 .UNSPECIFIED.);
#170=B_SPLINE_SURFACE_WITH_KNOTS('',3,1,((#10910,#10911),(#10912,#10913),
(#10914,#10915),(#10916,#10917),(#10918,#10919)),.UNSPECIFIED.,.F.,.F.,
 .F.,(4,1,4),(2,2),(-0.0110010285257922,-0.00530711137687775,0.),(0.,0.02),
 .UNSPECIFIED.);
#171=B_SPLINE_SURFACE_WITH_KNOTS('',3,1,((#10927,#10928),(#10929,#10930),
(#10931,#10932),(#10933,#10934),(#10935,#10936)),.UNSPECIFIED.,.F.,.F.,
 .F.,(4,1,4),(2,2),(-0.00953133612141993,-0.0050052954151223,0.),(0.,0.02),
 .UNSPECIFIED.);
#172=B_SPLINE_SURFACE_WITH_KNOTS('',3,1,((#10944,#10945),(#10946,#10947),
(#10948,#10949),(#10950,#10951),(#10952,#10953)),.UNSPECIFIED.,.F.,.F.,
 .F.,(4,1,4),(2,2),(-0.00750531295448477,-0.00400217286776024,0.),(0.,0.02),
 .UNSPECIFIED.);
#173=B_SPLINE_SURFACE_WITH_KNOTS('',3,1,((#10961,#10962),(#10963,#10964),
(#10965,#10966),(#10967,#10968),(#10969,#10970)),.UNSPECIFIED.,.F.,.F.,
 .F.,(4,1,4),(2,2),(-0.006393430877048,-0.00323278086520551,0.),(0.,0.02),
 .UNSPECIFIED.);
#174=B_SPLINE_SURFACE_WITH_KNOTS('',3,1,((#10978,#10979),(#10980,#10981),
(#10982,#10983),(#10984,#10985),(#10986,#10987)),.UNSPECIFIED.,.F.,.F.,
 .F.,(4,1,4),(2,2),(-0.00615071595056487,-0.00312250164582129,0.),(0.,0.02),
 .UNSPECIFIED.);
#175=B_SPLINE_SURFACE_WITH_KNOTS('',3,1,((#10995,#10996),(#10997,#10998),
(#10999,#11000),(#11001,#11002),(#11003,#11004)),.UNSPECIFIED.,.F.,.F.,
 .F.,(4,1,4),(2,2),(-0.00760377402727232,-0.0033943401260827,0.),(0.,0.02),
 .UNSPECIFIED.);
#176=B_SPLINE_SURFACE_WITH_KNOTS('',3,1,((#11012,#11013),(#11014,#11015),
(#11016,#11017),(#11018,#11019),(#11020,#11021)),.UNSPECIFIED.,.F.,.F.,
 .F.,(4,1,4),(2,2),(-0.0129257909011645,-0.00473665800198396,0.),(0.,0.02),
 .UNSPECIFIED.);
#177=B_SPLINE_SURFACE_WITH_KNOTS('',3,1,((#11029,#11030),(#11031,#11032),
(#11033,#11034),(#11035,#11036),(#11037,#11038)),.UNSPECIFIED.,.F.,.F.,
 .F.,(4,1,4),(2,2),(-0.0142230501885943,-0.0085039846147453,0.),(0.,0.02),
 .UNSPECIFIED.);
#178=B_SPLINE_SURFACE_WITH_KNOTS('',3,1,((#11046,#11047),(#11048,#11049),
(#11050,#11051),(#11052,#11053),(#11054,#11055)),.UNSPECIFIED.,.F.,.F.,
 .F.,(4,1,4),(2,2),(-0.0100030182301029,-0.00527248552924392,0.),(0.,0.02),
 .UNSPECIFIED.);
#179=B_SPLINE_SURFACE_WITH_KNOTS('',3,1,((#11063,#11064),(#11065,#11066),
(#11067,#11068),(#11069,#11070),(#11071,#11072)),.UNSPECIFIED.,.F.,.F.,
 .F.,(4,1,4),(2,2),(-0.009148765597243,-0.00451790699087039,0.),(0.,0.02),
 .UNSPECIFIED.);
#180=B_SPLINE_SURFACE_WITH_KNOTS('',3,1,((#11080,#11081),(#11082,#11083),
(#11084,#11085),(#11086,#11087),(#11088,#11089)),.UNSPECIFIED.,.F.,.F.,
 .F.,(4,1,4),(2,2),(-0.0104683865678066,-0.00518190854499569,0.),(0.,0.02),
 .UNSPECIFIED.);
#181=B_SPLINE_SURFACE_WITH_KNOTS('',3,1,((#11097,#11098),(#11099,#11100),
(#11101,#11102),(#11103,#11104),(#11105,#11106)),.UNSPECIFIED.,.F.,.F.,
 .F.,(4,1,4),(2,2),(-0.0113632574717875,-0.00548801980367805,0.),(0.,0.02),
 .UNSPECIFIED.);
#182=B_SPLINE_SURFACE_WITH_KNOTS('',3,1,((#11114,#11115),(#11116,#11117),
(#11118,#11119),(#11120,#11121),(#11122,#11123)),.UNSPECIFIED.,.F.,.F.,
 .F.,(4,1,4),(2,2),(-0.0131282079948917,-0.00635730842669751,0.),(0.,0.02),
 .UNSPECIFIED.);
#183=B_SPLINE_SURFACE_WITH_KNOTS('',3,1,((#11131,#11132),(#11133,#11134),
(#11135,#11136),(#11137,#11138),(#11139,#11140)),.UNSPECIFIED.,.F.,.F.,
 .F.,(4,1,4),(2,2),(-0.0140248683467172,-0.00735026589714979,0.),(0.,0.02),
 .UNSPECIFIED.);
#184=B_SPLINE_SURFACE_WITH_KNOTS('',3,1,((#11148,#11149),(#11150,#11151),
(#11152,#11153),(#11154,#11155),(#11156,#11157)),.UNSPECIFIED.,.F.,.F.,
 .F.,(4,1,4),(2,2),(-0.0118832563132213,-0.00610296138636223,0.),(0.,0.02),
 .UNSPECIFIED.);
#185=B_SPLINE_SURFACE_WITH_KNOTS('',3,1,((#11165,#11166),(#11167,#11168),
(#11169,#11170),(#11171,#11172),(#11173,#11174)),.UNSPECIFIED.,.F.,.F.,
 .F.,(4,1,4),(2,2),(-0.0116643515203918,-0.00574553516582166,0.),(0.,0.02),
 .UNSPECIFIED.);
#186=B_SPLINE_SURFACE_WITH_KNOTS('',3,1,((#11186,#11187),(#11188,#11189),
(#11190,#11191),(#11192,#11193),(#11194,#11195)),.UNSPECIFIED.,.F.,.F.,
 .F.,(4,1,4),(2,2),(-0.0113617024847805,-0.00603316616681953,0.),(0.,0.02),
 .UNSPECIFIED.);
#187=B_SPLINE_SURFACE_WITH_KNOTS('',3,1,((#11203,#11204),(#11205,#11206),
(#11207,#11208),(#11209,#11210),(#11211,#11212)),.UNSPECIFIED.,.F.,.F.,
 .F.,(4,1,4),(2,2),(-0.0128474769593489,-0.00571220808224671,0.),(0.,0.02),
 .UNSPECIFIED.);
#188=B_SPLINE_SURFACE_WITH_KNOTS('',3,1,((#11220,#11221),(#11222,#11223),
(#11224,#11225),(#11226,#11227),(#11228,#11229)),.UNSPECIFIED.,.F.,.F.,
 .F.,(4,1,4),(2,2),(-0.0127975657069301,-0.00730450583075202,0.),(0.,0.02),
 .UNSPECIFIED.);
#189=B_SPLINE_SURFACE_WITH_KNOTS('',3,1,((#11237,#11238),(#11239,#11240),
(#11241,#11242),(#11243,#11244),(#11245,#11246)),.UNSPECIFIED.,.F.,.F.,
 .F.,(4,1,4),(2,2),(-0.00859656649436447,-0.00445473024346887,0.),(0.,0.02),
 .UNSPECIFIED.);
#190=B_SPLINE_SURFACE_WITH_KNOTS('',3,1,((#11254,#11255),(#11256,#11257),
(#11258,#11259),(#11260,#11261),(#11262,#11263)),.UNSPECIFIED.,.F.,.F.,
 .F.,(4,1,4),(2,2),(-0.00694504376353558,-0.00350461179831715,0.),(0.,0.02),
 .UNSPECIFIED.);
#191=B_SPLINE_SURFACE_WITH_KNOTS('',3,1,((#11271,#11272),(#11273,#11274),
(#11275,#11276),(#11277,#11278),(#11279,#11280)),.UNSPECIFIED.,.F.,.F.,
 .F.,(4,1,4),(2,2),(-0.0149017601774365,-0.00542143541706862,0.),(0.,0.02),
 .UNSPECIFIED.);
#192=B_SPLINE_SURFACE_WITH_KNOTS('',3,1,((#11288,#11289),(#11290,#11291),
(#11292,#11293),(#11294,#11295),(#11296,#11297)),.UNSPECIFIED.,.F.,.F.,
 .F.,(4,1,4),(2,2),(-0.0161396007968698,-0.00981620882476349,0.),(0.,0.02),
 .UNSPECIFIED.);
#193=B_SPLINE_SURFACE_WITH_KNOTS('',3,1,((#11305,#11306),(#11307,#11308),
(#11309,#11310),(#11311,#11312),(#11313,#11314)),.UNSPECIFIED.,.F.,.F.,
 .F.,(4,1,4),(2,2),(-0.0116153017213643,-0.00619796329413762,0.),(0.,0.02),
 .UNSPECIFIED.);
#194=B_SPLINE_SURFACE_WITH_KNOTS('',3,1,((#11322,#11323),(#11324,#11325),
(#11326,#11327),(#11328,#11329),(#11330,#11331)),.UNSPECIFIED.,.F.,.F.,
 .F.,(4,1,4),(2,2),(-0.0104930079990686,-0.00513716683909002,0.),(0.,0.02),
 .UNSPECIFIED.);
#195=B_SPLINE_SURFACE_WITH_KNOTS('',3,1,((#11339,#11340),(#11341,#11342),
(#11343,#11344),(#11345,#11346),(#11347,#11348)),.UNSPECIFIED.,.F.,.F.,
 .F.,(4,1,4),(2,2),(-0.0111232056260259,-0.00548410984687333,0.),(0.,0.02),
 .UNSPECIFIED.);
#196=B_SPLINE_SURFACE_WITH_KNOTS('',3,1,((#11356,#11357),(#11358,#11359),
(#11360,#11361),(#11362,#11363),(#11364,#11365)),.UNSPECIFIED.,.F.,.F.,
 .F.,(4,1,4),(2,2),(-0.0121082980766936,-0.00587266719405679,0.),(0.,0.02),
 .UNSPECIFIED.);
#197=B_SPLINE_SURFACE_WITH_KNOTS('',3,1,((#11373,#11374),(#11375,#11376),
(#11377,#11378),(#11379,#11380),(#11381,#11382)),.UNSPECIFIED.,.F.,.F.,
 .F.,(4,1,4),(2,2),(-0.0138467222805265,-0.00669314784353109,0.),(0.,0.02),
 .UNSPECIFIED.);
#198=B_SPLINE_SURFACE_WITH_KNOTS('',3,1,((#11390,#11391),(#11392,#11393),
(#11394,#11395),(#11396,#11397),(#11398,#11399)),.UNSPECIFIED.,.F.,.F.,
 .F.,(4,1,4),(2,2),(-0.0162456106296617,-0.00875949880827408,0.),(0.,0.02),
 .UNSPECIFIED.);
#199=B_SPLINE_SURFACE_WITH_KNOTS('',3,1,((#11407,#11408),(#11409,#11410),
(#11411,#11412),(#11413,#11414),(#11415,#11416)),.UNSPECIFIED.,.F.,.F.,
 .F.,(4,1,4),(2,2),(-0.0132200351583283,-0.00669753500473487,0.),(0.,0.02),
 .UNSPECIFIED.);
#200=B_SPLINE_SURFACE_WITH_KNOTS('',3,1,((#11424,#11425),(#11426,#11427),
(#11428,#11429),(#11430,#11431),(#11432,#11433)),.UNSPECIFIED.,.F.,.F.,
 .F.,(4,1,4),(2,2),(-0.013287905412407,-0.00654955955078685,0.),(0.,0.02),
 .UNSPECIFIED.);
#201=B_SPLINE_SURFACE_WITH_KNOTS('',3,1,((#11455,#11456),(#11457,#11458),
(#11459,#11460),(#11461,#11462),(#11463,#11464)),.UNSPECIFIED.,.F.,.F.,
 .F.,(4,1,4),(2,2),(-0.0153446513677926,-0.00855669259994914,0.),(0.,0.02),
 .UNSPECIFIED.);
#202=B_SPLINE_SURFACE_WITH_KNOTS('',3,1,((#11478,#11479),(#11480,#11481),
(#11482,#11483),(#11484,#11485),(#11486,#11487)),.UNSPECIFIED.,.F.,.F.,
 .F.,(4,1,4),(2,2),(-0.013902217864536,-0.00689957171379096,0.),(0.,0.02),
 .UNSPECIFIED.);
#203=CYLINDRICAL_SURFACE('',#5839,0.425);
#204=CYLINDRICAL_SURFACE('',#5845,0.425);
#205=CYLINDRICAL_SURFACE('',#5851,0.425);
#206=CYLINDRICAL_SURFACE('',#5857,0.425);
#207=CYLINDRICAL_SURFACE('',#5973,0.425);
#208=CYLINDRICAL_SURFACE('',#5978,0.425);
#209=CYLINDRICAL_SURFACE('',#5983,0.425);
#210=CYLINDRICAL_SURFACE('',#5988,0.425);
#211=CYLINDRICAL_SURFACE('',#5996,1.);
#212=CYLINDRICAL_SURFACE('',#5997,1.);
#213=CYLINDRICAL_SURFACE('',#5998,1.);
#214=CYLINDRICAL_SURFACE('',#5999,1.);
#215=B_SPLINE_CURVE_WITH_KNOTS('',3,(#6829,#6830,#6831,#6832,#6833),
 .UNSPECIFIED.,.F.,.F.,(4,1,4),(0.,0.00489110265517762,0.00915426158762109),
 .UNSPECIFIED.);
#216=B_SPLINE_CURVE_WITH_KNOTS('',3,(#6835,#6836,#6837,#6838,#6839),
 .UNSPECIFIED.,.F.,.F.,(4,1,4),(0.,0.0042006806106966,0.00899281489174127),
 .UNSPECIFIED.);
#217=B_SPLINE_CURVE_WITH_KNOTS('',3,(#6841,#6842,#6843,#6844,#6845),
 .UNSPECIFIED.,.F.,.F.,(4,1,4),(0.,0.00530711137687775,0.0110010285257922),
 .UNSPECIFIED.);
#218=B_SPLINE_CURVE_WITH_KNOTS('',3,(#6847,#6848,#6849,#6850,#6851),
 .UNSPECIFIED.,.F.,.F.,(4,1,4),(0.,0.0050052954151223,0.00953133612141993),
 .UNSPECIFIED.);
#219=B_SPLINE_CURVE_WITH_KNOTS('',3,(#6853,#6854,#6855,#6856,#6857),
 .UNSPECIFIED.,.F.,.F.,(4,1,4),(0.,0.00400217286776024,0.00750531295448477),
 .UNSPECIFIED.);
#220=B_SPLINE_CURVE_WITH_KNOTS('',3,(#6859,#6860,#6861,#6862,#6863),
 .UNSPECIFIED.,.F.,.F.,(4,1,4),(0.,0.00323278086520551,0.006393430877048),
 .UNSPECIFIED.);
#221=B_SPLINE_CURVE_WITH_KNOTS('',3,(#6865,#6866,#6867,#6868,#6869),
 .UNSPECIFIED.,.F.,.F.,(4,1,4),(0.,0.00312250164582129,0.00615071595056487),
 .UNSPECIFIED.);
#222=B_SPLINE_CURVE_WITH_KNOTS('',3,(#6871,#6872,#6873,#6874,#6875),
 .UNSPECIFIED.,.F.,.F.,(4,1,4),(0.,0.0033943401260827,0.00760377402727232),
 .UNSPECIFIED.);
#223=B_SPLINE_CURVE_WITH_KNOTS('',3,(#6877,#6878,#6879,#6880,#6881),
 .UNSPECIFIED.,.F.,.F.,(4,1,4),(0.,0.00473665800198396,0.0129257909011645),
 .UNSPECIFIED.);
#224=B_SPLINE_CURVE_WITH_KNOTS('',3,(#6883,#6884,#6885,#6886,#6887),
 .UNSPECIFIED.,.F.,.F.,(4,1,4),(0.,0.0085039846147453,0.0142230501885943),
 .UNSPECIFIED.);
#225=B_SPLINE_CURVE_WITH_KNOTS('',3,(#6889,#6890,#6891,#6892,#6893),
 .UNSPECIFIED.,.F.,.F.,(4,1,4),(0.,0.00527248552924392,0.0100030182301029),
 .UNSPECIFIED.);
#226=B_SPLINE_CURVE_WITH_KNOTS('',3,(#6895,#6896,#6897,#6898,#6899),
 .UNSPECIFIED.,.F.,.F.,(4,1,4),(0.,0.00451790699087039,0.009148765597243),
 .UNSPECIFIED.);
#227=B_SPLINE_CURVE_WITH_KNOTS('',3,(#6901,#6902,#6903,#6904,#6905),
 .UNSPECIFIED.,.F.,.F.,(4,1,4),(0.,0.00518190854499569,0.0104683865678066),
 .UNSPECIFIED.);
#228=B_SPLINE_CURVE_WITH_KNOTS('',3,(#6907,#6908,#6909,#6910,#6911),
 .UNSPECIFIED.,.F.,.F.,(4,1,4),(0.,0.00548801980367805,0.0113632574717875),
 .UNSPECIFIED.);
#229=B_SPLINE_CURVE_WITH_KNOTS('',3,(#6913,#6914,#6915,#6916,#6917),
 .UNSPECIFIED.,.F.,.F.,(4,1,4),(0.,0.00635730842669751,0.0131282079948917),
 .UNSPECIFIED.);
#230=B_SPLINE_CURVE_WITH_KNOTS('',3,(#6919,#6920,#6921,#6922,#6923),
 .UNSPECIFIED.,.F.,.F.,(4,1,4),(0.,0.00735026589714979,0.0140248683467172),
 .UNSPECIFIED.);
#231=B_SPLINE_CURVE_WITH_KNOTS('',3,(#6925,#6926,#6927,#6928,#6929),
 .UNSPECIFIED.,.F.,.F.,(4,1,4),(0.,0.00610296138636223,0.0118832563132213),
 .UNSPECIFIED.);
#232=B_SPLINE_CURVE_WITH_KNOTS('',3,(#6931,#6932,#6933,#6934,#6935),
 .UNSPECIFIED.,.F.,.F.,(4,1,4),(0.,0.00574553516582166,0.0116643515203918),
 .UNSPECIFIED.);
#233=B_SPLINE_CURVE_WITH_KNOTS('',3,(#6939,#6940,#6941,#6942,#6943),
 .UNSPECIFIED.,.F.,.F.,(4,1,4),(0.,0.00603316616681953,0.0113617024847805),
 .UNSPECIFIED.);
#234=B_SPLINE_CURVE_WITH_KNOTS('',3,(#6945,#6946,#6947,#6948,#6949),
 .UNSPECIFIED.,.F.,.F.,(4,1,4),(0.,0.00571220808224671,0.0128474769593489),
 .UNSPECIFIED.);
#235=B_SPLINE_CURVE_WITH_KNOTS('',3,(#6951,#6952,#6953,#6954,#6955),
 .UNSPECIFIED.,.F.,.F.,(4,1,4),(0.,0.00730450583075202,0.0127975657069301),
 .UNSPECIFIED.);
#236=B_SPLINE_CURVE_WITH_KNOTS('',3,(#6957,#6958,#6959,#6960,#6961),
 .UNSPECIFIED.,.F.,.F.,(4,1,4),(0.,0.00445473024346887,0.00859656649436447),
 .UNSPECIFIED.);
#237=B_SPLINE_CURVE_WITH_KNOTS('',3,(#6963,#6964,#6965,#6966,#6967),
 .UNSPECIFIED.,.F.,.F.,(4,1,4),(0.,0.00350461179831715,0.00694504376353558),
 .UNSPECIFIED.);
#238=B_SPLINE_CURVE_WITH_KNOTS('',3,(#6969,#6970,#6971,#6972,#6973),
 .UNSPECIFIED.,.F.,.F.,(4,1,4),(0.,0.00542143541706862,0.0149017601774365),
 .UNSPECIFIED.);
#239=B_SPLINE_CURVE_WITH_KNOTS('',3,(#6975,#6976,#6977,#6978,#6979),
 .UNSPECIFIED.,.F.,.F.,(4,1,4),(0.,0.00981620882476349,0.0161396007968698),
 .UNSPECIFIED.);
#240=B_SPLINE_CURVE_WITH_KNOTS('',3,(#6981,#6982,#6983,#6984,#6985),
 .UNSPECIFIED.,.F.,.F.,(4,1,4),(0.,0.00619796329413762,0.0116153017213643),
 .UNSPECIFIED.);
#241=B_SPLINE_CURVE_WITH_KNOTS('',3,(#6987,#6988,#6989,#6990,#6991),
 .UNSPECIFIED.,.F.,.F.,(4,1,4),(0.,0.00513716683909002,0.0104930079990686),
 .UNSPECIFIED.);
#242=B_SPLINE_CURVE_WITH_KNOTS('',3,(#6993,#6994,#6995,#6996,#6997),
 .UNSPECIFIED.,.F.,.F.,(4,1,4),(0.,0.00548410984687333,0.0111232056260259),
 .UNSPECIFIED.);
#243=B_SPLINE_CURVE_WITH_KNOTS('',3,(#6999,#7000,#7001,#7002,#7003),
 .UNSPECIFIED.,.F.,.F.,(4,1,4),(0.,0.00587266719405679,0.0121082980766936),
 .UNSPECIFIED.);
#244=B_SPLINE_CURVE_WITH_KNOTS('',3,(#7005,#7006,#7007,#7008,#7009),
 .UNSPECIFIED.,.F.,.F.,(4,1,4),(0.,0.00669314784353109,0.0138467222805265),
 .UNSPECIFIED.);
#245=B_SPLINE_CURVE_WITH_KNOTS('',3,(#7011,#7012,#7013,#7014,#7015),
 .UNSPECIFIED.,.F.,.F.,(4,1,4),(0.,0.00875949880827408,0.0162456106296617),
 .UNSPECIFIED.);
#246=B_SPLINE_CURVE_WITH_KNOTS('',3,(#7017,#7018,#7019,#7020,#7021),
 .UNSPECIFIED.,.F.,.F.,(4,1,4),(0.,0.00669753500473487,0.0132200351583283),
 .UNSPECIFIED.);
#247=B_SPLINE_CURVE_WITH_KNOTS('',3,(#7022,#7023,#7024,#7025,#7026),
 .UNSPECIFIED.,.F.,.F.,(4,1,4),(0.,0.00654955955078685,0.013287905412407),
 .UNSPECIFIED.);
#248=B_SPLINE_CURVE_WITH_KNOTS('',3,(#7033,#7034,#7035,#7036,#7037),
 .UNSPECIFIED.,.F.,.F.,(4,1,4),(0.,0.00720251872096449,0.0125202919647053),
 .UNSPECIFIED.);
#249=B_SPLINE_CURVE_WITH_KNOTS('',3,(#7039,#7040,#7041,#7042,#7043),
 .UNSPECIFIED.,.F.,.F.,(4,1,4),(0.,0.00590450469353441,0.0115098992982425),
 .UNSPECIFIED.);
#250=B_SPLINE_CURVE_WITH_KNOTS('',3,(#7045,#7046,#7047,#7048,#7049),
 .UNSPECIFIED.,.F.,.F.,(4,1,4),(0.,0.00719997319314758,0.0146720838878314),
 .UNSPECIFIED.);
#251=B_SPLINE_CURVE_WITH_KNOTS('',3,(#7051,#7052,#7053,#7054,#7055),
 .UNSPECIFIED.,.F.,.F.,(4,1,4),(0.,0.00806819041516547,0.0169343275028426),
 .UNSPECIFIED.);
#252=B_SPLINE_CURVE_WITH_KNOTS('',3,(#7057,#7058,#7059,#7060,#7061),
 .UNSPECIFIED.,.F.,.F.,(4,1,4),(0.,0.00753485977392554,0.0142939638679548),
 .UNSPECIFIED.);
#253=B_SPLINE_CURVE_WITH_KNOTS('',3,(#7063,#7064,#7065,#7066,#7067),
 .UNSPECIFIED.,.F.,.F.,(4,1,4),(0.,0.00601613434814016,0.0112954527020234),
 .UNSPECIFIED.);
#254=B_SPLINE_CURVE_WITH_KNOTS('',3,(#7069,#7070,#7071,#7072,#7073),
 .UNSPECIFIED.,.F.,.F.,(4,1,4),(0.,0.0047221464596215,0.0090338173248953),
 .UNSPECIFIED.);
#255=B_SPLINE_CURVE_WITH_KNOTS('',3,(#7075,#7076,#7077,#7078,#7079),
 .UNSPECIFIED.,.F.,.F.,(4,1,4),(0.,0.00432831172495179,0.00909801803642624),
 .UNSPECIFIED.);
#256=B_SPLINE_CURVE_WITH_KNOTS('',3,(#7081,#7082,#7083,#7084,#7085),
 .UNSPECIFIED.,.F.,.F.,(4,1,4),(0.,0.00533402363742191,0.0113279841889138),
 .UNSPECIFIED.);
#257=B_SPLINE_CURVE_WITH_KNOTS('',3,(#7115,#7116,#7117,#7118,#7119),
 .UNSPECIFIED.,.F.,.F.,(4,1,4),(0.,0.0084169158146444,0.0163431255252118),
 .UNSPECIFIED.);
#258=B_SPLINE_CURVE_WITH_KNOTS('',3,(#7121,#7122,#7123,#7124,#7125),
 .UNSPECIFIED.,.F.,.F.,(4,1,4),(0.,0.00763622042774877,0.0152117191376541),
 .UNSPECIFIED.);
#259=B_SPLINE_CURVE_WITH_KNOTS('',3,(#7127,#7128,#7129,#7130,#7131),
 .UNSPECIFIED.,.F.,.F.,(4,1,4),(0.,0.00990400401797913,0.019399755326734),
 .UNSPECIFIED.);
#260=B_SPLINE_CURVE_WITH_KNOTS('',3,(#7133,#7134,#7135,#7136,#7137),
 .UNSPECIFIED.,.F.,.F.,(4,1,4),(0.,0.00915779288808345,0.0182541637009654),
 .UNSPECIFIED.);
#261=B_SPLINE_CURVE_WITH_KNOTS('',3,(#7139,#7140,#7141,#7142,#7143),
 .UNSPECIFIED.,.F.,.F.,(4,1,4),(0.,0.00941440250494592,0.0192973218179827),
 .UNSPECIFIED.);
#262=B_SPLINE_CURVE_WITH_KNOTS('',3,(#7145,#7146,#7147,#7148,#7149),
 .UNSPECIFIED.,.F.,.F.,(4,1,4),(0.,0.00993567781200908,0.0196757870981546),
 .UNSPECIFIED.);
#263=B_SPLINE_CURVE_WITH_KNOTS('',3,(#7151,#7152,#7153,#7154,#7155),
 .UNSPECIFIED.,.F.,.F.,(4,1,4),(0.,0.00931177244153368,0.0182425782971076),
 .UNSPECIFIED.);
#264=B_SPLINE_CURVE_WITH_KNOTS('',3,(#7157,#7158,#7159,#7160,#7161),
 .UNSPECIFIED.,.F.,.F.,(4,1,4),(0.,0.00921280528886077,0.0191194587849575),
 .UNSPECIFIED.);
#265=B_SPLINE_CURVE_WITH_KNOTS('',3,(#7163,#7164,#7165,#7166,#7167),
 .UNSPECIFIED.,.F.,.F.,(4,1,4),(0.,0.00725409896432828,0.0140105257391495),
 .UNSPECIFIED.);
#266=B_SPLINE_CURVE_WITH_KNOTS('',3,(#7169,#7170,#7171,#7172,#7173),
 .UNSPECIFIED.,.F.,.F.,(4,1,4),(0.,0.00621407206330386,0.0119141850127474),
 .UNSPECIFIED.);
#267=B_SPLINE_CURVE_WITH_KNOTS('',3,(#7175,#7176,#7177,#7178,#7179),
 .UNSPECIFIED.,.F.,.F.,(4,1,4),(0.,0.00591857530721238,0.0126951561697451),
 .UNSPECIFIED.);
#268=B_SPLINE_CURVE_WITH_KNOTS('',3,(#7183,#7184,#7185,#7186,#7187),
 .UNSPECIFIED.,.F.,.F.,(4,1,4),(0.,0.00509125598851826,0.00930860307107835),
 .UNSPECIFIED.);
#269=B_SPLINE_CURVE_WITH_KNOTS('',3,(#7189,#7190,#7191,#7192,#7193),
 .UNSPECIFIED.,.F.,.F.,(4,1,4),(0.,0.00395507039936131,0.0083557585029595),
 .UNSPECIFIED.);
#270=B_SPLINE_CURVE_WITH_KNOTS('',3,(#7195,#7196,#7197,#7198,#7199),
 .UNSPECIFIED.,.F.,.F.,(4,1,4),(0.,0.00478676470211273,0.00986898282397107),
 .UNSPECIFIED.);
#271=B_SPLINE_CURVE_WITH_KNOTS('',3,(#7201,#7202,#7203,#7204,#7205),
 .UNSPECIFIED.,.F.,.F.,(4,1,4),(0.,0.0059405773123253,0.0112056773678725),
 .UNSPECIFIED.);
#272=B_SPLINE_CURVE_WITH_KNOTS('',3,(#7207,#7208,#7209,#7210,#7211),
 .UNSPECIFIED.,.F.,.F.,(4,1,4),(0.,0.00474505786674984,0.00909490994233379),
 .UNSPECIFIED.);
#273=B_SPLINE_CURVE_WITH_KNOTS('',3,(#7213,#7214,#7215,#7216,#7217),
 .UNSPECIFIED.,.F.,.F.,(4,1,4),(0.,0.00416028266602605,0.0082422491118675),
 .UNSPECIFIED.);
#274=B_SPLINE_CURVE_WITH_KNOTS('',3,(#7219,#7220,#7221,#7222,#7223),
 .UNSPECIFIED.,.F.,.F.,(4,1,4),(0.,0.0070592752964001,0.0144072744949017),
 .UNSPECIFIED.);
#275=B_SPLINE_CURVE_WITH_KNOTS('',3,(#7225,#7226,#7227,#7228,#7229),
 .UNSPECIFIED.,.F.,.F.,(4,1,4),(0.,0.00863250220869663,0.0161013521175397),
 .UNSPECIFIED.);
#276=B_SPLINE_CURVE_WITH_KNOTS('',3,(#7231,#7232,#7233,#7234,#7235),
 .UNSPECIFIED.,.F.,.F.,(4,1,4),(0.,0.00676845018609798,0.0134313837115225),
 .UNSPECIFIED.);
#277=B_SPLINE_CURVE_WITH_KNOTS('',3,(#7237,#7238,#7239,#7240,#7241),
 .UNSPECIFIED.,.F.,.F.,(4,1,4),(0.,0.00675154056438397,0.0135273537815585),
 .UNSPECIFIED.);
#278=B_SPLINE_CURVE_WITH_KNOTS('',3,(#7243,#7244,#7245,#7246,#7247),
 .UNSPECIFIED.,.F.,.F.,(4,1,4),(0.,0.00597287294802625,0.0120287920842925),
 .UNSPECIFIED.);
#279=B_SPLINE_CURVE_WITH_KNOTS('',3,(#7249,#7250,#7251,#7252,#7253),
 .UNSPECIFIED.,.F.,.F.,(4,1,4),(0.,0.0055771938572969,0.0100312111692126),
 .UNSPECIFIED.);
#280=B_SPLINE_CURVE_WITH_KNOTS('',3,(#7261,#7262,#7263,#7264,#7265),
 .UNSPECIFIED.,.F.,.F.,(4,1,4),(0.,0.0108519190344833,0.0205986875204347),
 .UNSPECIFIED.);
#281=B_SPLINE_CURVE_WITH_KNOTS('',3,(#7267,#7268,#7269,#7270,#7271),
 .UNSPECIFIED.,.F.,.F.,(4,1,4),(0.,0.00953540110129014,0.0197389384864071),
 .UNSPECIFIED.);
#282=B_SPLINE_CURVE_WITH_KNOTS('',3,(#7273,#7274,#7275,#7276,#7277),
 .UNSPECIFIED.,.F.,.F.,(4,1,4),(0.,0.0103245098655428,0.0191743303284685),
 .UNSPECIFIED.);
#283=B_SPLINE_CURVE_WITH_KNOTS('',3,(#7279,#7280,#7281,#7282,#7283),
 .UNSPECIFIED.,.F.,.F.,(4,1,4),(0.,0.00841372178708937,0.017361334436025),
 .UNSPECIFIED.);
#284=B_SPLINE_CURVE_WITH_KNOTS('',3,(#7285,#7286,#7287,#7288,#7289),
 .UNSPECIFIED.,.F.,.F.,(4,1,4),(0.,0.00947593015381202,0.0192249026793376),
 .UNSPECIFIED.);
#285=B_SPLINE_CURVE_WITH_KNOTS('',3,(#7291,#7292,#7293,#7294,#7295),
 .UNSPECIFIED.,.F.,.F.,(4,1,4),(0.,0.0102893408089587,0.0196678402213254),
 .UNSPECIFIED.);
#286=B_SPLINE_CURVE_WITH_KNOTS('',3,(#7297,#7298,#7299,#7300,#7301),
 .UNSPECIFIED.,.F.,.F.,(4,1,4),(0.,0.00877022782606314,0.0173557626196725),
 .UNSPECIFIED.);
#287=B_SPLINE_CURVE_WITH_KNOTS('',3,(#7303,#7304,#7305,#7306,#7307),
 .UNSPECIFIED.,.F.,.F.,(4,1,4),(0.,0.00869743256880039,0.0176354268476463),
 .UNSPECIFIED.);
#288=B_SPLINE_CURVE_WITH_KNOTS('',3,(#7309,#7310,#7311,#7312,#7313),
 .UNSPECIFIED.,.F.,.F.,(4,1,4),(0.,0.00976114995232333,0.0187084843072817),
 .UNSPECIFIED.);
#289=B_SPLINE_CURVE_WITH_KNOTS('',3,(#7315,#7316,#7317,#7318,#7319),
 .UNSPECIFIED.,.F.,.F.,(4,1,4),(0.,0.00884970038270104,0.0183002733831955),
 .UNSPECIFIED.);
#290=B_SPLINE_CURVE_WITH_KNOTS('',3,(#7323,#7324,#7325,#7326,#7327),
 .UNSPECIFIED.,.F.,.F.,(4,1,4),(0.,0.00724453246648332,0.0133384300811562),
 .UNSPECIFIED.);
#291=B_SPLINE_CURVE_WITH_KNOTS('',3,(#7329,#7330,#7331,#7332,#7333),
 .UNSPECIFIED.,.F.,.F.,(4,1,4),(0.,0.00584566077842158,0.012326748272743),
 .UNSPECIFIED.);
#292=B_SPLINE_CURVE_WITH_KNOTS('',3,(#7335,#7336,#7337,#7338,#7339),
 .UNSPECIFIED.,.F.,.F.,(4,1,4),(0.,0.00746989848406337,0.0142082524200503),
 .UNSPECIFIED.);
#293=B_SPLINE_CURVE_WITH_KNOTS('',3,(#7341,#7342,#7343,#7344,#7345),
 .UNSPECIFIED.,.F.,.F.,(4,1,4),(0.,0.00646600218038725,0.0130460429048365),
 .UNSPECIFIED.);
#294=B_SPLINE_CURVE_WITH_KNOTS('',3,(#7347,#7348,#7349,#7350,#7351),
 .UNSPECIFIED.,.F.,.F.,(4,1,4),(0.,0.00682111301756927,0.0136653112473807),
 .UNSPECIFIED.);
#295=B_SPLINE_CURVE_WITH_KNOTS('',3,(#7353,#7354,#7355,#7356,#7357),
 .UNSPECIFIED.,.F.,.F.,(4,1,4),(0.,0.00838730531477044,0.0158741842546758),
 .UNSPECIFIED.);
#296=B_SPLINE_CURVE_WITH_KNOTS('',3,(#7359,#7360,#7361,#7362,#7363),
 .UNSPECIFIED.,.F.,.F.,(4,1,4),(0.,0.00670208114112312,0.013014876790771),
 .UNSPECIFIED.);
#297=B_SPLINE_CURVE_WITH_KNOTS('',3,(#7365,#7366,#7367,#7368,#7369),
 .UNSPECIFIED.,.F.,.F.,(4,1,4),(0.,0.006229015767479,0.0124552918339686),
 .UNSPECIFIED.);
#298=B_SPLINE_CURVE_WITH_KNOTS('',3,(#7371,#7372,#7373,#7374,#7375),
 .UNSPECIFIED.,.F.,.F.,(4,1,4),(0.,0.00727331118265385,0.0141465869854004),
 .UNSPECIFIED.);
#299=B_SPLINE_CURVE_WITH_KNOTS('',3,(#7376,#7377,#7378,#7379,#7380),
 .UNSPECIFIED.,.F.,.F.,(4,1,4),(0.,0.00717953785444022,0.0154109562523619),
 .UNSPECIFIED.);
#300=B_SPLINE_CURVE_WITH_KNOTS('',3,(#7385,#7386,#7387,#7388,#7389),
 .UNSPECIFIED.,.F.,.F.,(4,1,4),(0.,0.0108519246321572,0.0205986833269615),
 .UNSPECIFIED.);
#301=B_SPLINE_CURVE_WITH_KNOTS('',3,(#7391,#7392,#7393,#7394,#7395),
 .UNSPECIFIED.,.F.,.F.,(4,1,4),(0.,0.00953540767235866,0.0197389303178027),
 .UNSPECIFIED.);
#302=B_SPLINE_CURVE_WITH_KNOTS('',3,(#7397,#7398,#7399,#7400,#7401),
 .UNSPECIFIED.,.F.,.F.,(4,1,4),(0.,0.0103245246736641,0.0191743382775559),
 .UNSPECIFIED.);
#303=B_SPLINE_CURVE_WITH_KNOTS('',3,(#7403,#7404,#7405,#7406,#7407),
 .UNSPECIFIED.,.F.,.F.,(4,1,4),(0.,0.00841372731558791,0.0173613323902207),
 .UNSPECIFIED.);
#304=B_SPLINE_CURVE_WITH_KNOTS('',3,(#7409,#7410,#7411,#7412,#7413),
 .UNSPECIFIED.,.F.,.F.,(4,1,4),(0.,0.00947593233601186,0.0192249048615374),
 .UNSPECIFIED.);
#305=B_SPLINE_CURVE_WITH_KNOTS('',3,(#7415,#7416,#7417,#7418,#7419),
 .UNSPECIFIED.,.F.,.F.,(4,1,4),(0.,0.0102893423216238,0.019667836755239),
 .UNSPECIFIED.);
#306=B_SPLINE_CURVE_WITH_KNOTS('',3,(#7421,#7422,#7423,#7424,#7425),
 .UNSPECIFIED.,.F.,.F.,(4,1,4),(0.,0.00877023212587138,0.0173557609940017),
 .UNSPECIFIED.);
#307=B_SPLINE_CURVE_WITH_KNOTS('',3,(#7427,#7428,#7429,#7430,#7431),
 .UNSPECIFIED.,.F.,.F.,(4,1,4),(0.,0.00869743256880039,0.0176354268476463),
 .UNSPECIFIED.);
#308=B_SPLINE_CURVE_WITH_KNOTS('',3,(#7433,#7434,#7435,#7436,#7437),
 .UNSPECIFIED.,.F.,.F.,(4,1,4),(0.,0.00976115733268513,0.018708485027622),
 .UNSPECIFIED.);
#309=B_SPLINE_CURVE_WITH_KNOTS('',3,(#7439,#7440,#7441,#7442,#7443),
 .UNSPECIFIED.,.F.,.F.,(4,1,4),(0.,0.00884970038270104,0.0183002733831955),
 .UNSPECIFIED.);
#310=B_SPLINE_CURVE_WITH_KNOTS('',3,(#7447,#7448,#7449,#7450,#7451),
 .UNSPECIFIED.,.F.,.F.,(4,1,4),(0.,0.00724452632810666,0.0133384339256367),
 .UNSPECIFIED.);
#311=B_SPLINE_CURVE_WITH_KNOTS('',3,(#7453,#7454,#7455,#7456,#7457),
 .UNSPECIFIED.,.F.,.F.,(4,1,4),(0.,0.00584565411441876,0.0123267489916665),
 .UNSPECIFIED.);
#312=B_SPLINE_CURVE_WITH_KNOTS('',3,(#7459,#7460,#7461,#7462,#7463),
 .UNSPECIFIED.,.F.,.F.,(4,1,4),(0.,0.00746989848406337,0.0142082524200503),
 .UNSPECIFIED.);
#313=B_SPLINE_CURVE_WITH_KNOTS('',3,(#7465,#7466,#7467,#7468,#7469),
 .UNSPECIFIED.,.F.,.F.,(4,1,4),(0.,0.00646600749666631,0.0130460414222867),
 .UNSPECIFIED.);
#314=B_SPLINE_CURVE_WITH_KNOTS('',3,(#7471,#7472,#7473,#7474,#7475),
 .UNSPECIFIED.,.F.,.F.,(4,1,4),(0.,0.00682111481693143,0.0136653130467429),
 .UNSPECIFIED.);
#315=B_SPLINE_CURVE_WITH_KNOTS('',3,(#7477,#7478,#7479,#7480,#7481),
 .UNSPECIFIED.,.F.,.F.,(4,1,4),(0.,0.00838730589268553,0.0158741809480218),
 .UNSPECIFIED.);
#316=B_SPLINE_CURVE_WITH_KNOTS('',3,(#7483,#7484,#7485,#7486,#7487),
 .UNSPECIFIED.,.F.,.F.,(4,1,4),(0.,0.00670208853272614,0.01301487855391),
 .UNSPECIFIED.);
#317=B_SPLINE_CURVE_WITH_KNOTS('',3,(#7489,#7490,#7491,#7492,#7493),
 .UNSPECIFIED.,.F.,.F.,(4,1,4),(0.,0.006229015767479,0.0124552992190673),
 .UNSPECIFIED.);
#318=B_SPLINE_CURVE_WITH_KNOTS('',3,(#7495,#7496,#7497,#7498,#7499),
 .UNSPECIFIED.,.F.,.F.,(4,1,4),(0.,0.00727330382127283,0.0141465796240194),
 .UNSPECIFIED.);
#319=B_SPLINE_CURVE_WITH_KNOTS('',3,(#7500,#7501,#7502,#7503,#7504),
 .UNSPECIFIED.,.F.,.F.,(4,1,4),(0.,0.00717953785444022,0.0154109562523619),
 .UNSPECIFIED.);
#320=B_SPLINE_CURVE_WITH_KNOTS('',3,(#7509,#7510,#7511,#7512,#7513),
 .UNSPECIFIED.,.F.,.F.,(4,1,4),(0.,0.00489110265517762,0.00915426158762109),
 .UNSPECIFIED.);
#321=B_SPLINE_CURVE_WITH_KNOTS('',3,(#7515,#7516,#7517,#7518,#7519),
 .UNSPECIFIED.,.F.,.F.,(4,1,4),(0.,0.0042006806106966,0.00899281489174127),
 .UNSPECIFIED.);
#322=B_SPLINE_CURVE_WITH_KNOTS('',3,(#7521,#7522,#7523,#7524,#7525),
 .UNSPECIFIED.,.F.,.F.,(4,1,4),(0.,0.00530711137687775,0.0110010285257922),
 .UNSPECIFIED.);
#323=B_SPLINE_CURVE_WITH_KNOTS('',3,(#7527,#7528,#7529,#7530,#7531),
 .UNSPECIFIED.,.F.,.F.,(4,1,4),(0.,0.0050052954151223,0.00953133612141993),
 .UNSPECIFIED.);
#324=B_SPLINE_CURVE_WITH_KNOTS('',3,(#7533,#7534,#7535,#7536,#7537),
 .UNSPECIFIED.,.F.,.F.,(4,1,4),(0.,0.00400217286776024,0.00750531295448477),
 .UNSPECIFIED.);
#325=B_SPLINE_CURVE_WITH_KNOTS('',3,(#7539,#7540,#7541,#7542,#7543),
 .UNSPECIFIED.,.F.,.F.,(4,1,4),(0.,0.00323278086520551,0.006393430877048),
 .UNSPECIFIED.);
#326=B_SPLINE_CURVE_WITH_KNOTS('',3,(#7545,#7546,#7547,#7548,#7549),
 .UNSPECIFIED.,.F.,.F.,(4,1,4),(0.,0.00312250164582129,0.00615071595056487),
 .UNSPECIFIED.);
#327=B_SPLINE_CURVE_WITH_KNOTS('',3,(#7551,#7552,#7553,#7554,#7555),
 .UNSPECIFIED.,.F.,.F.,(4,1,4),(0.,0.0033943401260827,0.00760377402727232),
 .UNSPECIFIED.);
#328=B_SPLINE_CURVE_WITH_KNOTS('',3,(#7557,#7558,#7559,#7560,#7561),
 .UNSPECIFIED.,.F.,.F.,(4,1,4),(0.,0.00473665800198396,0.0129257909011645),
 .UNSPECIFIED.);
#329=B_SPLINE_CURVE_WITH_KNOTS('',3,(#7563,#7564,#7565,#7566,#7567),
 .UNSPECIFIED.,.F.,.F.,(4,1,4),(0.,0.0085039846147453,0.0142230501885943),
 .UNSPECIFIED.);
#330=B_SPLINE_CURVE_WITH_KNOTS('',3,(#7569,#7570,#7571,#7572,#7573),
 .UNSPECIFIED.,.F.,.F.,(4,1,4),(0.,0.00527248552924392,0.0100030182301029),
 .UNSPECIFIED.);
#331=B_SPLINE_CURVE_WITH_KNOTS('',3,(#7575,#7576,#7577,#7578,#7579),
 .UNSPECIFIED.,.F.,.F.,(4,1,4),(0.,0.00451790699087039,0.009148765597243),
 .UNSPECIFIED.);
#332=B_SPLINE_CURVE_WITH_KNOTS('',3,(#7581,#7582,#7583,#7584,#7585),
 .UNSPECIFIED.,.F.,.F.,(4,1,4),(0.,0.00518190854499569,0.0104683865678066),
 .UNSPECIFIED.);
#333=B_SPLINE_CURVE_WITH_KNOTS('',3,(#7587,#7588,#7589,#7590,#7591),
 .UNSPECIFIED.,.F.,.F.,(4,1,4),(0.,0.00548801980367805,0.0113632574717875),
 .UNSPECIFIED.);
#334=B_SPLINE_CURVE_WITH_KNOTS('',3,(#7593,#7594,#7595,#7596,#7597),
 .UNSPECIFIED.,.F.,.F.,(4,1,4),(0.,0.00635730842669751,0.0131282079948917),
 .UNSPECIFIED.);
#335=B_SPLINE_CURVE_WITH_KNOTS('',3,(#7599,#7600,#7601,#7602,#7603),
 .UNSPECIFIED.,.F.,.F.,(4,1,4),(0.,0.00735026589714979,0.0140248683467172),
 .UNSPECIFIED.);
#336=B_SPLINE_CURVE_WITH_KNOTS('',3,(#7605,#7606,#7607,#7608,#7609),
 .UNSPECIFIED.,.F.,.F.,(4,1,4),(0.,0.00610296138636223,0.0118832563132213),
 .UNSPECIFIED.);
#337=B_SPLINE_CURVE_WITH_KNOTS('',3,(#7611,#7612,#7613,#7614,#7615),
 .UNSPECIFIED.,.F.,.F.,(4,1,4),(0.,0.00574553516582166,0.0116643515203918),
 .UNSPECIFIED.);
#338=B_SPLINE_CURVE_WITH_KNOTS('',3,(#7619,#7620,#7621,#7622,#7623),
 .UNSPECIFIED.,.F.,.F.,(4,1,4),(0.,0.00603316616681953,0.0113617024847805),
 .UNSPECIFIED.);
#339=B_SPLINE_CURVE_WITH_KNOTS('',3,(#7625,#7626,#7627,#7628,#7629),
 .UNSPECIFIED.,.F.,.F.,(4,1,4),(0.,0.00571220808224671,0.0128474769593489),
 .UNSPECIFIED.);
#340=B_SPLINE_CURVE_WITH_KNOTS('',3,(#7631,#7632,#7633,#7634,#7635),
 .UNSPECIFIED.,.F.,.F.,(4,1,4),(0.,0.00730450583075202,0.0127975657069301),
 .UNSPECIFIED.);
#341=B_SPLINE_CURVE_WITH_KNOTS('',3,(#7637,#7638,#7639,#7640,#7641),
 .UNSPECIFIED.,.F.,.F.,(4,1,4),(0.,0.00445473024346887,0.00859656649436447),
 .UNSPECIFIED.);
#342=B_SPLINE_CURVE_WITH_KNOTS('',3,(#7643,#7644,#7645,#7646,#7647),
 .UNSPECIFIED.,.F.,.F.,(4,1,4),(0.,0.00350461179831715,0.00694504376353558),
 .UNSPECIFIED.);
#343=B_SPLINE_CURVE_WITH_KNOTS('',3,(#7649,#7650,#7651,#7652,#7653),
 .UNSPECIFIED.,.F.,.F.,(4,1,4),(0.,0.00542143541706862,0.0149017601774365),
 .UNSPECIFIED.);
#344=B_SPLINE_CURVE_WITH_KNOTS('',3,(#7655,#7656,#7657,#7658,#7659),
 .UNSPECIFIED.,.F.,.F.,(4,1,4),(0.,0.00981620882476349,0.0161396007968698),
 .UNSPECIFIED.);
#345=B_SPLINE_CURVE_WITH_KNOTS('',3,(#7661,#7662,#7663,#7664,#7665),
 .UNSPECIFIED.,.F.,.F.,(4,1,4),(0.,0.00619796329413762,0.0116153017213643),
 .UNSPECIFIED.);
#346=B_SPLINE_CURVE_WITH_KNOTS('',3,(#7667,#7668,#7669,#7670,#7671),
 .UNSPECIFIED.,.F.,.F.,(4,1,4),(0.,0.00513716683909002,0.0104930079990686),
 .UNSPECIFIED.);
#347=B_SPLINE_CURVE_WITH_KNOTS('',3,(#7673,#7674,#7675,#7676,#7677),
 .UNSPECIFIED.,.F.,.F.,(4,1,4),(0.,0.00548410984687333,0.0111232056260259),
 .UNSPECIFIED.);
#348=B_SPLINE_CURVE_WITH_KNOTS('',3,(#7679,#7680,#7681,#7682,#7683),
 .UNSPECIFIED.,.F.,.F.,(4,1,4),(0.,0.00587266719405679,0.0121082980766936),
 .UNSPECIFIED.);
#349=B_SPLINE_CURVE_WITH_KNOTS('',3,(#7685,#7686,#7687,#7688,#7689),
 .UNSPECIFIED.,.F.,.F.,(4,1,4),(0.,0.00669314784353109,0.0138467222805265),
 .UNSPECIFIED.);
#350=B_SPLINE_CURVE_WITH_KNOTS('',3,(#7691,#7692,#7693,#7694,#7695),
 .UNSPECIFIED.,.F.,.F.,(4,1,4),(0.,0.00875949880827408,0.0162456106296617),
 .UNSPECIFIED.);
#351=B_SPLINE_CURVE_WITH_KNOTS('',3,(#7697,#7698,#7699,#7700,#7701),
 .UNSPECIFIED.,.F.,.F.,(4,1,4),(0.,0.00669753500473487,0.0132200351583283),
 .UNSPECIFIED.);
#352=B_SPLINE_CURVE_WITH_KNOTS('',3,(#7702,#7703,#7704,#7705,#7706),
 .UNSPECIFIED.,.F.,.F.,(4,1,4),(0.,0.00654955955078685,0.013287905412407),
 .UNSPECIFIED.);
#353=B_SPLINE_CURVE_WITH_KNOTS('',3,(#7743,#7744,#7745,#7746,#7747),
 .UNSPECIFIED.,.F.,.F.,(4,1,4),(0.,0.0108519246321572,0.0205986833269615),
 .UNSPECIFIED.);
#354=B_SPLINE_CURVE_WITH_KNOTS('',3,(#7749,#7750,#7751,#7752,#7753),
 .UNSPECIFIED.,.F.,.F.,(4,1,4),(0.,0.00953540767235866,0.0197389303178027),
 .UNSPECIFIED.);
#355=B_SPLINE_CURVE_WITH_KNOTS('',3,(#7755,#7756,#7757,#7758,#7759),
 .UNSPECIFIED.,.F.,.F.,(4,1,4),(0.,0.0103245246736641,0.0191743382775559),
 .UNSPECIFIED.);
#356=B_SPLINE_CURVE_WITH_KNOTS('',3,(#7761,#7762,#7763,#7764,#7765),
 .UNSPECIFIED.,.F.,.F.,(4,1,4),(0.,0.00841372731558791,0.0173613323902207),
 .UNSPECIFIED.);
#357=B_SPLINE_CURVE_WITH_KNOTS('',3,(#7767,#7768,#7769,#7770,#7771),
 .UNSPECIFIED.,.F.,.F.,(4,1,4),(0.,0.00947593233601186,0.0192249048615374),
 .UNSPECIFIED.);
#358=B_SPLINE_CURVE_WITH_KNOTS('',3,(#7773,#7774,#7775,#7776,#7777),
 .UNSPECIFIED.,.F.,.F.,(4,1,4),(0.,0.0102893423216238,0.019667836755239),
 .UNSPECIFIED.);
#359=B_SPLINE_CURVE_WITH_KNOTS('',3,(#7779,#7780,#7781,#7782,#7783),
 .UNSPECIFIED.,.F.,.F.,(4,1,4),(0.,0.00877023212587138,0.0173557609940017),
 .UNSPECIFIED.);
#360=B_SPLINE_CURVE_WITH_KNOTS('',3,(#7785,#7786,#7787,#7788,#7789),
 .UNSPECIFIED.,.F.,.F.,(4,1,4),(0.,0.00869743256880039,0.0176354268476463),
 .UNSPECIFIED.);
#361=B_SPLINE_CURVE_WITH_KNOTS('',3,(#7791,#7792,#7793,#7794,#7795),
 .UNSPECIFIED.,.F.,.F.,(4,1,4),(0.,0.00976115733268513,0.018708485027622),
 .UNSPECIFIED.);
#362=B_SPLINE_CURVE_WITH_KNOTS('',3,(#7797,#7798,#7799,#7800,#7801),
 .UNSPECIFIED.,.F.,.F.,(4,1,4),(0.,0.00884970038270104,0.0183002733831955),
 .UNSPECIFIED.);
#363=B_SPLINE_CURVE_WITH_KNOTS('',3,(#7805,#7806,#7807,#7808,#7809),
 .UNSPECIFIED.,.F.,.F.,(4,1,4),(0.,0.00724452632810666,0.0133384339256367),
 .UNSPECIFIED.);
#364=B_SPLINE_CURVE_WITH_KNOTS('',3,(#7811,#7812,#7813,#7814,#7815),
 .UNSPECIFIED.,.F.,.F.,(4,1,4),(0.,0.00584565411441876,0.0123267489916665),
 .UNSPECIFIED.);
#365=B_SPLINE_CURVE_WITH_KNOTS('',3,(#7817,#7818,#7819,#7820,#7821),
 .UNSPECIFIED.,.F.,.F.,(4,1,4),(0.,0.00746989848406337,0.0142082524200503),
 .UNSPECIFIED.);
#366=B_SPLINE_CURVE_WITH_KNOTS('',3,(#7823,#7824,#7825,#7826,#7827),
 .UNSPECIFIED.,.F.,.F.,(4,1,4),(0.,0.00646600749666631,0.0130460414222867),
 .UNSPECIFIED.);
#367=B_SPLINE_CURVE_WITH_KNOTS('',3,(#7829,#7830,#7831,#7832,#7833),
 .UNSPECIFIED.,.F.,.F.,(4,1,4),(0.,0.00682111481693143,0.0136653130467429),
 .UNSPECIFIED.);
#368=B_SPLINE_CURVE_WITH_KNOTS('',3,(#7835,#7836,#7837,#7838,#7839),
 .UNSPECIFIED.,.F.,.F.,(4,1,4),(0.,0.00838730589268553,0.0158741809480218),
 .UNSPECIFIED.);
#369=B_SPLINE_CURVE_WITH_KNOTS('',3,(#7841,#7842,#7843,#7844,#7845),
 .UNSPECIFIED.,.F.,.F.,(4,1,4),(0.,0.00670208853272614,0.01301487855391),
 .UNSPECIFIED.);
#370=B_SPLINE_CURVE_WITH_KNOTS('',3,(#7847,#7848,#7849,#7850,#7851),
 .UNSPECIFIED.,.F.,.F.,(4,1,4),(0.,0.006229015767479,0.0124552992190673),
 .UNSPECIFIED.);
#371=B_SPLINE_CURVE_WITH_KNOTS('',3,(#7853,#7854,#7855,#7856,#7857),
 .UNSPECIFIED.,.F.,.F.,(4,1,4),(0.,0.00727330382127283,0.0141465796240194),
 .UNSPECIFIED.);
#372=B_SPLINE_CURVE_WITH_KNOTS('',3,(#7858,#7859,#7860,#7861,#7862),
 .UNSPECIFIED.,.F.,.F.,(4,1,4),(0.,0.00717953785444022,0.0154109562523619),
 .UNSPECIFIED.);
#373=B_SPLINE_CURVE_WITH_KNOTS('',3,(#7871,#7872,#7873,#7874,#7875),
 .UNSPECIFIED.,.F.,.F.,(4,1,4),(0.,0.00625512619431069,0.0120372022660775),
 .UNSPECIFIED.);
#374=B_SPLINE_CURVE_WITH_KNOTS('',3,(#7877,#7878,#7879,#7880,#7881),
 .UNSPECIFIED.,.F.,.F.,(4,1,4),(0.,0.00599255553080841,0.0120672046239935),
 .UNSPECIFIED.);
#375=B_SPLINE_CURVE_WITH_KNOTS('',3,(#7907,#7908,#7909,#7910,#7911),
 .UNSPECIFIED.,.F.,.F.,(4,1,4),(0.,0.00720251872096449,0.0125202919647053),
 .UNSPECIFIED.);
#376=B_SPLINE_CURVE_WITH_KNOTS('',3,(#7913,#7914,#7915,#7916,#7917),
 .UNSPECIFIED.,.F.,.F.,(4,1,4),(0.,0.00590451876234213,0.0115099133670502),
 .UNSPECIFIED.);
#377=B_SPLINE_CURVE_WITH_KNOTS('',3,(#7919,#7920,#7921,#7922,#7923),
 .UNSPECIFIED.,.F.,.F.,(4,1,4),(0.,0.00719997319314758,0.0146720838878314),
 .UNSPECIFIED.);
#378=B_SPLINE_CURVE_WITH_KNOTS('',3,(#7925,#7926,#7927,#7928,#7929),
 .UNSPECIFIED.,.F.,.F.,(4,1,4),(0.,0.00806818661205243,0.0169343236997296),
 .UNSPECIFIED.);
#379=B_SPLINE_CURVE_WITH_KNOTS('',3,(#7931,#7932,#7933,#7934,#7935),
 .UNSPECIFIED.,.F.,.F.,(4,1,4),(0.,0.00753485885324099,0.0142939629472703),
 .UNSPECIFIED.);
#380=B_SPLINE_CURVE_WITH_KNOTS('',3,(#7937,#7938,#7939,#7940,#7941),
 .UNSPECIFIED.,.F.,.F.,(4,1,4),(0.,0.00601613434814016,0.0112954527020234),
 .UNSPECIFIED.);
#381=B_SPLINE_CURVE_WITH_KNOTS('',3,(#7943,#7944,#7945,#7946,#7947),
 .UNSPECIFIED.,.F.,.F.,(4,1,4),(0.,0.0047221464596215,0.00903382881442827),
 .UNSPECIFIED.);
#382=B_SPLINE_CURVE_WITH_KNOTS('',3,(#7949,#7950,#7951,#7952,#7953),
 .UNSPECIFIED.,.F.,.F.,(4,1,4),(0.,0.00432829857402007,0.00909800488549451),
 .UNSPECIFIED.);
#383=B_SPLINE_CURVE_WITH_KNOTS('',3,(#7955,#7956,#7957,#7958,#7959),
 .UNSPECIFIED.,.F.,.F.,(4,1,4),(0.,0.00533402363742191,0.0113279916302539),
 .UNSPECIFIED.);
#384=B_SPLINE_CURVE_WITH_KNOTS('',3,(#8034,#8035,#8036,#8037,#8038),
 .UNSPECIFIED.,.F.,.F.,(4,1,4),(-0.00915426158762109,-0.00489110265517762,
0.),.UNSPECIFIED.);
#385=B_SPLINE_CURVE_WITH_KNOTS('',3,(#8051,#8052,#8053,#8054,#8055),
 .UNSPECIFIED.,.F.,.F.,(4,1,4),(-0.00899281489174127,-0.0042006806106966,
0.),.UNSPECIFIED.);
#386=B_SPLINE_CURVE_WITH_KNOTS('',3,(#8068,#8069,#8070,#8071,#8072),
 .UNSPECIFIED.,.F.,.F.,(4,1,4),(-0.0110010285257922,-0.00530711137687775,
0.),.UNSPECIFIED.);
#387=B_SPLINE_CURVE_WITH_KNOTS('',3,(#8085,#8086,#8087,#8088,#8089),
 .UNSPECIFIED.,.F.,.F.,(4,1,4),(-0.00953133612141993,-0.0050052954151223,
0.),.UNSPECIFIED.);
#388=B_SPLINE_CURVE_WITH_KNOTS('',3,(#8102,#8103,#8104,#8105,#8106),
 .UNSPECIFIED.,.F.,.F.,(4,1,4),(-0.00750531295448477,-0.00400217286776024,
0.),.UNSPECIFIED.);
#389=B_SPLINE_CURVE_WITH_KNOTS('',3,(#8119,#8120,#8121,#8122,#8123),
 .UNSPECIFIED.,.F.,.F.,(4,1,4),(-0.006393430877048,-0.00323278086520551,
0.),.UNSPECIFIED.);
#390=B_SPLINE_CURVE_WITH_KNOTS('',3,(#8136,#8137,#8138,#8139,#8140),
 .UNSPECIFIED.,.F.,.F.,(4,1,4),(-0.00615071595056487,-0.00312250164582129,
0.),.UNSPECIFIED.);
#391=B_SPLINE_CURVE_WITH_KNOTS('',3,(#8153,#8154,#8155,#8156,#8157),
 .UNSPECIFIED.,.F.,.F.,(4,1,4),(-0.00760377402727232,-0.0033943401260827,
0.),.UNSPECIFIED.);
#392=B_SPLINE_CURVE_WITH_KNOTS('',3,(#8170,#8171,#8172,#8173,#8174),
 .UNSPECIFIED.,.F.,.F.,(4,1,4),(-0.0129257909011645,-0.00473665800198396,
0.),.UNSPECIFIED.);
#393=B_SPLINE_CURVE_WITH_KNOTS('',3,(#8187,#8188,#8189,#8190,#8191),
 .UNSPECIFIED.,.F.,.F.,(4,1,4),(-0.0142230501885943,-0.0085039846147453,
0.),.UNSPECIFIED.);
#394=B_SPLINE_CURVE_WITH_KNOTS('',3,(#8204,#8205,#8206,#8207,#8208),
 .UNSPECIFIED.,.F.,.F.,(4,1,4),(-0.0100030182301029,-0.00527248552924392,
0.),.UNSPECIFIED.);
#395=B_SPLINE_CURVE_WITH_KNOTS('',3,(#8221,#8222,#8223,#8224,#8225),
 .UNSPECIFIED.,.F.,.F.,(4,1,4),(-0.009148765597243,-0.00451790699087039,
0.),.UNSPECIFIED.);
#396=B_SPLINE_CURVE_WITH_KNOTS('',3,(#8238,#8239,#8240,#8241,#8242),
 .UNSPECIFIED.,.F.,.F.,(4,1,4),(-0.0104683865678066,-0.00518190854499569,
0.),.UNSPECIFIED.);
#397=B_SPLINE_CURVE_WITH_KNOTS('',3,(#8255,#8256,#8257,#8258,#8259),
 .UNSPECIFIED.,.F.,.F.,(4,1,4),(-0.0113632574717875,-0.00548801980367805,
0.),.UNSPECIFIED.);
#398=B_SPLINE_CURVE_WITH_KNOTS('',3,(#8272,#8273,#8274,#8275,#8276),
 .UNSPECIFIED.,.F.,.F.,(4,1,4),(-0.0131282079948917,-0.00635730842669751,
0.),.UNSPECIFIED.);
#399=B_SPLINE_CURVE_WITH_KNOTS('',3,(#8289,#8290,#8291,#8292,#8293),
 .UNSPECIFIED.,.F.,.F.,(4,1,4),(-0.0140248683467172,-0.00735026589714979,
0.),.UNSPECIFIED.);
#400=B_SPLINE_CURVE_WITH_KNOTS('',3,(#8306,#8307,#8308,#8309,#8310),
 .UNSPECIFIED.,.F.,.F.,(4,1,4),(-0.0118832563132213,-0.00610296138636223,
0.),.UNSPECIFIED.);
#401=B_SPLINE_CURVE_WITH_KNOTS('',3,(#8323,#8324,#8325,#8326,#8327),
 .UNSPECIFIED.,.F.,.F.,(4,1,4),(-0.0116643515203918,-0.00574553516582166,
0.),.UNSPECIFIED.);
#402=B_SPLINE_CURVE_WITH_KNOTS('',3,(#8344,#8345,#8346,#8347,#8348),
 .UNSPECIFIED.,.F.,.F.,(4,1,4),(-0.0113617024847805,-0.00603316616681953,
0.),.UNSPECIFIED.);
#403=B_SPLINE_CURVE_WITH_KNOTS('',3,(#8361,#8362,#8363,#8364,#8365),
 .UNSPECIFIED.,.F.,.F.,(4,1,4),(-0.0128474769593489,-0.00571220808224671,
0.),.UNSPECIFIED.);
#404=B_SPLINE_CURVE_WITH_KNOTS('',3,(#8378,#8379,#8380,#8381,#8382),
 .UNSPECIFIED.,.F.,.F.,(4,1,4),(-0.0127975657069301,-0.00730450583075202,
0.),.UNSPECIFIED.);
#405=B_SPLINE_CURVE_WITH_KNOTS('',3,(#8395,#8396,#8397,#8398,#8399),
 .UNSPECIFIED.,.F.,.F.,(4,1,4),(-0.00859656649436447,-0.00445473024346887,
0.),.UNSPECIFIED.);
#406=B_SPLINE_CURVE_WITH_KNOTS('',3,(#8412,#8413,#8414,#8415,#8416),
 .UNSPECIFIED.,.F.,.F.,(4,1,4),(-0.00694504376353558,-0.00350461179831715,
0.),.UNSPECIFIED.);
#407=B_SPLINE_CURVE_WITH_KNOTS('',3,(#8429,#8430,#8431,#8432,#8433),
 .UNSPECIFIED.,.F.,.F.,(4,1,4),(-0.0149017601774365,-0.00542143541706862,
0.),.UNSPECIFIED.);
#408=B_SPLINE_CURVE_WITH_KNOTS('',3,(#8446,#8447,#8448,#8449,#8450),
 .UNSPECIFIED.,.F.,.F.,(4,1,4),(-0.0161396007968698,-0.00981620882476349,
0.),.UNSPECIFIED.);
#409=B_SPLINE_CURVE_WITH_KNOTS('',3,(#8463,#8464,#8465,#8466,#8467),
 .UNSPECIFIED.,.F.,.F.,(4,1,4),(-0.0116153017213643,-0.00619796329413762,
0.),.UNSPECIFIED.);
#410=B_SPLINE_CURVE_WITH_KNOTS('',3,(#8480,#8481,#8482,#8483,#8484),
 .UNSPECIFIED.,.F.,.F.,(4,1,4),(-0.0104930079990686,-0.00513716683909002,
0.),.UNSPECIFIED.);
#411=B_SPLINE_CURVE_WITH_KNOTS('',3,(#8497,#8498,#8499,#8500,#8501),
 .UNSPECIFIED.,.F.,.F.,(4,1,4),(-0.0111232056260259,-0.00548410984687333,
0.),.UNSPECIFIED.);
#412=B_SPLINE_CURVE_WITH_KNOTS('',3,(#8514,#8515,#8516,#8517,#8518),
 .UNSPECIFIED.,.F.,.F.,(4,1,4),(-0.0121082980766936,-0.00587266719405679,
0.),.UNSPECIFIED.);
#413=B_SPLINE_CURVE_WITH_KNOTS('',3,(#8531,#8532,#8533,#8534,#8535),
 .UNSPECIFIED.,.F.,.F.,(4,1,4),(-0.0138467222805265,-0.00669314784353109,
0.),.UNSPECIFIED.);
#414=B_SPLINE_CURVE_WITH_KNOTS('',3,(#8548,#8549,#8550,#8551,#8552),
 .UNSPECIFIED.,.F.,.F.,(4,1,4),(-0.0162456106296617,-0.00875949880827408,
0.),.UNSPECIFIED.);
#415=B_SPLINE_CURVE_WITH_KNOTS('',3,(#8565,#8566,#8567,#8568,#8569),
 .UNSPECIFIED.,.F.,.F.,(4,1,4),(-0.0132200351583283,-0.00669753500473487,
0.),.UNSPECIFIED.);
#416=B_SPLINE_CURVE_WITH_KNOTS('',3,(#8581,#8582,#8583,#8584,#8585),
 .UNSPECIFIED.,.F.,.F.,(4,1,4),(-0.013287905412407,-0.00654955955078685,
0.),.UNSPECIFIED.);
#417=B_SPLINE_CURVE_WITH_KNOTS('',3,(#8607,#8608,#8609,#8610,#8611),
 .UNSPECIFIED.,.F.,.F.,(4,1,4),(0.,0.00618593189433274,0.0109700210763581),
 .UNSPECIFIED.);
#418=B_SPLINE_CURVE_WITH_KNOTS('',3,(#8613,#8614,#8615,#8616,#8617),
 .UNSPECIFIED.,.F.,.F.,(4,1,4),(-0.0109700210763581,-0.00618593189433274,
0.),.UNSPECIFIED.);
#419=B_SPLINE_CURVE_WITH_KNOTS('',3,(#8630,#8631,#8632,#8633,#8634),
 .UNSPECIFIED.,.F.,.F.,(4,1,4),(0.,0.00386465233218223,0.00730262637030421),
 .UNSPECIFIED.);
#420=B_SPLINE_CURVE_WITH_KNOTS('',3,(#8636,#8637,#8638,#8639,#8640),
 .UNSPECIFIED.,.F.,.F.,(4,1,4),(-0.00730262637030421,-0.00386465233218223,
0.),.UNSPECIFIED.);
#421=B_SPLINE_CURVE_WITH_KNOTS('',3,(#8653,#8654,#8655,#8656,#8657),
 .UNSPECIFIED.,.F.,.F.,(4,1,4),(0.,0.0048477920774377,0.0103074636187857),
 .UNSPECIFIED.);
#422=B_SPLINE_CURVE_WITH_KNOTS('',3,(#8659,#8660,#8661,#8662,#8663),
 .UNSPECIFIED.,.F.,.F.,(4,1,4),(-0.0103074636187857,-0.0048477920774377,
0.),.UNSPECIFIED.);
#423=B_SPLINE_CURVE_WITH_KNOTS('',3,(#8676,#8677,#8678,#8679,#8680),
 .UNSPECIFIED.,.F.,.F.,(4,1,4),(0.,0.0063062186696071,0.0136560407995059),
 .UNSPECIFIED.);
#424=B_SPLINE_CURVE_WITH_KNOTS('',3,(#8682,#8683,#8684,#8685,#8686),
 .UNSPECIFIED.,.F.,.F.,(4,1,4),(-0.0136560407995059,-0.0063062186696071,
0.),.UNSPECIFIED.);
#425=B_SPLINE_CURVE_WITH_KNOTS('',3,(#8699,#8700,#8701,#8702,#8703),
 .UNSPECIFIED.,.F.,.F.,(4,1,4),(0.,0.00975268224128805,0.0174139617130574),
 .UNSPECIFIED.);
#426=B_SPLINE_CURVE_WITH_KNOTS('',3,(#8705,#8706,#8707,#8708,#8709),
 .UNSPECIFIED.,.F.,.F.,(4,1,4),(-0.0174139617130574,-0.00975268224128805,
0.),.UNSPECIFIED.);
#427=B_SPLINE_CURVE_WITH_KNOTS('',3,(#8722,#8723,#8724,#8725,#8726),
 .UNSPECIFIED.,.F.,.F.,(4,1,4),(0.,0.00633963982230816,0.0119622029330882),
 .UNSPECIFIED.);
#428=B_SPLINE_CURVE_WITH_KNOTS('',3,(#8728,#8729,#8730,#8731,#8732),
 .UNSPECIFIED.,.F.,.F.,(4,1,4),(-0.0119622029330882,-0.00633963982230816,
0.),.UNSPECIFIED.);
#429=B_SPLINE_CURVE_WITH_KNOTS('',3,(#8745,#8746,#8747,#8748,#8749),
 .UNSPECIFIED.,.F.,.F.,(4,1,4),(0.,0.00497581737388957,0.0121113494900656),
 .UNSPECIFIED.);
#430=B_SPLINE_CURVE_WITH_KNOTS('',3,(#8751,#8752,#8753,#8754,#8755),
 .UNSPECIFIED.,.F.,.F.,(4,1,4),(-0.0121113494900656,-0.00497581737388957,
0.),.UNSPECIFIED.);
#431=B_SPLINE_CURVE_WITH_KNOTS('',3,(#8787,#8788,#8789,#8790,#8791),
 .UNSPECIFIED.,.F.,.F.,(4,1,4),(-0.0125202919647053,-0.00720251872096449,
0.),.UNSPECIFIED.);
#432=B_SPLINE_CURVE_WITH_KNOTS('',3,(#8804,#8805,#8806,#8807,#8808),
 .UNSPECIFIED.,.F.,.F.,(4,1,4),(-0.0115099133670502,-0.00590451876234213,
0.),.UNSPECIFIED.);
#433=B_SPLINE_CURVE_WITH_KNOTS('',3,(#8821,#8822,#8823,#8824,#8825),
 .UNSPECIFIED.,.F.,.F.,(4,1,4),(-0.0146720838878314,-0.00719997319314758,
0.),.UNSPECIFIED.);
#434=B_SPLINE_CURVE_WITH_KNOTS('',3,(#8838,#8839,#8840,#8841,#8842),
 .UNSPECIFIED.,.F.,.F.,(4,1,4),(-0.0169343236997296,-0.00806818661205243,
0.),.UNSPECIFIED.);
#435=B_SPLINE_CURVE_WITH_KNOTS('',3,(#8855,#8856,#8857,#8858,#8859),
 .UNSPECIFIED.,.F.,.F.,(4,1,4),(-0.0142939629472703,-0.00753485885324099,
0.),.UNSPECIFIED.);
#436=B_SPLINE_CURVE_WITH_KNOTS('',3,(#8872,#8873,#8874,#8875,#8876),
 .UNSPECIFIED.,.F.,.F.,(4,1,4),(-0.0112954527020234,-0.00601613434814016,
0.),.UNSPECIFIED.);
#437=B_SPLINE_CURVE_WITH_KNOTS('',3,(#8889,#8890,#8891,#8892,#8893),
 .UNSPECIFIED.,.F.,.F.,(4,1,4),(-0.00903382881442827,-0.0047221464596215,
0.),.UNSPECIFIED.);
#438=B_SPLINE_CURVE_WITH_KNOTS('',3,(#8906,#8907,#8908,#8909,#8910),
 .UNSPECIFIED.,.F.,.F.,(4,1,4),(-0.00909800488549451,-0.00432829857402007,
0.),.UNSPECIFIED.);
#439=B_SPLINE_CURVE_WITH_KNOTS('',3,(#8923,#8924,#8925,#8926,#8927),
 .UNSPECIFIED.,.F.,.F.,(4,1,4),(-0.0113279916302539,-0.00533402363742191,
0.),.UNSPECIFIED.);
#440=B_SPLINE_CURVE_WITH_KNOTS('',3,(#8982,#8983,#8984,#8985,#8986),
 .UNSPECIFIED.,.F.,.F.,(4,1,4),(-0.0120372022660775,-0.00625512619431069,
0.),.UNSPECIFIED.);
#441=B_SPLINE_CURVE_WITH_KNOTS('',3,(#8999,#9000,#9001,#9002,#9003),
 .UNSPECIFIED.,.F.,.F.,(4,1,4),(-0.0120672046239935,-0.00599255553080841,
0.),.UNSPECIFIED.);
#442=B_SPLINE_CURVE_WITH_KNOTS('',3,(#9037,#9038,#9039,#9040,#9041),
 .UNSPECIFIED.,.F.,.F.,(4,1,4),(-0.0205986833269615,-0.0108519246321572,
0.),.UNSPECIFIED.);
#443=B_SPLINE_CURVE_WITH_KNOTS('',3,(#9054,#9055,#9056,#9057,#9058),
 .UNSPECIFIED.,.F.,.F.,(4,1,4),(-0.0197389303178027,-0.00953540767235866,
0.),.UNSPECIFIED.);
#444=B_SPLINE_CURVE_WITH_KNOTS('',3,(#9071,#9072,#9073,#9074,#9075),
 .UNSPECIFIED.,.F.,.F.,(4,1,4),(-0.0191743382775559,-0.0103245246736641,
0.),.UNSPECIFIED.);
#445=B_SPLINE_CURVE_WITH_KNOTS('',3,(#9088,#9089,#9090,#9091,#9092),
 .UNSPECIFIED.,.F.,.F.,(4,1,4),(-0.0173613323902207,-0.00841372731558791,
0.),.UNSPECIFIED.);
#446=B_SPLINE_CURVE_WITH_KNOTS('',3,(#9105,#9106,#9107,#9108,#9109),
 .UNSPECIFIED.,.F.,.F.,(4,1,4),(-0.0192249048615374,-0.00947593233601186,
0.),.UNSPECIFIED.);
#447=B_SPLINE_CURVE_WITH_KNOTS('',3,(#9122,#9123,#9124,#9125,#9126),
 .UNSPECIFIED.,.F.,.F.,(4,1,4),(-0.019667836755239,-0.0102893423216238,
0.),.UNSPECIFIED.);
#448=B_SPLINE_CURVE_WITH_KNOTS('',3,(#9139,#9140,#9141,#9142,#9143),
 .UNSPECIFIED.,.F.,.F.,(4,1,4),(-0.0173557609940017,-0.00877023212587138,
0.),.UNSPECIFIED.);
#449=B_SPLINE_CURVE_WITH_KNOTS('',3,(#9156,#9157,#9158,#9159,#9160),
 .UNSPECIFIED.,.F.,.F.,(4,1,4),(-0.0176354268476463,-0.00869743256880039,
0.),.UNSPECIFIED.);
#450=B_SPLINE_CURVE_WITH_KNOTS('',3,(#9173,#9174,#9175,#9176,#9177),
 .UNSPECIFIED.,.F.,.F.,(4,1,4),(-0.018708485027622,-0.00976115733268513,
0.),.UNSPECIFIED.);
#451=B_SPLINE_CURVE_WITH_KNOTS('',3,(#9190,#9191,#9192,#9193,#9194),
 .UNSPECIFIED.,.F.,.F.,(4,1,4),(-0.0183002733831955,-0.00884970038270104,
0.),.UNSPECIFIED.);
#452=B_SPLINE_CURVE_WITH_KNOTS('',3,(#9211,#9212,#9213,#9214,#9215),
 .UNSPECIFIED.,.F.,.F.,(4,1,4),(-0.0133384339256367,-0.00724452632810666,
0.),.UNSPECIFIED.);
#453=B_SPLINE_CURVE_WITH_KNOTS('',3,(#9228,#9229,#9230,#9231,#9232),
 .UNSPECIFIED.,.F.,.F.,(4,1,4),(-0.0123267489916665,-0.00584565411441876,
0.),.UNSPECIFIED.);
#454=B_SPLINE_CURVE_WITH_KNOTS('',3,(#9245,#9246,#9247,#9248,#9249),
 .UNSPECIFIED.,.F.,.F.,(4,1,4),(-0.0142082524200503,-0.00746989848406337,
0.),.UNSPECIFIED.);
#455=B_SPLINE_CURVE_WITH_KNOTS('',3,(#9262,#9263,#9264,#9265,#9266),
 .UNSPECIFIED.,.F.,.F.,(4,1,4),(-0.0130460414222867,-0.00646600749666631,
0.),.UNSPECIFIED.);
#456=B_SPLINE_CURVE_WITH_KNOTS('',3,(#9279,#9280,#9281,#9282,#9283),
 .UNSPECIFIED.,.F.,.F.,(4,1,4),(-0.0136653130467429,-0.00682111481693143,
0.),.UNSPECIFIED.);
#457=B_SPLINE_CURVE_WITH_KNOTS('',3,(#9296,#9297,#9298,#9299,#9300),
 .UNSPECIFIED.,.F.,.F.,(4,1,4),(-0.0158741809480218,-0.00838730589268553,
0.),.UNSPECIFIED.);
#458=B_SPLINE_CURVE_WITH_KNOTS('',3,(#9313,#9314,#9315,#9316,#9317),
 .UNSPECIFIED.,.F.,.F.,(4,1,4),(-0.01301487855391,-0.00670208853272614,
0.),.UNSPECIFIED.);
#459=B_SPLINE_CURVE_WITH_KNOTS('',3,(#9330,#9331,#9332,#9333,#9334),
 .UNSPECIFIED.,.F.,.F.,(4,1,4),(-0.0124552992190673,-0.006229015767479,
0.),.UNSPECIFIED.);
#460=B_SPLINE_CURVE_WITH_KNOTS('',3,(#9347,#9348,#9349,#9350,#9351),
 .UNSPECIFIED.,.F.,.F.,(4,1,4),(-0.0141465796240194,-0.00727330382127283,
0.),.UNSPECIFIED.);
#461=B_SPLINE_CURVE_WITH_KNOTS('',3,(#9363,#9364,#9365,#9366,#9367),
 .UNSPECIFIED.,.F.,.F.,(4,1,4),(-0.0154109562523619,-0.00717953785444022,
0.),.UNSPECIFIED.);
#462=B_SPLINE_CURVE_WITH_KNOTS('',3,(#9389,#9390,#9391,#9392,#9393),
 .UNSPECIFIED.,.F.,.F.,(4,1,4),(0.,0.00618593189433274,0.0109700356699965),
 .UNSPECIFIED.);
#463=B_SPLINE_CURVE_WITH_KNOTS('',3,(#9395,#9396,#9397,#9398,#9399),
 .UNSPECIFIED.,.F.,.F.,(4,1,4),(-0.0109700356699965,-0.00618593189433274,
0.),.UNSPECIFIED.);
#464=B_SPLINE_CURVE_WITH_KNOTS('',3,(#9412,#9413,#9414,#9415,#9416),
 .UNSPECIFIED.,.F.,.F.,(4,1,4),(0.,0.00386465233218223,0.00730262637030421),
 .UNSPECIFIED.);
#465=B_SPLINE_CURVE_WITH_KNOTS('',3,(#9418,#9419,#9420,#9421,#9422),
 .UNSPECIFIED.,.F.,.F.,(4,1,4),(-0.00730262637030421,-0.00386465233218223,
0.),.UNSPECIFIED.);
#466=B_SPLINE_CURVE_WITH_KNOTS('',3,(#9435,#9436,#9437,#9438,#9439),
 .UNSPECIFIED.,.F.,.F.,(4,1,4),(0.,0.0048477920774377,0.0103074636187857),
 .UNSPECIFIED.);
#467=B_SPLINE_CURVE_WITH_KNOTS('',3,(#9441,#9442,#9443,#9444,#9445),
 .UNSPECIFIED.,.F.,.F.,(4,1,4),(-0.0103074636187857,-0.0048477920774377,
0.),.UNSPECIFIED.);
#468=B_SPLINE_CURVE_WITH_KNOTS('',3,(#9458,#9459,#9460,#9461,#9462),
 .UNSPECIFIED.,.F.,.F.,(4,1,4),(0.,0.00630621541170937,0.0136560375416082),
 .UNSPECIFIED.);
#469=B_SPLINE_CURVE_WITH_KNOTS('',3,(#9464,#9465,#9466,#9467,#9468),
 .UNSPECIFIED.,.F.,.F.,(4,1,4),(-0.0136560375416082,-0.00630621541170937,
0.),.UNSPECIFIED.);
#470=B_SPLINE_CURVE_WITH_KNOTS('',3,(#9481,#9482,#9483,#9484,#9485),
 .UNSPECIFIED.,.F.,.F.,(4,1,4),(0.,0.00975268086425008,0.0174139603360194),
 .UNSPECIFIED.);
#471=B_SPLINE_CURVE_WITH_KNOTS('',3,(#9487,#9488,#9489,#9490,#9491),
 .UNSPECIFIED.,.F.,.F.,(4,1,4),(-0.0174139603360194,-0.00975268086425008,
0.),.UNSPECIFIED.);
#472=B_SPLINE_CURVE_WITH_KNOTS('',3,(#9504,#9505,#9506,#9507,#9508),
 .UNSPECIFIED.,.F.,.F.,(4,1,4),(0.,0.00633964451504709,0.0119622013064152),
 .UNSPECIFIED.);
#473=B_SPLINE_CURVE_WITH_KNOTS('',3,(#9510,#9511,#9512,#9513,#9514),
 .UNSPECIFIED.,.F.,.F.,(4,1,4),(-0.0119622013064152,-0.00633964451504709,
0.),.UNSPECIFIED.);
#474=B_SPLINE_CURVE_WITH_KNOTS('',3,(#9527,#9528,#9529,#9530,#9531),
 .UNSPECIFIED.,.F.,.F.,(4,1,4),(0.,0.00497583192356713,0.0121113491573604),
 .UNSPECIFIED.);
#475=B_SPLINE_CURVE_WITH_KNOTS('',3,(#9533,#9534,#9535,#9536,#9537),
 .UNSPECIFIED.,.F.,.F.,(4,1,4),(-0.0121113491573604,-0.00497583192356713,
0.),.UNSPECIFIED.);
#476=B_SPLINE_CURVE_WITH_KNOTS('',3,(#9569,#9570,#9571,#9572,#9573),
 .UNSPECIFIED.,.F.,.F.,(4,1,4),(-0.0125202919647053,-0.00720251872096449,
0.),.UNSPECIFIED.);
#477=B_SPLINE_CURVE_WITH_KNOTS('',3,(#9586,#9587,#9588,#9589,#9590),
 .UNSPECIFIED.,.F.,.F.,(4,1,4),(-0.0115098992982425,-0.00590450469353441,
0.),.UNSPECIFIED.);
#478=B_SPLINE_CURVE_WITH_KNOTS('',3,(#9603,#9604,#9605,#9606,#9607),
 .UNSPECIFIED.,.F.,.F.,(4,1,4),(-0.0146720838878314,-0.00719997319314758,
0.),.UNSPECIFIED.);
#479=B_SPLINE_CURVE_WITH_KNOTS('',3,(#9620,#9621,#9622,#9623,#9624),
 .UNSPECIFIED.,.F.,.F.,(4,1,4),(-0.0169343275028426,-0.00806819041516547,
0.),.UNSPECIFIED.);
#480=B_SPLINE_CURVE_WITH_KNOTS('',3,(#9637,#9638,#9639,#9640,#9641),
 .UNSPECIFIED.,.F.,.F.,(4,1,4),(-0.0142939638679548,-0.00753485977392554,
0.),.UNSPECIFIED.);
#481=B_SPLINE_CURVE_WITH_KNOTS('',3,(#9654,#9655,#9656,#9657,#9658),
 .UNSPECIFIED.,.F.,.F.,(4,1,4),(-0.0112954527020234,-0.00601613434814016,
0.),.UNSPECIFIED.);
#482=B_SPLINE_CURVE_WITH_KNOTS('',3,(#9671,#9672,#9673,#9674,#9675),
 .UNSPECIFIED.,.F.,.F.,(4,1,4),(-0.0090338173248953,-0.0047221464596215,
0.),.UNSPECIFIED.);
#483=B_SPLINE_CURVE_WITH_KNOTS('',3,(#9688,#9689,#9690,#9691,#9692),
 .UNSPECIFIED.,.F.,.F.,(4,1,4),(-0.00909801803642624,-0.00432831172495179,
0.),.UNSPECIFIED.);
#484=B_SPLINE_CURVE_WITH_KNOTS('',3,(#9705,#9706,#9707,#9708,#9709),
 .UNSPECIFIED.,.F.,.F.,(4,1,4),(-0.0113279841889138,-0.00533402363742191,
0.),.UNSPECIFIED.);
#485=B_SPLINE_CURVE_WITH_KNOTS('',3,(#9781,#9782,#9783,#9784,#9785),
 .UNSPECIFIED.,.F.,.F.,(4,1,4),(-0.0163431255252118,-0.0084169158146444,
0.),.UNSPECIFIED.);
#486=B_SPLINE_CURVE_WITH_KNOTS('',3,(#9798,#9799,#9800,#9801,#9802),
 .UNSPECIFIED.,.F.,.F.,(4,1,4),(-0.0152117191376541,-0.00763622042774877,
0.),.UNSPECIFIED.);
#487=B_SPLINE_CURVE_WITH_KNOTS('',3,(#9815,#9816,#9817,#9818,#9819),
 .UNSPECIFIED.,.F.,.F.,(4,1,4),(-0.019399755326734,-0.00990400401797913,
0.),.UNSPECIFIED.);
#488=B_SPLINE_CURVE_WITH_KNOTS('',3,(#9832,#9833,#9834,#9835,#9836),
 .UNSPECIFIED.,.F.,.F.,(4,1,4),(-0.0182541637009654,-0.00915779288808345,
0.),.UNSPECIFIED.);
#489=B_SPLINE_CURVE_WITH_KNOTS('',3,(#9849,#9850,#9851,#9852,#9853),
 .UNSPECIFIED.,.F.,.F.,(4,1,4),(-0.0192973218179827,-0.00941440250494592,
0.),.UNSPECIFIED.);
#490=B_SPLINE_CURVE_WITH_KNOTS('',3,(#9866,#9867,#9868,#9869,#9870),
 .UNSPECIFIED.,.F.,.F.,(4,1,4),(-0.0196757870981546,-0.00993567781200908,
0.),.UNSPECIFIED.);
#491=B_SPLINE_CURVE_WITH_KNOTS('',3,(#9883,#9884,#9885,#9886,#9887),
 .UNSPECIFIED.,.F.,.F.,(4,1,4),(-0.0182425782971076,-0.00931177244153368,
0.),.UNSPECIFIED.);
#492=B_SPLINE_CURVE_WITH_KNOTS('',3,(#9900,#9901,#9902,#9903,#9904),
 .UNSPECIFIED.,.F.,.F.,(4,1,4),(-0.0191194587849575,-0.00921280528886077,
0.),.UNSPECIFIED.);
#493=B_SPLINE_CURVE_WITH_KNOTS('',3,(#9917,#9918,#9919,#9920,#9921),
 .UNSPECIFIED.,.F.,.F.,(4,1,4),(-0.0140105257391495,-0.00725409896432828,
0.),.UNSPECIFIED.);
#494=B_SPLINE_CURVE_WITH_KNOTS('',3,(#9934,#9935,#9936,#9937,#9938),
 .UNSPECIFIED.,.F.,.F.,(4,1,4),(-0.0119141850127474,-0.00621407206330386,
0.),.UNSPECIFIED.);
#495=B_SPLINE_CURVE_WITH_KNOTS('',3,(#9951,#9952,#9953,#9954,#9955),
 .UNSPECIFIED.,.F.,.F.,(4,1,4),(-0.0126951561697451,-0.00591857530721238,
0.),.UNSPECIFIED.);
#496=B_SPLINE_CURVE_WITH_KNOTS('',3,(#9972,#9973,#9974,#9975,#9976),
 .UNSPECIFIED.,.F.,.F.,(4,1,4),(-0.00930860307107835,-0.00509125598851826,
0.),.UNSPECIFIED.);
#497=B_SPLINE_CURVE_WITH_KNOTS('',3,(#9989,#9990,#9991,#9992,#9993),
 .UNSPECIFIED.,.F.,.F.,(4,1,4),(-0.0083557585029595,-0.00395507039936131,
0.),.UNSPECIFIED.);
#498=B_SPLINE_CURVE_WITH_KNOTS('',3,(#10006,#10007,#10008,#10009,#10010),
 .UNSPECIFIED.,.F.,.F.,(4,1,4),(-0.00986898282397107,-0.00478676470211273,
0.),.UNSPECIFIED.);
#499=B_SPLINE_CURVE_WITH_KNOTS('',3,(#10023,#10024,#10025,#10026,#10027),
 .UNSPECIFIED.,.F.,.F.,(4,1,4),(-0.0112056773678725,-0.0059405773123253,
0.),.UNSPECIFIED.);
#500=B_SPLINE_CURVE_WITH_KNOTS('',3,(#10040,#10041,#10042,#10043,#10044),
 .UNSPECIFIED.,.F.,.F.,(4,1,4),(-0.00909490994233379,-0.00474505786674984,
0.),.UNSPECIFIED.);
#501=B_SPLINE_CURVE_WITH_KNOTS('',3,(#10057,#10058,#10059,#10060,#10061),
 .UNSPECIFIED.,.F.,.F.,(4,1,4),(-0.0082422491118675,-0.00416028266602605,
0.),.UNSPECIFIED.);
#502=B_SPLINE_CURVE_WITH_KNOTS('',3,(#10074,#10075,#10076,#10077,#10078),
 .UNSPECIFIED.,.F.,.F.,(4,1,4),(-0.0144072744949017,-0.0070592752964001,
0.),.UNSPECIFIED.);
#503=B_SPLINE_CURVE_WITH_KNOTS('',3,(#10091,#10092,#10093,#10094,#10095),
 .UNSPECIFIED.,.F.,.F.,(4,1,4),(-0.0161013521175397,-0.00863250220869663,
0.),.UNSPECIFIED.);
#504=B_SPLINE_CURVE_WITH_KNOTS('',3,(#10108,#10109,#10110,#10111,#10112),
 .UNSPECIFIED.,.F.,.F.,(4,1,4),(-0.0134313837115225,-0.00676845018609798,
0.),.UNSPECIFIED.);
#505=B_SPLINE_CURVE_WITH_KNOTS('',3,(#10125,#10126,#10127,#10128,#10129),
 .UNSPECIFIED.,.F.,.F.,(4,1,4),(-0.0135273537815585,-0.00675154056438397,
0.),.UNSPECIFIED.);
#506=B_SPLINE_CURVE_WITH_KNOTS('',3,(#10142,#10143,#10144,#10145,#10146),
 .UNSPECIFIED.,.F.,.F.,(4,1,4),(-0.0120287920842925,-0.00597287294802625,
0.),.UNSPECIFIED.);
#507=B_SPLINE_CURVE_WITH_KNOTS('',3,(#10159,#10160,#10161,#10162,#10163),
 .UNSPECIFIED.,.F.,.F.,(4,1,4),(-0.0100312111692126,-0.0055771938572969,
0.),.UNSPECIFIED.);
#508=B_SPLINE_CURVE_WITH_KNOTS('',3,(#10189,#10190,#10191,#10192,#10193),
 .UNSPECIFIED.,.F.,.F.,(4,1,4),(-0.0205986875204347,-0.0108519190344833,
0.),.UNSPECIFIED.);
#509=B_SPLINE_CURVE_WITH_KNOTS('',3,(#10206,#10207,#10208,#10209,#10210),
 .UNSPECIFIED.,.F.,.F.,(4,1,4),(-0.0197389384864071,-0.00953540110129014,
0.),.UNSPECIFIED.);
#510=B_SPLINE_CURVE_WITH_KNOTS('',3,(#10223,#10224,#10225,#10226,#10227),
 .UNSPECIFIED.,.F.,.F.,(4,1,4),(-0.0191743303284685,-0.0103245098655428,
0.),.UNSPECIFIED.);
#511=B_SPLINE_CURVE_WITH_KNOTS('',3,(#10240,#10241,#10242,#10243,#10244),
 .UNSPECIFIED.,.F.,.F.,(4,1,4),(-0.017361334436025,-0.00841372178708937,
0.),.UNSPECIFIED.);
#512=B_SPLINE_CURVE_WITH_KNOTS('',3,(#10257,#10258,#10259,#10260,#10261),
 .UNSPECIFIED.,.F.,.F.,(4,1,4),(-0.0192249026793376,-0.00947593015381202,
0.),.UNSPECIFIED.);
#513=B_SPLINE_CURVE_WITH_KNOTS('',3,(#10274,#10275,#10276,#10277,#10278),
 .UNSPECIFIED.,.F.,.F.,(4,1,4),(-0.0196678402213254,-0.0102893408089587,
0.),.UNSPECIFIED.);
#514=B_SPLINE_CURVE_WITH_KNOTS('',3,(#10291,#10292,#10293,#10294,#10295),
 .UNSPECIFIED.,.F.,.F.,(4,1,4),(-0.0173557626196725,-0.00877022782606314,
0.),.UNSPECIFIED.);
#515=B_SPLINE_CURVE_WITH_KNOTS('',3,(#10308,#10309,#10310,#10311,#10312),
 .UNSPECIFIED.,.F.,.F.,(4,1,4),(-0.0176354268476463,-0.00869743256880039,
0.),.UNSPECIFIED.);
#516=B_SPLINE_CURVE_WITH_KNOTS('',3,(#10325,#10326,#10327,#10328,#10329),
 .UNSPECIFIED.,.F.,.F.,(4,1,4),(-0.0187084843072817,-0.00976114995232333,
0.),.UNSPECIFIED.);
#517=B_SPLINE_CURVE_WITH_KNOTS('',3,(#10342,#10343,#10344,#10345,#10346),
 .UNSPECIFIED.,.F.,.F.,(4,1,4),(-0.0183002733831955,-0.00884970038270104,
0.),.UNSPECIFIED.);
#518=B_SPLINE_CURVE_WITH_KNOTS('',3,(#10363,#10364,#10365,#10366,#10367),
 .UNSPECIFIED.,.F.,.F.,(4,1,4),(-0.0133384300811562,-0.00724453246648332,
0.),.UNSPECIFIED.);
#519=B_SPLINE_CURVE_WITH_KNOTS('',3,(#10380,#10381,#10382,#10383,#10384),
 .UNSPECIFIED.,.F.,.F.,(4,1,4),(-0.012326748272743,-0.00584566077842158,
0.),.UNSPECIFIED.);
#520=B_SPLINE_CURVE_WITH_KNOTS('',3,(#10397,#10398,#10399,#10400,#10401),
 .UNSPECIFIED.,.F.,.F.,(4,1,4),(-0.0142082524200503,-0.00746989848406337,
0.),.UNSPECIFIED.);
#521=B_SPLINE_CURVE_WITH_KNOTS('',3,(#10414,#10415,#10416,#10417,#10418),
 .UNSPECIFIED.,.F.,.F.,(4,1,4),(-0.0130460429048365,-0.00646600218038725,
0.),.UNSPECIFIED.);
#522=B_SPLINE_CURVE_WITH_KNOTS('',3,(#10431,#10432,#10433,#10434,#10435),
 .UNSPECIFIED.,.F.,.F.,(4,1,4),(-0.0136653112473807,-0.00682111301756927,
0.),.UNSPECIFIED.);
#523=B_SPLINE_CURVE_WITH_KNOTS('',3,(#10448,#10449,#10450,#10451,#10452),
 .UNSPECIFIED.,.F.,.F.,(4,1,4),(-0.0158741842546758,-0.00838730531477044,
0.),.UNSPECIFIED.);
#524=B_SPLINE_CURVE_WITH_KNOTS('',3,(#10465,#10466,#10467,#10468,#10469),
 .UNSPECIFIED.,.F.,.F.,(4,1,4),(-0.013014876790771,-0.00670208114112312,
0.),.UNSPECIFIED.);
#525=B_SPLINE_CURVE_WITH_KNOTS('',3,(#10482,#10483,#10484,#10485,#10486),
 .UNSPECIFIED.,.F.,.F.,(4,1,4),(-0.0124552918339686,-0.006229015767479,
0.),.UNSPECIFIED.);
#526=B_SPLINE_CURVE_WITH_KNOTS('',3,(#10499,#10500,#10501,#10502,#10503),
 .UNSPECIFIED.,.F.,.F.,(4,1,4),(-0.0141465869854004,-0.00727331118265385,
0.),.UNSPECIFIED.);
#527=B_SPLINE_CURVE_WITH_KNOTS('',3,(#10515,#10516,#10517,#10518,#10519),
 .UNSPECIFIED.,.F.,.F.,(4,1,4),(-0.0154109562523619,-0.00717953785444022,
0.),.UNSPECIFIED.);
#528=B_SPLINE_CURVE_WITH_KNOTS('',3,(#10538,#10539,#10540,#10541,#10542),
 .UNSPECIFIED.,.F.,.F.,(4,1,4),(-0.0205986833269615,-0.0108519246321572,
0.),.UNSPECIFIED.);
#529=B_SPLINE_CURVE_WITH_KNOTS('',3,(#10555,#10556,#10557,#10558,#10559),
 .UNSPECIFIED.,.F.,.F.,(4,1,4),(-0.0197389303178027,-0.00953540767235866,
0.),.UNSPECIFIED.);
#530=B_SPLINE_CURVE_WITH_KNOTS('',3,(#10572,#10573,#10574,#10575,#10576),
 .UNSPECIFIED.,.F.,.F.,(4,1,4),(-0.0191743382775559,-0.0103245246736641,
0.),.UNSPECIFIED.);
#531=B_SPLINE_CURVE_WITH_KNOTS('',3,(#10589,#10590,#10591,#10592,#10593),
 .UNSPECIFIED.,.F.,.F.,(4,1,4),(-0.0173613323902207,-0.00841372731558791,
0.),.UNSPECIFIED.);
#532=B_SPLINE_CURVE_WITH_KNOTS('',3,(#10606,#10607,#10608,#10609,#10610),
 .UNSPECIFIED.,.F.,.F.,(4,1,4),(-0.0192249048615374,-0.00947593233601186,
0.),.UNSPECIFIED.);
#533=B_SPLINE_CURVE_WITH_KNOTS('',3,(#10623,#10624,#10625,#10626,#10627),
 .UNSPECIFIED.,.F.,.F.,(4,1,4),(-0.019667836755239,-0.0102893423216238,
0.),.UNSPECIFIED.);
#534=B_SPLINE_CURVE_WITH_KNOTS('',3,(#10640,#10641,#10642,#10643,#10644),
 .UNSPECIFIED.,.F.,.F.,(4,1,4),(-0.0173557609940017,-0.00877023212587138,
0.),.UNSPECIFIED.);
#535=B_SPLINE_CURVE_WITH_KNOTS('',3,(#10657,#10658,#10659,#10660,#10661),
 .UNSPECIFIED.,.F.,.F.,(4,1,4),(-0.0176354268476463,-0.00869743256880039,
0.),.UNSPECIFIED.);
#536=B_SPLINE_CURVE_WITH_KNOTS('',3,(#10674,#10675,#10676,#10677,#10678),
 .UNSPECIFIED.,.F.,.F.,(4,1,4),(-0.018708485027622,-0.00976115733268513,
0.),.UNSPECIFIED.);
#537=B_SPLINE_CURVE_WITH_KNOTS('',3,(#10691,#10692,#10693,#10694,#10695),
 .UNSPECIFIED.,.F.,.F.,(4,1,4),(-0.0183002733831955,-0.00884970038270104,
0.),.UNSPECIFIED.);
#538=B_SPLINE_CURVE_WITH_KNOTS('',3,(#10712,#10713,#10714,#10715,#10716),
 .UNSPECIFIED.,.F.,.F.,(4,1,4),(-0.0133384339256367,-0.00724452632810666,
0.),.UNSPECIFIED.);
#539=B_SPLINE_CURVE_WITH_KNOTS('',3,(#10729,#10730,#10731,#10732,#10733),
 .UNSPECIFIED.,.F.,.F.,(4,1,4),(-0.0123267489916665,-0.00584565411441876,
0.),.UNSPECIFIED.);
#540=B_SPLINE_CURVE_WITH_KNOTS('',3,(#10746,#10747,#10748,#10749,#10750),
 .UNSPECIFIED.,.F.,.F.,(4,1,4),(-0.0142082524200503,-0.00746989848406337,
0.),.UNSPECIFIED.);
#541=B_SPLINE_CURVE_WITH_KNOTS('',3,(#10763,#10764,#10765,#10766,#10767),
 .UNSPECIFIED.,.F.,.F.,(4,1,4),(-0.0130460414222867,-0.00646600749666631,
0.),.UNSPECIFIED.);
#542=B_SPLINE_CURVE_WITH_KNOTS('',3,(#10780,#10781,#10782,#10783,#10784),
 .UNSPECIFIED.,.F.,.F.,(4,1,4),(-0.0136653130467429,-0.00682111481693143,
0.),.UNSPECIFIED.);
#543=B_SPLINE_CURVE_WITH_KNOTS('',3,(#10797,#10798,#10799,#10800,#10801),
 .UNSPECIFIED.,.F.,.F.,(4,1,4),(-0.0158741809480218,-0.00838730589268553,
0.),.UNSPECIFIED.);
#544=B_SPLINE_CURVE_WITH_KNOTS('',3,(#10814,#10815,#10816,#10817,#10818),
 .UNSPECIFIED.,.F.,.F.,(4,1,4),(-0.01301487855391,-0.00670208853272614,
0.),.UNSPECIFIED.);
#545=B_SPLINE_CURVE_WITH_KNOTS('',3,(#10831,#10832,#10833,#10834,#10835),
 .UNSPECIFIED.,.F.,.F.,(4,1,4),(-0.0124552992190673,-0.006229015767479,
0.),.UNSPECIFIED.);
#546=B_SPLINE_CURVE_WITH_KNOTS('',3,(#10848,#10849,#10850,#10851,#10852),
 .UNSPECIFIED.,.F.,.F.,(4,1,4),(-0.0141465796240194,-0.00727330382127283,
0.),.UNSPECIFIED.);
#547=B_SPLINE_CURVE_WITH_KNOTS('',3,(#10864,#10865,#10866,#10867,#10868),
 .UNSPECIFIED.,.F.,.F.,(4,1,4),(-0.0154109562523619,-0.00717953785444022,
0.),.UNSPECIFIED.);
#548=B_SPLINE_CURVE_WITH_KNOTS('',3,(#10887,#10888,#10889,#10890,#10891),
 .UNSPECIFIED.,.F.,.F.,(4,1,4),(-0.00915426158762109,-0.00489110265517762,
0.),.UNSPECIFIED.);
#549=B_SPLINE_CURVE_WITH_KNOTS('',3,(#10904,#10905,#10906,#10907,#10908),
 .UNSPECIFIED.,.F.,.F.,(4,1,4),(-0.00899281489174127,-0.0042006806106966,
0.),.UNSPECIFIED.);
#550=B_SPLINE_CURVE_WITH_KNOTS('',3,(#10921,#10922,#10923,#10924,#10925),
 .UNSPECIFIED.,.F.,.F.,(4,1,4),(-0.0110010285257922,-0.00530711137687775,
0.),.UNSPECIFIED.);
#551=B_SPLINE_CURVE_WITH_KNOTS('',3,(#10938,#10939,#10940,#10941,#10942),
 .UNSPECIFIED.,.F.,.F.,(4,1,4),(-0.00953133612141993,-0.0050052954151223,
0.),.UNSPECIFIED.);
#552=B_SPLINE_CURVE_WITH_KNOTS('',3,(#10955,#10956,#10957,#10958,#10959),
 .UNSPECIFIED.,.F.,.F.,(4,1,4),(-0.00750531295448477,-0.00400217286776024,
0.),.UNSPECIFIED.);
#553=B_SPLINE_CURVE_WITH_KNOTS('',3,(#10972,#10973,#10974,#10975,#10976),
 .UNSPECIFIED.,.F.,.F.,(4,1,4),(-0.006393430877048,-0.00323278086520551,
0.),.UNSPECIFIED.);
#554=B_SPLINE_CURVE_WITH_KNOTS('',3,(#10989,#10990,#10991,#10992,#10993),
 .UNSPECIFIED.,.F.,.F.,(4,1,4),(-0.00615071595056487,-0.00312250164582129,
0.),.UNSPECIFIED.);
#555=B_SPLINE_CURVE_WITH_KNOTS('',3,(#11006,#11007,#11008,#11009,#11010),
 .UNSPECIFIED.,.F.,.F.,(4,1,4),(-0.00760377402727232,-0.0033943401260827,
0.),.UNSPECIFIED.);
#556=B_SPLINE_CURVE_WITH_KNOTS('',3,(#11023,#11024,#11025,#11026,#11027),
 .UNSPECIFIED.,.F.,.F.,(4,1,4),(-0.0129257909011645,-0.00473665800198396,
0.),.UNSPECIFIED.);
#557=B_SPLINE_CURVE_WITH_KNOTS('',3,(#11040,#11041,#11042,#11043,#11044),
 .UNSPECIFIED.,.F.,.F.,(4,1,4),(-0.0142230501885943,-0.0085039846147453,
0.),.UNSPECIFIED.);
#558=B_SPLINE_CURVE_WITH_KNOTS('',3,(#11057,#11058,#11059,#11060,#11061),
 .UNSPECIFIED.,.F.,.F.,(4,1,4),(-0.0100030182301029,-0.00527248552924392,
0.),.UNSPECIFIED.);
#559=B_SPLINE_CURVE_WITH_KNOTS('',3,(#11074,#11075,#11076,#11077,#11078),
 .UNSPECIFIED.,.F.,.F.,(4,1,4),(-0.009148765597243,-0.00451790699087039,
0.),.UNSPECIFIED.);
#560=B_SPLINE_CURVE_WITH_KNOTS('',3,(#11091,#11092,#11093,#11094,#11095),
 .UNSPECIFIED.,.F.,.F.,(4,1,4),(-0.0104683865678066,-0.00518190854499569,
0.),.UNSPECIFIED.);
#561=B_SPLINE_CURVE_WITH_KNOTS('',3,(#11108,#11109,#11110,#11111,#11112),
 .UNSPECIFIED.,.F.,.F.,(4,1,4),(-0.0113632574717875,-0.00548801980367805,
0.),.UNSPECIFIED.);
#562=B_SPLINE_CURVE_WITH_KNOTS('',3,(#11125,#11126,#11127,#11128,#11129),
 .UNSPECIFIED.,.F.,.F.,(4,1,4),(-0.0131282079948917,-0.00635730842669751,
0.),.UNSPECIFIED.);
#563=B_SPLINE_CURVE_WITH_KNOTS('',3,(#11142,#11143,#11144,#11145,#11146),
 .UNSPECIFIED.,.F.,.F.,(4,1,4),(-0.0140248683467172,-0.00735026589714979,
0.),.UNSPECIFIED.);
#564=B_SPLINE_CURVE_WITH_KNOTS('',3,(#11159,#11160,#11161,#11162,#11163),
 .UNSPECIFIED.,.F.,.F.,(4,1,4),(-0.0118832563132213,-0.00610296138636223,
0.),.UNSPECIFIED.);
#565=B_SPLINE_CURVE_WITH_KNOTS('',3,(#11176,#11177,#11178,#11179,#11180),
 .UNSPECIFIED.,.F.,.F.,(4,1,4),(-0.0116643515203918,-0.00574553516582166,
0.),.UNSPECIFIED.);
#566=B_SPLINE_CURVE_WITH_KNOTS('',3,(#11197,#11198,#11199,#11200,#11201),
 .UNSPECIFIED.,.F.,.F.,(4,1,4),(-0.0113617024847805,-0.00603316616681953,
0.),.UNSPECIFIED.);
#567=B_SPLINE_CURVE_WITH_KNOTS('',3,(#11214,#11215,#11216,#11217,#11218),
 .UNSPECIFIED.,.F.,.F.,(4,1,4),(-0.0128474769593489,-0.00571220808224671,
0.),.UNSPECIFIED.);
#568=B_SPLINE_CURVE_WITH_KNOTS('',3,(#11231,#11232,#11233,#11234,#11235),
 .UNSPECIFIED.,.F.,.F.,(4,1,4),(-0.0127975657069301,-0.00730450583075202,
0.),.UNSPECIFIED.);
#569=B_SPLINE_CURVE_WITH_KNOTS('',3,(#11248,#11249,#11250,#11251,#11252),
 .UNSPECIFIED.,.F.,.F.,(4,1,4),(-0.00859656649436447,-0.00445473024346887,
0.),.UNSPECIFIED.);
#570=B_SPLINE_CURVE_WITH_KNOTS('',3,(#11265,#11266,#11267,#11268,#11269),
 .UNSPECIFIED.,.F.,.F.,(4,1,4),(-0.00694504376353558,-0.00350461179831715,
0.),.UNSPECIFIED.);
#571=B_SPLINE_CURVE_WITH_KNOTS('',3,(#11282,#11283,#11284,#11285,#11286),
 .UNSPECIFIED.,.F.,.F.,(4,1,4),(-0.0149017601774365,-0.00542143541706862,
0.),.UNSPECIFIED.);
#572=B_SPLINE_CURVE_WITH_KNOTS('',3,(#11299,#11300,#11301,#11302,#11303),
 .UNSPECIFIED.,.F.,.F.,(4,1,4),(-0.0161396007968698,-0.00981620882476349,
0.),.UNSPECIFIED.);
#573=B_SPLINE_CURVE_WITH_KNOTS('',3,(#11316,#11317,#11318,#11319,#11320),
 .UNSPECIFIED.,.F.,.F.,(4,1,4),(-0.0116153017213643,-0.00619796329413762,
0.),.UNSPECIFIED.);
#574=B_SPLINE_CURVE_WITH_KNOTS('',3,(#11333,#11334,#11335,#11336,#11337),
 .UNSPECIFIED.,.F.,.F.,(4,1,4),(-0.0104930079990686,-0.00513716683909002,
0.),.UNSPECIFIED.);
#575=B_SPLINE_CURVE_WITH_KNOTS('',3,(#11350,#11351,#11352,#11353,#11354),
 .UNSPECIFIED.,.F.,.F.,(4,1,4),(-0.0111232056260259,-0.00548410984687333,
0.),.UNSPECIFIED.);
#576=B_SPLINE_CURVE_WITH_KNOTS('',3,(#11367,#11368,#11369,#11370,#11371),
 .UNSPECIFIED.,.F.,.F.,(4,1,4),(-0.0121082980766936,-0.00587266719405679,
0.),.UNSPECIFIED.);
#577=B_SPLINE_CURVE_WITH_KNOTS('',3,(#11384,#11385,#11386,#11387,#11388),
 .UNSPECIFIED.,.F.,.F.,(4,1,4),(-0.0138467222805265,-0.00669314784353109,
0.),.UNSPECIFIED.);
#578=B_SPLINE_CURVE_WITH_KNOTS('',3,(#11401,#11402,#11403,#11404,#11405),
 .UNSPECIFIED.,.F.,.F.,(4,1,4),(-0.0162456106296617,-0.00875949880827408,
0.),.UNSPECIFIED.);
#579=B_SPLINE_CURVE_WITH_KNOTS('',3,(#11418,#11419,#11420,#11421,#11422),
 .UNSPECIFIED.,.F.,.F.,(4,1,4),(-0.0132200351583283,-0.00669753500473487,
0.),.UNSPECIFIED.);
#580=B_SPLINE_CURVE_WITH_KNOTS('',3,(#11434,#11435,#11436,#11437,#11438),
 .UNSPECIFIED.,.F.,.F.,(4,1,4),(-0.013287905412407,-0.00654955955078685,
0.),.UNSPECIFIED.);
#581=B_SPLINE_CURVE_WITH_KNOTS('',3,(#11466,#11467,#11468,#11469,#11470),
 .UNSPECIFIED.,.F.,.F.,(4,1,4),(0.,0.00855669259994914,0.0153446513677926),
 .UNSPECIFIED.);
#582=B_SPLINE_CURVE_WITH_KNOTS('',3,(#11472,#11473,#11474,#11475,#11476),
 .UNSPECIFIED.,.F.,.F.,(4,1,4),(-0.0153446513677926,-0.00855669259994914,
0.),.UNSPECIFIED.);
#583=B_SPLINE_CURVE_WITH_KNOTS('',3,(#11489,#11490,#11491,#11492,#11493),
 .UNSPECIFIED.,.F.,.F.,(4,1,4),(0.,0.00689957171379096,0.013902217864536),
 .UNSPECIFIED.);
#584=B_SPLINE_CURVE_WITH_KNOTS('',3,(#11495,#11496,#11497,#11498,#11499),
 .UNSPECIFIED.,.F.,.F.,(4,1,4),(-0.013902217864536,-0.00689957171379096,
0.),.UNSPECIFIED.);
#585=FACE_BOUND('',#1922,.T.);
#586=FACE_BOUND('',#1923,.T.);
#587=FACE_BOUND('',#1924,.T.);
#588=FACE_BOUND('',#1925,.T.);
#589=FACE_BOUND('',#1926,.T.);
#590=FACE_BOUND('',#1927,.T.);
#591=FACE_BOUND('',#1928,.T.);
#592=FACE_BOUND('',#1929,.T.);
#593=FACE_BOUND('',#1930,.T.);
#594=FACE_BOUND('',#1931,.T.);
#595=FACE_BOUND('',#1932,.T.);
#596=FACE_BOUND('',#1933,.T.);
#597=FACE_BOUND('',#1934,.T.);
#598=FACE_BOUND('',#1935,.T.);
#599=FACE_BOUND('',#1936,.T.);
#600=FACE_BOUND('',#1937,.T.);
#601=FACE_BOUND('',#1938,.T.);
#602=FACE_BOUND('',#1939,.T.);
#603=FACE_BOUND('',#1940,.T.);
#604=FACE_BOUND('',#1941,.T.);
#605=FACE_BOUND('',#1942,.T.);
#606=FACE_BOUND('',#2017,.T.);
#607=FACE_BOUND('',#2081,.T.);
#608=FACE_BOUND('',#2220,.T.);
#609=FACE_BOUND('',#2232,.T.);
#610=FACE_BOUND('',#2233,.T.);
#611=FACE_BOUND('',#2234,.T.);
#612=FACE_BOUND('',#2235,.T.);
#613=FACE_BOUND('',#2255,.T.);
#614=FACE_BOUND('',#2256,.T.);
#615=FACE_BOUND('',#2257,.T.);
#616=FACE_BOUND('',#2258,.T.);
#617=LINE('',#6815,#1058);
#618=LINE('',#6817,#1059);
#619=LINE('',#6819,#1060);
#620=LINE('',#6820,#1061);
#621=LINE('',#6827,#1062);
#622=LINE('',#6937,#1063);
#623=LINE('',#7029,#1064);
#624=LINE('',#7031,#1065);
#625=LINE('',#7086,#1066);
#626=LINE('',#7089,#1067);
#627=LINE('',#7091,#1068);
#628=LINE('',#7093,#1069);
#629=LINE('',#7095,#1070);
#630=LINE('',#7097,#1071);
#631=LINE('',#7099,#1072);
#632=LINE('',#7101,#1073);
#633=LINE('',#7103,#1074);
#634=LINE('',#7105,#1075);
#635=LINE('',#7106,#1076);
#636=LINE('',#7109,#1077);
#637=LINE('',#7111,#1078);
#638=LINE('',#7113,#1079);
#639=LINE('',#7181,#1080);
#640=LINE('',#7255,#1081);
#641=LINE('',#7256,#1082);
#642=LINE('',#7259,#1083);
#643=LINE('',#7321,#1084);
#644=LINE('',#7383,#1085);
#645=LINE('',#7445,#1086);
#646=LINE('',#7507,#1087);
#647=LINE('',#7617,#1088);
#648=LINE('',#7709,#1089);
#649=LINE('',#7711,#1090);
#650=LINE('',#7713,#1091);
#651=LINE('',#7714,#1092);
#652=LINE('',#7725,#1093);
#653=LINE('',#7727,#1094);
#654=LINE('',#7729,#1095);
#655=LINE('',#7731,#1096);
#656=LINE('',#7733,#1097);
#657=LINE('',#7735,#1098);
#658=LINE('',#7737,#1099);
#659=LINE('',#7738,#1100);
#660=LINE('',#7741,#1101);
#661=LINE('',#7803,#1102);
#662=LINE('',#7865,#1103);
#663=LINE('',#7867,#1104);
#664=LINE('',#7869,#1105);
#665=LINE('',#7883,#1106);
#666=LINE('',#7885,#1107);
#667=LINE('',#7887,#1108);
#668=LINE('',#7888,#1109);
#669=LINE('',#7891,#1110);
#670=LINE('',#7893,#1111);
#671=LINE('',#7895,#1112);
#672=LINE('',#7897,#1113);
#673=LINE('',#7899,#1114);
#674=LINE('',#7900,#1115);
#675=LINE('',#7903,#1116);
#676=LINE('',#7905,#1117);
#677=LINE('',#7960,#1118);
#678=LINE('',#7966,#1119);
#679=LINE('',#7976,#1120);
#680=LINE('',#7986,#1121);
#681=LINE('',#7996,#1122);
#682=LINE('',#8019,#1123);
#683=LINE('',#8021,#1124);
#684=LINE('',#8022,#1125);
#685=LINE('',#8039,#1126);
#686=LINE('',#8056,#1127);
#687=LINE('',#8073,#1128);
#688=LINE('',#8090,#1129);
#689=LINE('',#8107,#1130);
#690=LINE('',#8124,#1131);
#691=LINE('',#8141,#1132);
#692=LINE('',#8158,#1133);
#693=LINE('',#8175,#1134);
#694=LINE('',#8192,#1135);
#695=LINE('',#8209,#1136);
#696=LINE('',#8226,#1137);
#697=LINE('',#8243,#1138);
#698=LINE('',#8260,#1139);
#699=LINE('',#8277,#1140);
#700=LINE('',#8294,#1141);
#701=LINE('',#8311,#1142);
#702=LINE('',#8328,#1143);
#703=LINE('',#8331,#1144);
#704=LINE('',#8332,#1145);
#705=LINE('',#8349,#1146);
#706=LINE('',#8366,#1147);
#707=LINE('',#8383,#1148);
#708=LINE('',#8400,#1149);
#709=LINE('',#8417,#1150);
#710=LINE('',#8434,#1151);
#711=LINE('',#8451,#1152);
#712=LINE('',#8468,#1153);
#713=LINE('',#8485,#1154);
#714=LINE('',#8502,#1155);
#715=LINE('',#8519,#1156);
#716=LINE('',#8536,#1157);
#717=LINE('',#8553,#1158);
#718=LINE('',#8570,#1159);
#719=LINE('',#8590,#1160);
#720=LINE('',#8592,#1161);
#721=LINE('',#8594,#1162);
#722=LINE('',#8595,#1163);
#723=LINE('',#8618,#1164);
#724=LINE('',#8641,#1165);
#725=LINE('',#8664,#1166);
#726=LINE('',#8687,#1167);
#727=LINE('',#8710,#1168);
#728=LINE('',#8733,#1169);
#729=LINE('',#8756,#1170);
#730=LINE('',#8759,#1171);
#731=LINE('',#8761,#1172);
#732=LINE('',#8762,#1173);
#733=LINE('',#8764,#1174);
#734=LINE('',#8765,#1175);
#735=LINE('',#8768,#1176);
#736=LINE('',#8770,#1177);
#737=LINE('',#8771,#1178);
#738=LINE('',#8774,#1179);
#739=LINE('',#8775,#1180);
#740=LINE('',#8792,#1181);
#741=LINE('',#8809,#1182);
#742=LINE('',#8826,#1183);
#743=LINE('',#8843,#1184);
#744=LINE('',#8860,#1185);
#745=LINE('',#8877,#1186);
#746=LINE('',#8894,#1187);
#747=LINE('',#8911,#1188);
#748=LINE('',#8928,#1189);
#749=LINE('',#8930,#1190);
#750=LINE('',#8934,#1191);
#751=LINE('',#8936,#1192);
#752=LINE('',#8937,#1193);
#753=LINE('',#8940,#1194);
#754=LINE('',#8941,#1195);
#755=LINE('',#8944,#1196);
#756=LINE('',#8945,#1197);
#757=LINE('',#8948,#1198);
#758=LINE('',#8949,#1199);
#759=LINE('',#8952,#1200);
#760=LINE('',#8953,#1201);
#761=LINE('',#8955,#1202);
#762=LINE('',#8959,#1203);
#763=LINE('',#8961,#1204);
#764=LINE('',#8962,#1205);
#765=LINE('',#8965,#1206);
#766=LINE('',#8966,#1207);
#767=LINE('',#8969,#1208);
#768=LINE('',#8970,#1209);
#769=LINE('',#8987,#1210);
#770=LINE('',#9004,#1211);
#771=LINE('',#9007,#1212);
#772=LINE('',#9008,#1213);
#773=LINE('',#9011,#1214);
#774=LINE('',#9012,#1215);
#775=LINE('',#9015,#1216);
#776=LINE('',#9016,#1217);
#777=LINE('',#9018,#1218);
#778=LINE('',#9022,#1219);
#779=LINE('',#9024,#1220);
#780=LINE('',#9025,#1221);
#781=LINE('',#9042,#1222);
#782=LINE('',#9059,#1223);
#783=LINE('',#9076,#1224);
#784=LINE('',#9093,#1225);
#785=LINE('',#9110,#1226);
#786=LINE('',#9127,#1227);
#787=LINE('',#9144,#1228);
#788=LINE('',#9161,#1229);
#789=LINE('',#9178,#1230);
#790=LINE('',#9195,#1231);
#791=LINE('',#9198,#1232);
#792=LINE('',#9199,#1233);
#793=LINE('',#9216,#1234);
#794=LINE('',#9233,#1235);
#795=LINE('',#9250,#1236);
#796=LINE('',#9267,#1237);
#797=LINE('',#9284,#1238);
#798=LINE('',#9301,#1239);
#799=LINE('',#9318,#1240);
#800=LINE('',#9335,#1241);
#801=LINE('',#9352,#1242);
#802=LINE('',#9372,#1243);
#803=LINE('',#9374,#1244);
#804=LINE('',#9376,#1245);
#805=LINE('',#9377,#1246);
#806=LINE('',#9400,#1247);
#807=LINE('',#9423,#1248);
#808=LINE('',#9446,#1249);
#809=LINE('',#9469,#1250);
#810=LINE('',#9492,#1251);
#811=LINE('',#9515,#1252);
#812=LINE('',#9538,#1253);
#813=LINE('',#9541,#1254);
#814=LINE('',#9543,#1255);
#815=LINE('',#9544,#1256);
#816=LINE('',#9546,#1257);
#817=LINE('',#9547,#1258);
#818=LINE('',#9550,#1259);
#819=LINE('',#9552,#1260);
#820=LINE('',#9553,#1261);
#821=LINE('',#9556,#1262);
#822=LINE('',#9557,#1263);
#823=LINE('',#9574,#1264);
#824=LINE('',#9591,#1265);
#825=LINE('',#9608,#1266);
#826=LINE('',#9625,#1267);
#827=LINE('',#9642,#1268);
#828=LINE('',#9659,#1269);
#829=LINE('',#9676,#1270);
#830=LINE('',#9693,#1271);
#831=LINE('',#9710,#1272);
#832=LINE('',#9712,#1273);
#833=LINE('',#9717,#1274);
#834=LINE('',#9719,#1275);
#835=LINE('',#9720,#1276);
#836=LINE('',#9723,#1277);
#837=LINE('',#9724,#1278);
#838=LINE('',#9727,#1279);
#839=LINE('',#9728,#1280);
#840=LINE('',#9731,#1281);
#841=LINE('',#9732,#1282);
#842=LINE('',#9735,#1283);
#843=LINE('',#9736,#1284);
#844=LINE('',#9739,#1285);
#845=LINE('',#9740,#1286);
#846=LINE('',#9743,#1287);
#847=LINE('',#9744,#1288);
#848=LINE('',#9747,#1289);
#849=LINE('',#9748,#1290);
#850=LINE('',#9751,#1291);
#851=LINE('',#9752,#1292);
#852=LINE('',#9754,#1293);
#853=LINE('',#9758,#1294);
#854=LINE('',#9760,#1295);
#855=LINE('',#9761,#1296);
#856=LINE('',#9764,#1297);
#857=LINE('',#9765,#1298);
#858=LINE('',#9768,#1299);
#859=LINE('',#9769,#1300);
#860=LINE('',#9786,#1301);
#861=LINE('',#9803,#1302);
#862=LINE('',#9820,#1303);
#863=LINE('',#9837,#1304);
#864=LINE('',#9854,#1305);
#865=LINE('',#9871,#1306);
#866=LINE('',#9888,#1307);
#867=LINE('',#9905,#1308);
#868=LINE('',#9922,#1309);
#869=LINE('',#9939,#1310);
#870=LINE('',#9956,#1311);
#871=LINE('',#9959,#1312);
#872=LINE('',#9960,#1313);
#873=LINE('',#9977,#1314);
#874=LINE('',#9994,#1315);
#875=LINE('',#10011,#1316);
#876=LINE('',#10028,#1317);
#877=LINE('',#10045,#1318);
#878=LINE('',#10062,#1319);
#879=LINE('',#10079,#1320);
#880=LINE('',#10096,#1321);
#881=LINE('',#10113,#1322);
#882=LINE('',#10130,#1323);
#883=LINE('',#10147,#1324);
#884=LINE('',#10164,#1325);
#885=LINE('',#10167,#1326);
#886=LINE('',#10168,#1327);
#887=LINE('',#10170,#1328);
#888=LINE('',#10174,#1329);
#889=LINE('',#10176,#1330);
#890=LINE('',#10177,#1331);
#891=LINE('',#10194,#1332);
#892=LINE('',#10211,#1333);
#893=LINE('',#10228,#1334);
#894=LINE('',#10245,#1335);
#895=LINE('',#10262,#1336);
#896=LINE('',#10279,#1337);
#897=LINE('',#10296,#1338);
#898=LINE('',#10313,#1339);
#899=LINE('',#10330,#1340);
#900=LINE('',#10347,#1341);
#901=LINE('',#10350,#1342);
#902=LINE('',#10351,#1343);
#903=LINE('',#10368,#1344);
#904=LINE('',#10385,#1345);
#905=LINE('',#10402,#1346);
#906=LINE('',#10419,#1347);
#907=LINE('',#10436,#1348);
#908=LINE('',#10453,#1349);
#909=LINE('',#10470,#1350);
#910=LINE('',#10487,#1351);
#911=LINE('',#10504,#1352);
#912=LINE('',#10523,#1353);
#913=LINE('',#10525,#1354);
#914=LINE('',#10526,#1355);
#915=LINE('',#10543,#1356);
#916=LINE('',#10560,#1357);
#917=LINE('',#10577,#1358);
#918=LINE('',#10594,#1359);
#919=LINE('',#10611,#1360);
#920=LINE('',#10628,#1361);
#921=LINE('',#10645,#1362);
#922=LINE('',#10662,#1363);
#923=LINE('',#10679,#1364);
#924=LINE('',#10696,#1365);
#925=LINE('',#10699,#1366);
#926=LINE('',#10700,#1367);
#927=LINE('',#10717,#1368);
#928=LINE('',#10734,#1369);
#929=LINE('',#10751,#1370);
#930=LINE('',#10768,#1371);
#931=LINE('',#10785,#1372);
#932=LINE('',#10802,#1373);
#933=LINE('',#10819,#1374);
#934=LINE('',#10836,#1375);
#935=LINE('',#10853,#1376);
#936=LINE('',#10872,#1377);
#937=LINE('',#10874,#1378);
#938=LINE('',#10875,#1379);
#939=LINE('',#10892,#1380);
#940=LINE('',#10909,#1381);
#941=LINE('',#10926,#1382);
#942=LINE('',#10943,#1383);
#943=LINE('',#10960,#1384);
#944=LINE('',#10977,#1385);
#945=LINE('',#10994,#1386);
#946=LINE('',#11011,#1387);
#947=LINE('',#11028,#1388);
#948=LINE('',#11045,#1389);
#949=LINE('',#11062,#1390);
#950=LINE('',#11079,#1391);
#951=LINE('',#11096,#1392);
#952=LINE('',#11113,#1393);
#953=LINE('',#11130,#1394);
#954=LINE('',#11147,#1395);
#955=LINE('',#11164,#1396);
#956=LINE('',#11181,#1397);
#957=LINE('',#11184,#1398);
#958=LINE('',#11185,#1399);
#959=LINE('',#11202,#1400);
#960=LINE('',#11219,#1401);
#961=LINE('',#11236,#1402);
#962=LINE('',#11253,#1403);
#963=LINE('',#11270,#1404);
#964=LINE('',#11287,#1405);
#965=LINE('',#11304,#1406);
#966=LINE('',#11321,#1407);
#967=LINE('',#11338,#1408);
#968=LINE('',#11355,#1409);
#969=LINE('',#11372,#1410);
#970=LINE('',#11389,#1411);
#971=LINE('',#11406,#1412);
#972=LINE('',#11423,#1413);
#973=LINE('',#11443,#1414);
#974=LINE('',#11445,#1415);
#975=LINE('',#11447,#1416);
#976=LINE('',#11448,#1417);
#977=LINE('',#11451,#1418);
#978=LINE('',#11453,#1419);
#979=LINE('',#11454,#1420);
#980=LINE('',#11477,#1421);
#981=LINE('',#11500,#1422);
#982=LINE('',#11502,#1423);
#983=LINE('',#11503,#1424);
#984=LINE('',#11506,#1425);
#985=LINE('',#11508,#1426);
#986=LINE('',#11509,#1427);
#987=LINE('',#11512,#1428);
#988=LINE('',#11513,#1429);
#989=LINE('',#11516,#1430);
#990=LINE('',#11517,#1431);
#991=LINE('',#11520,#1432);
#992=LINE('',#11521,#1433);
#993=LINE('',#11524,#1434);
#994=LINE('',#11525,#1435);
#995=LINE('',#11528,#1436);
#996=LINE('',#11529,#1437);
#997=LINE('',#11532,#1438);
#998=LINE('',#11533,#1439);
#999=LINE('',#11535,#1440);
#1000=LINE('',#11540,#1441);
#1001=LINE('',#11542,#1442);
#1002=LINE('',#11543,#1443);
#1003=LINE('',#11546,#1444);
#1004=LINE('',#11548,#1445);
#1005=LINE('',#11549,#1446);
#1006=LINE('',#11553,#1447);
#1007=LINE('',#11555,#1448);
#1008=LINE('',#11556,#1449);
#1009=LINE('',#11559,#1450);
#1010=LINE('',#11560,#1451);
#1011=LINE('',#11563,#1452);
#1012=LINE('',#11564,#1453);
#1013=LINE('',#11566,#1454);
#1014=LINE('',#11571,#1455);
#1015=LINE('',#11573,#1456);
#1016=LINE('',#11575,#1457);
#1017=LINE('',#11576,#1458);
#1018=LINE('',#11579,#1459);
#1019=LINE('',#11581,#1460);
#1020=LINE('',#11583,#1461);
#1021=LINE('',#11585,#1462);
#1022=LINE('',#11587,#1463);
#1023=LINE('',#11589,#1464);
#1024=LINE('',#11590,#1465);
#1025=LINE('',#11601,#1466);
#1026=LINE('',#11602,#1467);
#1027=LINE('',#11605,#1468);
#1028=LINE('',#11606,#1469);
#1029=LINE('',#11609,#1470);
#1030=LINE('',#11611,#1471);
#1031=LINE('',#11612,#1472);
#1032=LINE('',#11615,#1473);
#1033=LINE('',#11616,#1474);
#1034=LINE('',#11619,#1475);
#1035=LINE('',#11620,#1476);
#1036=LINE('',#11625,#1477);
#1037=LINE('',#11628,#1478);
#1038=LINE('',#11634,#1479);
#1039=LINE('',#11637,#1480);
#1040=LINE('',#11643,#1481);
#1041=LINE('',#11646,#1482);
#1042=LINE('',#11652,#1483);
#1043=LINE('',#11655,#1484);
#1044=LINE('',#11658,#1485);
#1045=LINE('',#11661,#1486);
#1046=LINE('',#11663,#1487);
#1047=LINE('',#11665,#1488);
#1048=LINE('',#11667,#1489);
#1049=LINE('',#11668,#1490);
#1050=LINE('',#11678,#1491);
#1051=LINE('',#11680,#1492);
#1052=LINE('',#11682,#1493);
#1053=LINE('',#11684,#1494);
#1054=LINE('',#11686,#1495);
#1055=LINE('',#11687,#1496);
#1056=LINE('',#11689,#1497);
#1057=LINE('',#11691,#1498);
#1058=VECTOR('',#6018,10.);
#1059=VECTOR('',#6019,10.);
#1060=VECTOR('',#6020,10.);
#1061=VECTOR('',#6021,10.);
#1062=VECTOR('',#6026,10.);
#1063=VECTOR('',#6027,10.);
#1064=VECTOR('',#6028,10.);
#1065=VECTOR('',#6029,10.);
#1066=VECTOR('',#6030,10.);
#1067=VECTOR('',#6031,10.);
#1068=VECTOR('',#6032,10.);
#1069=VECTOR('',#6033,10.);
#1070=VECTOR('',#6034,10.);
#1071=VECTOR('',#6035,10.);
#1072=VECTOR('',#6036,10.);
#1073=VECTOR('',#6037,10.);
#1074=VECTOR('',#6038,10.);
#1075=VECTOR('',#6039,10.);
#1076=VECTOR('',#6040,10.);
#1077=VECTOR('',#6041,10.);
#1078=VECTOR('',#6042,10.);
#1079=VECTOR('',#6043,10.);
#1080=VECTOR('',#6044,10.);
#1081=VECTOR('',#6045,10.);
#1082=VECTOR('',#6046,10.);
#1083=VECTOR('',#6047,10.);
#1084=VECTOR('',#6048,10.);
#1085=VECTOR('',#6049,10.);
#1086=VECTOR('',#6050,10.);
#1087=VECTOR('',#6051,10.);
#1088=VECTOR('',#6052,10.);
#1089=VECTOR('',#6053,10.);
#1090=VECTOR('',#6054,10.);
#1091=VECTOR('',#6055,10.);
#1092=VECTOR('',#6056,10.);
#1093=VECTOR('',#6065,10.);
#1094=VECTOR('',#6066,10.);
#1095=VECTOR('',#6067,10.);
#1096=VECTOR('',#6068,10.);
#1097=VECTOR('',#6069,10.);
#1098=VECTOR('',#6070,10.);
#1099=VECTOR('',#6071,10.);
#1100=VECTOR('',#6072,10.);
#1101=VECTOR('',#6073,10.);
#1102=VECTOR('',#6074,10.);
#1103=VECTOR('',#6075,10.);
#1104=VECTOR('',#6076,10.);
#1105=VECTOR('',#6077,10.);
#1106=VECTOR('',#6078,10.);
#1107=VECTOR('',#6079,10.);
#1108=VECTOR('',#6080,10.);
#1109=VECTOR('',#6081,10.);
#1110=VECTOR('',#6082,10.);
#1111=VECTOR('',#6083,10.);
#1112=VECTOR('',#6084,10.);
#1113=VECTOR('',#6085,10.);
#1114=VECTOR('',#6086,10.);
#1115=VECTOR('',#6087,10.);
#1116=VECTOR('',#6088,10.);
#1117=VECTOR('',#6089,10.);
#1118=VECTOR('',#6090,10.);
#1119=VECTOR('',#6097,0.425);
#1120=VECTOR('',#6110,0.425);
#1121=VECTOR('',#6123,0.425);
#1122=VECTOR('',#6136,0.425);
#1123=VECTOR('',#6171,10.);
#1124=VECTOR('',#6172,10.);
#1125=VECTOR('',#6173,10.);
#1126=VECTOR('',#6174,10.);
#1127=VECTOR('',#6175,10.);
#1128=VECTOR('',#6176,10.);
#1129=VECTOR('',#6177,10.);
#1130=VECTOR('',#6178,10.);
#1131=VECTOR('',#6179,10.);
#1132=VECTOR('',#6180,10.);
#1133=VECTOR('',#6181,10.);
#1134=VECTOR('',#6182,10.);
#1135=VECTOR('',#6183,10.);
#1136=VECTOR('',#6184,10.);
#1137=VECTOR('',#6185,10.);
#1138=VECTOR('',#6186,10.);
#1139=VECTOR('',#6187,10.);
#1140=VECTOR('',#6188,10.);
#1141=VECTOR('',#6189,10.);
#1142=VECTOR('',#6190,10.);
#1143=VECTOR('',#6191,10.);
#1144=VECTOR('',#6194,10.);
#1145=VECTOR('',#6195,10.);
#1146=VECTOR('',#6196,10.);
#1147=VECTOR('',#6197,10.);
#1148=VECTOR('',#6198,10.);
#1149=VECTOR('',#6199,10.);
#1150=VECTOR('',#6200,10.);
#1151=VECTOR('',#6201,10.);
#1152=VECTOR('',#6202,10.);
#1153=VECTOR('',#6203,10.);
#1154=VECTOR('',#6204,10.);
#1155=VECTOR('',#6205,10.);
#1156=VECTOR('',#6206,10.);
#1157=VECTOR('',#6207,10.);
#1158=VECTOR('',#6208,10.);
#1159=VECTOR('',#6209,10.);
#1160=VECTOR('',#6214,10.);
#1161=VECTOR('',#6215,10.);
#1162=VECTOR('',#6216,10.);
#1163=VECTOR('',#6217,10.);
#1164=VECTOR('',#6218,10.);
#1165=VECTOR('',#6219,10.);
#1166=VECTOR('',#6220,10.);
#1167=VECTOR('',#6221,10.);
#1168=VECTOR('',#6222,10.);
#1169=VECTOR('',#6223,10.);
#1170=VECTOR('',#6224,10.);
#1171=VECTOR('',#6227,10.);
#1172=VECTOR('',#6228,10.);
#1173=VECTOR('',#6229,10.);
#1174=VECTOR('',#6232,10.);
#1175=VECTOR('',#6233,10.);
#1176=VECTOR('',#6236,10.);
#1177=VECTOR('',#6237,10.);
#1178=VECTOR('',#6238,10.);
#1179=VECTOR('',#6241,10.);
#1180=VECTOR('',#6242,10.);
#1181=VECTOR('',#6243,10.);
#1182=VECTOR('',#6244,10.);
#1183=VECTOR('',#6245,10.);
#1184=VECTOR('',#6246,10.);
#1185=VECTOR('',#6247,10.);
#1186=VECTOR('',#6248,10.);
#1187=VECTOR('',#6249,10.);
#1188=VECTOR('',#6250,10.);
#1189=VECTOR('',#6251,10.);
#1190=VECTOR('',#6254,10.);
#1191=VECTOR('',#6259,10.);
#1192=VECTOR('',#6260,10.);
#1193=VECTOR('',#6261,10.);
#1194=VECTOR('',#6264,10.);
#1195=VECTOR('',#6265,10.);
#1196=VECTOR('',#6268,10.);
#1197=VECTOR('',#6269,10.);
#1198=VECTOR('',#6272,10.);
#1199=VECTOR('',#6273,10.);
#1200=VECTOR('',#6276,10.);
#1201=VECTOR('',#6277,10.);
#1202=VECTOR('',#6280,10.);
#1203=VECTOR('',#6285,10.);
#1204=VECTOR('',#6286,10.);
#1205=VECTOR('',#6287,10.);
#1206=VECTOR('',#6290,10.);
#1207=VECTOR('',#6291,10.);
#1208=VECTOR('',#6294,10.);
#1209=VECTOR('',#6295,10.);
#1210=VECTOR('',#6296,10.);
#1211=VECTOR('',#6297,10.);
#1212=VECTOR('',#6300,10.);
#1213=VECTOR('',#6301,10.);
#1214=VECTOR('',#6304,10.);
#1215=VECTOR('',#6305,10.);
#1216=VECTOR('',#6308,10.);
#1217=VECTOR('',#6309,10.);
#1218=VECTOR('',#6312,10.);
#1219=VECTOR('',#6317,10.);
#1220=VECTOR('',#6318,10.);
#1221=VECTOR('',#6319,10.);
#1222=VECTOR('',#6320,10.);
#1223=VECTOR('',#6321,10.);
#1224=VECTOR('',#6322,10.);
#1225=VECTOR('',#6323,10.);
#1226=VECTOR('',#6324,10.);
#1227=VECTOR('',#6325,10.);
#1228=VECTOR('',#6326,10.);
#1229=VECTOR('',#6327,10.);
#1230=VECTOR('',#6328,10.);
#1231=VECTOR('',#6329,10.);
#1232=VECTOR('',#6332,10.);
#1233=VECTOR('',#6333,10.);
#1234=VECTOR('',#6334,10.);
#1235=VECTOR('',#6335,10.);
#1236=VECTOR('',#6336,10.);
#1237=VECTOR('',#6337,10.);
#1238=VECTOR('',#6338,10.);
#1239=VECTOR('',#6339,10.);
#1240=VECTOR('',#6340,10.);
#1241=VECTOR('',#6341,10.);
#1242=VECTOR('',#6342,10.);
#1243=VECTOR('',#6347,10.);
#1244=VECTOR('',#6348,10.);
#1245=VECTOR('',#6349,10.);
#1246=VECTOR('',#6350,10.);
#1247=VECTOR('',#6351,10.);
#1248=VECTOR('',#6352,10.);
#1249=VECTOR('',#6353,10.);
#1250=VECTOR('',#6354,10.);
#1251=VECTOR('',#6355,10.);
#1252=VECTOR('',#6356,10.);
#1253=VECTOR('',#6357,10.);
#1254=VECTOR('',#6360,10.);
#1255=VECTOR('',#6361,10.);
#1256=VECTOR('',#6362,10.);
#1257=VECTOR('',#6365,10.);
#1258=VECTOR('',#6366,10.);
#1259=VECTOR('',#6369,10.);
#1260=VECTOR('',#6370,10.);
#1261=VECTOR('',#6371,10.);
#1262=VECTOR('',#6374,10.);
#1263=VECTOR('',#6375,10.);
#1264=VECTOR('',#6376,10.);
#1265=VECTOR('',#6377,10.);
#1266=VECTOR('',#6378,10.);
#1267=VECTOR('',#6379,10.);
#1268=VECTOR('',#6380,10.);
#1269=VECTOR('',#6381,10.);
#1270=VECTOR('',#6382,10.);
#1271=VECTOR('',#6383,10.);
#1272=VECTOR('',#6384,10.);
#1273=VECTOR('',#6387,10.);
#1274=VECTOR('',#6394,10.);
#1275=VECTOR('',#6395,10.);
#1276=VECTOR('',#6396,10.);
#1277=VECTOR('',#6399,10.);
#1278=VECTOR('',#6400,10.);
#1279=VECTOR('',#6403,10.);
#1280=VECTOR('',#6404,10.);
#1281=VECTOR('',#6407,10.);
#1282=VECTOR('',#6408,10.);
#1283=VECTOR('',#6411,10.);
#1284=VECTOR('',#6412,10.);
#1285=VECTOR('',#6415,10.);
#1286=VECTOR('',#6416,10.);
#1287=VECTOR('',#6419,10.);
#1288=VECTOR('',#6420,10.);
#1289=VECTOR('',#6423,10.);
#1290=VECTOR('',#6424,10.);
#1291=VECTOR('',#6427,10.);
#1292=VECTOR('',#6428,10.);
#1293=VECTOR('',#6431,10.);
#1294=VECTOR('',#6436,10.);
#1295=VECTOR('',#6437,10.);
#1296=VECTOR('',#6438,10.);
#1297=VECTOR('',#6441,10.);
#1298=VECTOR('',#6442,10.);
#1299=VECTOR('',#6445,10.);
#1300=VECTOR('',#6446,10.);
#1301=VECTOR('',#6447,10.);
#1302=VECTOR('',#6448,10.);
#1303=VECTOR('',#6449,10.);
#1304=VECTOR('',#6450,10.);
#1305=VECTOR('',#6451,10.);
#1306=VECTOR('',#6452,10.);
#1307=VECTOR('',#6453,10.);
#1308=VECTOR('',#6454,10.);
#1309=VECTOR('',#6455,10.);
#1310=VECTOR('',#6456,10.);
#1311=VECTOR('',#6457,10.);
#1312=VECTOR('',#6460,10.);
#1313=VECTOR('',#6461,10.);
#1314=VECTOR('',#6462,10.);
#1315=VECTOR('',#6463,10.);
#1316=VECTOR('',#6464,10.);
#1317=VECTOR('',#6465,10.);
#1318=VECTOR('',#6466,10.);
#1319=VECTOR('',#6467,10.);
#1320=VECTOR('',#6468,10.);
#1321=VECTOR('',#6469,10.);
#1322=VECTOR('',#6470,10.);
#1323=VECTOR('',#6471,10.);
#1324=VECTOR('',#6472,10.);
#1325=VECTOR('',#6473,10.);
#1326=VECTOR('',#6476,10.);
#1327=VECTOR('',#6477,10.);
#1328=VECTOR('',#6480,10.);
#1329=VECTOR('',#6485,10.);
#1330=VECTOR('',#6486,10.);
#1331=VECTOR('',#6487,10.);
#1332=VECTOR('',#6488,10.);
#1333=VECTOR('',#6489,10.);
#1334=VECTOR('',#6490,10.);
#1335=VECTOR('',#6491,10.);
#1336=VECTOR('',#6492,10.);
#1337=VECTOR('',#6493,10.);
#1338=VECTOR('',#6494,10.);
#1339=VECTOR('',#6495,10.);
#1340=VECTOR('',#6496,10.);
#1341=VECTOR('',#6497,10.);
#1342=VECTOR('',#6500,10.);
#1343=VECTOR('',#6501,10.);
#1344=VECTOR('',#6502,10.);
#1345=VECTOR('',#6503,10.);
#1346=VECTOR('',#6504,10.);
#1347=VECTOR('',#6505,10.);
#1348=VECTOR('',#6506,10.);
#1349=VECTOR('',#6507,10.);
#1350=VECTOR('',#6508,10.);
#1351=VECTOR('',#6509,10.);
#1352=VECTOR('',#6510,10.);
#1353=VECTOR('',#6515,10.);
#1354=VECTOR('',#6516,10.);
#1355=VECTOR('',#6517,10.);
#1356=VECTOR('',#6518,10.);
#1357=VECTOR('',#6519,10.);
#1358=VECTOR('',#6520,10.);
#1359=VECTOR('',#6521,10.);
#1360=VECTOR('',#6522,10.);
#1361=VECTOR('',#6523,10.);
#1362=VECTOR('',#6524,10.);
#1363=VECTOR('',#6525,10.);
#1364=VECTOR('',#6526,10.);
#1365=VECTOR('',#6527,10.);
#1366=VECTOR('',#6530,10.);
#1367=VECTOR('',#6531,10.);
#1368=VECTOR('',#6532,10.);
#1369=VECTOR('',#6533,10.);
#1370=VECTOR('',#6534,10.);
#1371=VECTOR('',#6535,10.);
#1372=VECTOR('',#6536,10.);
#1373=VECTOR('',#6537,10.);
#1374=VECTOR('',#6538,10.);
#1375=VECTOR('',#6539,10.);
#1376=VECTOR('',#6540,10.);
#1377=VECTOR('',#6545,10.);
#1378=VECTOR('',#6546,10.);
#1379=VECTOR('',#6547,10.);
#1380=VECTOR('',#6548,10.);
#1381=VECTOR('',#6549,10.);
#1382=VECTOR('',#6550,10.);
#1383=VECTOR('',#6551,10.);
#1384=VECTOR('',#6552,10.);
#1385=VECTOR('',#6553,10.);
#1386=VECTOR('',#6554,10.);
#1387=VECTOR('',#6555,10.);
#1388=VECTOR('',#6556,10.);
#1389=VECTOR('',#6557,10.);
#1390=VECTOR('',#6558,10.);
#1391=VECTOR('',#6559,10.);
#1392=VECTOR('',#6560,10.);
#1393=VECTOR('',#6561,10.);
#1394=VECTOR('',#6562,10.);
#1395=VECTOR('',#6563,10.);
#1396=VECTOR('',#6564,10.);
#1397=VECTOR('',#6565,10.);
#1398=VECTOR('',#6568,10.);
#1399=VECTOR('',#6569,10.);
#1400=VECTOR('',#6570,10.);
#1401=VECTOR('',#6571,10.);
#1402=VECTOR('',#6572,10.);
#1403=VECTOR('',#6573,10.);
#1404=VECTOR('',#6574,10.);
#1405=VECTOR('',#6575,10.);
#1406=VECTOR('',#6576,10.);
#1407=VECTOR('',#6577,10.);
#1408=VECTOR('',#6578,10.);
#1409=VECTOR('',#6579,10.);
#1410=VECTOR('',#6580,10.);
#1411=VECTOR('',#6581,10.);
#1412=VECTOR('',#6582,10.);
#1413=VECTOR('',#6583,10.);
#1414=VECTOR('',#6588,10.);
#1415=VECTOR('',#6589,10.);
#1416=VECTOR('',#6590,10.);
#1417=VECTOR('',#6591,10.);
#1418=VECTOR('',#6594,10.);
#1419=VECTOR('',#6595,10.);
#1420=VECTOR('',#6596,10.);
#1421=VECTOR('',#6597,10.);
#1422=VECTOR('',#6598,10.);
#1423=VECTOR('',#6601,10.);
#1424=VECTOR('',#6602,10.);
#1425=VECTOR('',#6605,10.);
#1426=VECTOR('',#6606,10.);
#1427=VECTOR('',#6607,10.);
#1428=VECTOR('',#6610,10.);
#1429=VECTOR('',#6611,10.);
#1430=VECTOR('',#6614,10.);
#1431=VECTOR('',#6615,10.);
#1432=VECTOR('',#6618,10.);
#1433=VECTOR('',#6619,10.);
#1434=VECTOR('',#6622,10.);
#1435=VECTOR('',#6623,10.);
#1436=VECTOR('',#6626,10.);
#1437=VECTOR('',#6627,10.);
#1438=VECTOR('',#6630,10.);
#1439=VECTOR('',#6631,10.);
#1440=VECTOR('',#6634,10.);
#1441=VECTOR('',#6641,10.);
#1442=VECTOR('',#6642,10.);
#1443=VECTOR('',#6643,10.);
#1444=VECTOR('',#6646,10.);
#1445=VECTOR('',#6647,10.);
#1446=VECTOR('',#6648,10.);
#1447=VECTOR('',#6653,10.);
#1448=VECTOR('',#6654,10.);
#1449=VECTOR('',#6655,10.);
#1450=VECTOR('',#6658,10.);
#1451=VECTOR('',#6659,10.);
#1452=VECTOR('',#6662,10.);
#1453=VECTOR('',#6663,10.);
#1454=VECTOR('',#6666,10.);
#1455=VECTOR('',#6671,10.);
#1456=VECTOR('',#6672,10.);
#1457=VECTOR('',#6673,10.);
#1458=VECTOR('',#6674,10.);
#1459=VECTOR('',#6677,10.);
#1460=VECTOR('',#6678,10.);
#1461=VECTOR('',#6679,10.);
#1462=VECTOR('',#6680,10.);
#1463=VECTOR('',#6681,10.);
#1464=VECTOR('',#6682,10.);
#1465=VECTOR('',#6683,10.);
#1466=VECTOR('',#6694,10.);
#1467=VECTOR('',#6695,10.);
#1468=VECTOR('',#6698,10.);
#1469=VECTOR('',#6699,10.);
#1470=VECTOR('',#6702,10.);
#1471=VECTOR('',#6703,10.);
#1472=VECTOR('',#6704,10.);
#1473=VECTOR('',#6707,10.);
#1474=VECTOR('',#6708,10.);
#1475=VECTOR('',#6711,10.);
#1476=VECTOR('',#6712,10.);
#1477=VECTOR('',#6717,0.325);
#1478=VECTOR('',#6722,0.425);
#1479=VECTOR('',#6729,0.325);
#1480=VECTOR('',#6734,0.425);
#1481=VECTOR('',#6741,0.325);
#1482=VECTOR('',#6746,0.425);
#1483=VECTOR('',#6753,0.325);
#1484=VECTOR('',#6758,0.425);
#1485=VECTOR('',#6763,10.);
#1486=VECTOR('',#6766,10.);
#1487=VECTOR('',#6767,10.);
#1488=VECTOR('',#6768,10.);
#1489=VECTOR('',#6769,10.);
#1490=VECTOR('',#6770,10.);
#1491=VECTOR('',#6781,1.);
#1492=VECTOR('',#6784,1.);
#1493=VECTOR('',#6787,1.);
#1494=VECTOR('',#6790,1.);
#1495=VECTOR('',#6793,10.);
#1496=VECTOR('',#6794,10.);
#1497=VECTOR('',#6797,10.);
#1498=VECTOR('',#6800,10.);
#1499=PLANE('',#5831);
#1500=PLANE('',#5862);
#1501=PLANE('',#5866);
#1502=PLANE('',#5870);
#1503=PLANE('',#5874);
#1504=PLANE('',#5875);
#1505=PLANE('',#5876);
#1506=PLANE('',#5877);
#1507=PLANE('',#5878);
#1508=PLANE('',#5879);
#1509=PLANE('',#5880);
#1510=PLANE('',#5881);
#1511=PLANE('',#5882);
#1512=PLANE('',#5883);
#1513=PLANE('',#5884);
#1514=PLANE('',#5885);
#1515=PLANE('',#5886);
#1516=PLANE('',#5887);
#1517=PLANE('',#5888);
#1518=PLANE('',#5889);
#1519=PLANE('',#5890);
#1520=PLANE('',#5891);
#1521=PLANE('',#5892);
#1522=PLANE('',#5893);
#1523=PLANE('',#5894);
#1524=PLANE('',#5895);
#1525=PLANE('',#5896);
#1526=PLANE('',#5897);
#1527=PLANE('',#5898);
#1528=PLANE('',#5899);
#1529=PLANE('',#5900);
#1530=PLANE('',#5901);
#1531=PLANE('',#5902);
#1532=PLANE('',#5903);
#1533=PLANE('',#5904);
#1534=PLANE('',#5905);
#1535=PLANE('',#5906);
#1536=PLANE('',#5907);
#1537=PLANE('',#5908);
#1538=PLANE('',#5909);
#1539=PLANE('',#5910);
#1540=PLANE('',#5911);
#1541=PLANE('',#5912);
#1542=PLANE('',#5913);
#1543=PLANE('',#5914);
#1544=PLANE('',#5915);
#1545=PLANE('',#5916);
#1546=PLANE('',#5917);
#1547=PLANE('',#5918);
#1548=PLANE('',#5919);
#1549=PLANE('',#5920);
#1550=PLANE('',#5921);
#1551=PLANE('',#5922);
#1552=PLANE('',#5923);
#1553=PLANE('',#5924);
#1554=PLANE('',#5925);
#1555=PLANE('',#5926);
#1556=PLANE('',#5927);
#1557=PLANE('',#5928);
#1558=PLANE('',#5929);
#1559=PLANE('',#5930);
#1560=PLANE('',#5931);
#1561=PLANE('',#5932);
#1562=PLANE('',#5933);
#1563=PLANE('',#5934);
#1564=PLANE('',#5935);
#1565=PLANE('',#5936);
#1566=PLANE('',#5937);
#1567=PLANE('',#5938);
#1568=PLANE('',#5939);
#1569=PLANE('',#5940);
#1570=PLANE('',#5941);
#1571=PLANE('',#5942);
#1572=PLANE('',#5943);
#1573=PLANE('',#5944);
#1574=PLANE('',#5945);
#1575=PLANE('',#5946);
#1576=PLANE('',#5947);
#1577=PLANE('',#5948);
#1578=PLANE('',#5949);
#1579=PLANE('',#5950);
#1580=PLANE('',#5951);
#1581=PLANE('',#5952);
#1582=PLANE('',#5953);
#1583=PLANE('',#5954);
#1584=PLANE('',#5955);
#1585=PLANE('',#5956);
#1586=PLANE('',#5957);
#1587=PLANE('',#5958);
#1588=PLANE('',#5959);
#1589=PLANE('',#5960);
#1590=PLANE('',#5965);
#1591=PLANE('',#5966);
#1592=PLANE('',#5967);
#1593=PLANE('',#5968);
#1594=PLANE('',#5969);
#1595=PLANE('',#5974);
#1596=PLANE('',#5979);
#1597=PLANE('',#5984);
#1598=PLANE('',#5989);
#1599=PLANE('',#5990);
#1600=PLANE('',#5991);
#1601=PLANE('',#6000);
#1602=PLANE('',#6001);
#1603=PLANE('',#6002);
#1604=PLANE('',#6003);
#1605=FACE_OUTER_BOUND('',#1920,.T.);
#1606=FACE_OUTER_BOUND('',#1921,.T.);
#1607=FACE_OUTER_BOUND('',#1943,.T.);
#1608=FACE_OUTER_BOUND('',#1944,.T.);
#1609=FACE_OUTER_BOUND('',#1945,.T.);
#1610=FACE_OUTER_BOUND('',#1946,.T.);
#1611=FACE_OUTER_BOUND('',#1947,.T.);
#1612=FACE_OUTER_BOUND('',#1948,.T.);
#1613=FACE_OUTER_BOUND('',#1949,.T.);
#1614=FACE_OUTER_BOUND('',#1950,.T.);
#1615=FACE_OUTER_BOUND('',#1951,.T.);
#1616=FACE_OUTER_BOUND('',#1952,.T.);
#1617=FACE_OUTER_BOUND('',#1953,.T.);
#1618=FACE_OUTER_BOUND('',#1954,.T.);
#1619=FACE_OUTER_BOUND('',#1955,.T.);
#1620=FACE_OUTER_BOUND('',#1956,.T.);
#1621=FACE_OUTER_BOUND('',#1957,.T.);
#1622=FACE_OUTER_BOUND('',#1958,.T.);
#1623=FACE_OUTER_BOUND('',#1959,.T.);
#1624=FACE_OUTER_BOUND('',#1960,.T.);
#1625=FACE_OUTER_BOUND('',#1961,.T.);
#1626=FACE_OUTER_BOUND('',#1962,.T.);
#1627=FACE_OUTER_BOUND('',#1963,.T.);
#1628=FACE_OUTER_BOUND('',#1964,.T.);
#1629=FACE_OUTER_BOUND('',#1965,.T.);
#1630=FACE_OUTER_BOUND('',#1966,.T.);
#1631=FACE_OUTER_BOUND('',#1967,.T.);
#1632=FACE_OUTER_BOUND('',#1968,.T.);
#1633=FACE_OUTER_BOUND('',#1969,.T.);
#1634=FACE_OUTER_BOUND('',#1970,.T.);
#1635=FACE_OUTER_BOUND('',#1971,.T.);
#1636=FACE_OUTER_BOUND('',#1972,.T.);
#1637=FACE_OUTER_BOUND('',#1973,.T.);
#1638=FACE_OUTER_BOUND('',#1974,.T.);
#1639=FACE_OUTER_BOUND('',#1975,.T.);
#1640=FACE_OUTER_BOUND('',#1976,.T.);
#1641=FACE_OUTER_BOUND('',#1977,.T.);
#1642=FACE_OUTER_BOUND('',#1978,.T.);
#1643=FACE_OUTER_BOUND('',#1979,.T.);
#1644=FACE_OUTER_BOUND('',#1980,.T.);
#1645=FACE_OUTER_BOUND('',#1981,.T.);
#1646=FACE_OUTER_BOUND('',#1982,.T.);
#1647=FACE_OUTER_BOUND('',#1983,.T.);
#1648=FACE_OUTER_BOUND('',#1984,.T.);
#1649=FACE_OUTER_BOUND('',#1985,.T.);
#1650=FACE_OUTER_BOUND('',#1986,.T.);
#1651=FACE_OUTER_BOUND('',#1987,.T.);
#1652=FACE_OUTER_BOUND('',#1988,.T.);
#1653=FACE_OUTER_BOUND('',#1989,.T.);
#1654=FACE_OUTER_BOUND('',#1990,.T.);
#1655=FACE_OUTER_BOUND('',#1991,.T.);
#1656=FACE_OUTER_BOUND('',#1992,.T.);
#1657=FACE_OUTER_BOUND('',#1993,.T.);
#1658=FACE_OUTER_BOUND('',#1994,.T.);
#1659=FACE_OUTER_BOUND('',#1995,.T.);
#1660=FACE_OUTER_BOUND('',#1996,.T.);
#1661=FACE_OUTER_BOUND('',#1997,.T.);
#1662=FACE_OUTER_BOUND('',#1998,.T.);
#1663=FACE_OUTER_BOUND('',#1999,.T.);
#1664=FACE_OUTER_BOUND('',#2000,.T.);
#1665=FACE_OUTER_BOUND('',#2001,.T.);
#1666=FACE_OUTER_BOUND('',#2002,.T.);
#1667=FACE_OUTER_BOUND('',#2003,.T.);
#1668=FACE_OUTER_BOUND('',#2004,.T.);
#1669=FACE_OUTER_BOUND('',#2005,.T.);
#1670=FACE_OUTER_BOUND('',#2006,.T.);
#1671=FACE_OUTER_BOUND('',#2007,.T.);
#1672=FACE_OUTER_BOUND('',#2008,.T.);
#1673=FACE_OUTER_BOUND('',#2009,.T.);
#1674=FACE_OUTER_BOUND('',#2010,.T.);
#1675=FACE_OUTER_BOUND('',#2011,.T.);
#1676=FACE_OUTER_BOUND('',#2012,.T.);
#1677=FACE_OUTER_BOUND('',#2013,.T.);
#1678=FACE_OUTER_BOUND('',#2014,.T.);
#1679=FACE_OUTER_BOUND('',#2015,.T.);
#1680=FACE_OUTER_BOUND('',#2016,.T.);
#1681=FACE_OUTER_BOUND('',#2018,.T.);
#1682=FACE_OUTER_BOUND('',#2019,.T.);
#1683=FACE_OUTER_BOUND('',#2020,.T.);
#1684=FACE_OUTER_BOUND('',#2021,.T.);
#1685=FACE_OUTER_BOUND('',#2022,.T.);
#1686=FACE_OUTER_BOUND('',#2023,.T.);
#1687=FACE_OUTER_BOUND('',#2024,.T.);
#1688=FACE_OUTER_BOUND('',#2025,.T.);
#1689=FACE_OUTER_BOUND('',#2026,.T.);
#1690=FACE_OUTER_BOUND('',#2027,.T.);
#1691=FACE_OUTER_BOUND('',#2028,.T.);
#1692=FACE_OUTER_BOUND('',#2029,.T.);
#1693=FACE_OUTER_BOUND('',#2030,.T.);
#1694=FACE_OUTER_BOUND('',#2031,.T.);
#1695=FACE_OUTER_BOUND('',#2032,.T.);
#1696=FACE_OUTER_BOUND('',#2033,.T.);
#1697=FACE_OUTER_BOUND('',#2034,.T.);
#1698=FACE_OUTER_BOUND('',#2035,.T.);
#1699=FACE_OUTER_BOUND('',#2036,.T.);
#1700=FACE_OUTER_BOUND('',#2037,.T.);
#1701=FACE_OUTER_BOUND('',#2038,.T.);
#1702=FACE_OUTER_BOUND('',#2039,.T.);
#1703=FACE_OUTER_BOUND('',#2040,.T.);
#1704=FACE_OUTER_BOUND('',#2041,.T.);
#1705=FACE_OUTER_BOUND('',#2042,.T.);
#1706=FACE_OUTER_BOUND('',#2043,.T.);
#1707=FACE_OUTER_BOUND('',#2044,.T.);
#1708=FACE_OUTER_BOUND('',#2045,.T.);
#1709=FACE_OUTER_BOUND('',#2046,.T.);
#1710=FACE_OUTER_BOUND('',#2047,.T.);
#1711=FACE_OUTER_BOUND('',#2048,.T.);
#1712=FACE_OUTER_BOUND('',#2049,.T.);
#1713=FACE_OUTER_BOUND('',#2050,.T.);
#1714=FACE_OUTER_BOUND('',#2051,.T.);
#1715=FACE_OUTER_BOUND('',#2052,.T.);
#1716=FACE_OUTER_BOUND('',#2053,.T.);
#1717=FACE_OUTER_BOUND('',#2054,.T.);
#1718=FACE_OUTER_BOUND('',#2055,.T.);
#1719=FACE_OUTER_BOUND('',#2056,.T.);
#1720=FACE_OUTER_BOUND('',#2057,.T.);
#1721=FACE_OUTER_BOUND('',#2058,.T.);
#1722=FACE_OUTER_BOUND('',#2059,.T.);
#1723=FACE_OUTER_BOUND('',#2060,.T.);
#1724=FACE_OUTER_BOUND('',#2061,.T.);
#1725=FACE_OUTER_BOUND('',#2062,.T.);
#1726=FACE_OUTER_BOUND('',#2063,.T.);
#1727=FACE_OUTER_BOUND('',#2064,.T.);
#1728=FACE_OUTER_BOUND('',#2065,.T.);
#1729=FACE_OUTER_BOUND('',#2066,.T.);
#1730=FACE_OUTER_BOUND('',#2067,.T.);
#1731=FACE_OUTER_BOUND('',#2068,.T.);
#1732=FACE_OUTER_BOUND('',#2069,.T.);
#1733=FACE_OUTER_BOUND('',#2070,.T.);
#1734=FACE_OUTER_BOUND('',#2071,.T.);
#1735=FACE_OUTER_BOUND('',#2072,.T.);
#1736=FACE_OUTER_BOUND('',#2073,.T.);
#1737=FACE_OUTER_BOUND('',#2074,.T.);
#1738=FACE_OUTER_BOUND('',#2075,.T.);
#1739=FACE_OUTER_BOUND('',#2076,.T.);
#1740=FACE_OUTER_BOUND('',#2077,.T.);
#1741=FACE_OUTER_BOUND('',#2078,.T.);
#1742=FACE_OUTER_BOUND('',#2079,.T.);
#1743=FACE_OUTER_BOUND('',#2080,.T.);
#1744=FACE_OUTER_BOUND('',#2082,.T.);
#1745=FACE_OUTER_BOUND('',#2083,.T.);
#1746=FACE_OUTER_BOUND('',#2084,.T.);
#1747=FACE_OUTER_BOUND('',#2085,.T.);
#1748=FACE_OUTER_BOUND('',#2086,.T.);
#1749=FACE_OUTER_BOUND('',#2087,.T.);
#1750=FACE_OUTER_BOUND('',#2088,.T.);
#1751=FACE_OUTER_BOUND('',#2089,.T.);
#1752=FACE_OUTER_BOUND('',#2090,.T.);
#1753=FACE_OUTER_BOUND('',#2091,.T.);
#1754=FACE_OUTER_BOUND('',#2092,.T.);
#1755=FACE_OUTER_BOUND('',#2093,.T.);
#1756=FACE_OUTER_BOUND('',#2094,.T.);
#1757=FACE_OUTER_BOUND('',#2095,.T.);
#1758=FACE_OUTER_BOUND('',#2096,.T.);
#1759=FACE_OUTER_BOUND('',#2097,.T.);
#1760=FACE_OUTER_BOUND('',#2098,.T.);
#1761=FACE_OUTER_BOUND('',#2099,.T.);
#1762=FACE_OUTER_BOUND('',#2100,.T.);
#1763=FACE_OUTER_BOUND('',#2101,.T.);
#1764=FACE_OUTER_BOUND('',#2102,.T.);
#1765=FACE_OUTER_BOUND('',#2103,.T.);
#1766=FACE_OUTER_BOUND('',#2104,.T.);
#1767=FACE_OUTER_BOUND('',#2105,.T.);
#1768=FACE_OUTER_BOUND('',#2106,.T.);
#1769=FACE_OUTER_BOUND('',#2107,.T.);
#1770=FACE_OUTER_BOUND('',#2108,.T.);
#1771=FACE_OUTER_BOUND('',#2109,.T.);
#1772=FACE_OUTER_BOUND('',#2110,.T.);
#1773=FACE_OUTER_BOUND('',#2111,.T.);
#1774=FACE_OUTER_BOUND('',#2112,.T.);
#1775=FACE_OUTER_BOUND('',#2113,.T.);
#1776=FACE_OUTER_BOUND('',#2114,.T.);
#1777=FACE_OUTER_BOUND('',#2115,.T.);
#1778=FACE_OUTER_BOUND('',#2116,.T.);
#1779=FACE_OUTER_BOUND('',#2117,.T.);
#1780=FACE_OUTER_BOUND('',#2118,.T.);
#1781=FACE_OUTER_BOUND('',#2119,.T.);
#1782=FACE_OUTER_BOUND('',#2120,.T.);
#1783=FACE_OUTER_BOUND('',#2121,.T.);
#1784=FACE_OUTER_BOUND('',#2122,.T.);
#1785=FACE_OUTER_BOUND('',#2123,.T.);
#1786=FACE_OUTER_BOUND('',#2124,.T.);
#1787=FACE_OUTER_BOUND('',#2125,.T.);
#1788=FACE_OUTER_BOUND('',#2126,.T.);
#1789=FACE_OUTER_BOUND('',#2127,.T.);
#1790=FACE_OUTER_BOUND('',#2128,.T.);
#1791=FACE_OUTER_BOUND('',#2129,.T.);
#1792=FACE_OUTER_BOUND('',#2130,.T.);
#1793=FACE_OUTER_BOUND('',#2131,.T.);
#1794=FACE_OUTER_BOUND('',#2132,.T.);
#1795=FACE_OUTER_BOUND('',#2133,.T.);
#1796=FACE_OUTER_BOUND('',#2134,.T.);
#1797=FACE_OUTER_BOUND('',#2135,.T.);
#1798=FACE_OUTER_BOUND('',#2136,.T.);
#1799=FACE_OUTER_BOUND('',#2137,.T.);
#1800=FACE_OUTER_BOUND('',#2138,.T.);
#1801=FACE_OUTER_BOUND('',#2139,.T.);
#1802=FACE_OUTER_BOUND('',#2140,.T.);
#1803=FACE_OUTER_BOUND('',#2141,.T.);
#1804=FACE_OUTER_BOUND('',#2142,.T.);
#1805=FACE_OUTER_BOUND('',#2143,.T.);
#1806=FACE_OUTER_BOUND('',#2144,.T.);
#1807=FACE_OUTER_BOUND('',#2145,.T.);
#1808=FACE_OUTER_BOUND('',#2146,.T.);
#1809=FACE_OUTER_BOUND('',#2147,.T.);
#1810=FACE_OUTER_BOUND('',#2148,.T.);
#1811=FACE_OUTER_BOUND('',#2149,.T.);
#1812=FACE_OUTER_BOUND('',#2150,.T.);
#1813=FACE_OUTER_BOUND('',#2151,.T.);
#1814=FACE_OUTER_BOUND('',#2152,.T.);
#1815=FACE_OUTER_BOUND('',#2153,.T.);
#1816=FACE_OUTER_BOUND('',#2154,.T.);
#1817=FACE_OUTER_BOUND('',#2155,.T.);
#1818=FACE_OUTER_BOUND('',#2156,.T.);
#1819=FACE_OUTER_BOUND('',#2157,.T.);
#1820=FACE_OUTER_BOUND('',#2158,.T.);
#1821=FACE_OUTER_BOUND('',#2159,.T.);
#1822=FACE_OUTER_BOUND('',#2160,.T.);
#1823=FACE_OUTER_BOUND('',#2161,.T.);
#1824=FACE_OUTER_BOUND('',#2162,.T.);
#1825=FACE_OUTER_BOUND('',#2163,.T.);
#1826=FACE_OUTER_BOUND('',#2164,.T.);
#1827=FACE_OUTER_BOUND('',#2165,.T.);
#1828=FACE_OUTER_BOUND('',#2166,.T.);
#1829=FACE_OUTER_BOUND('',#2167,.T.);
#1830=FACE_OUTER_BOUND('',#2168,.T.);
#1831=FACE_OUTER_BOUND('',#2169,.T.);
#1832=FACE_OUTER_BOUND('',#2170,.T.);
#1833=FACE_OUTER_BOUND('',#2171,.T.);
#1834=FACE_OUTER_BOUND('',#2172,.T.);
#1835=FACE_OUTER_BOUND('',#2173,.T.);
#1836=FACE_OUTER_BOUND('',#2174,.T.);
#1837=FACE_OUTER_BOUND('',#2175,.T.);
#1838=FACE_OUTER_BOUND('',#2176,.T.);
#1839=FACE_OUTER_BOUND('',#2177,.T.);
#1840=FACE_OUTER_BOUND('',#2178,.T.);
#1841=FACE_OUTER_BOUND('',#2179,.T.);
#1842=FACE_OUTER_BOUND('',#2180,.T.);
#1843=FACE_OUTER_BOUND('',#2181,.T.);
#1844=FACE_OUTER_BOUND('',#2182,.T.);
#1845=FACE_OUTER_BOUND('',#2183,.T.);
#1846=FACE_OUTER_BOUND('',#2184,.T.);
#1847=FACE_OUTER_BOUND('',#2185,.T.);
#1848=FACE_OUTER_BOUND('',#2186,.T.);
#1849=FACE_OUTER_BOUND('',#2187,.T.);
#1850=FACE_OUTER_BOUND('',#2188,.T.);
#1851=FACE_OUTER_BOUND('',#2189,.T.);
#1852=FACE_OUTER_BOUND('',#2190,.T.);
#1853=FACE_OUTER_BOUND('',#2191,.T.);
#1854=FACE_OUTER_BOUND('',#2192,.T.);
#1855=FACE_OUTER_BOUND('',#2193,.T.);
#1856=FACE_OUTER_BOUND('',#2194,.T.);
#1857=FACE_OUTER_BOUND('',#2195,.T.);
#1858=FACE_OUTER_BOUND('',#2196,.T.);
#1859=FACE_OUTER_BOUND('',#2197,.T.);
#1860=FACE_OUTER_BOUND('',#2198,.T.);
#1861=FACE_OUTER_BOUND('',#2199,.T.);
#1862=FACE_OUTER_BOUND('',#2200,.T.);
#1863=FACE_OUTER_BOUND('',#2201,.T.);
#1864=FACE_OUTER_BOUND('',#2202,.T.);
#1865=FACE_OUTER_BOUND('',#2203,.T.);
#1866=FACE_OUTER_BOUND('',#2204,.T.);
#1867=FACE_OUTER_BOUND('',#2205,.T.);
#1868=FACE_OUTER_BOUND('',#2206,.T.);
#1869=FACE_OUTER_BOUND('',#2207,.T.);
#1870=FACE_OUTER_BOUND('',#2208,.T.);
#1871=FACE_OUTER_BOUND('',#2209,.T.);
#1872=FACE_OUTER_BOUND('',#2210,.T.);
#1873=FACE_OUTER_BOUND('',#2211,.T.);
#1874=FACE_OUTER_BOUND('',#2212,.T.);
#1875=FACE_OUTER_BOUND('',#2213,.T.);
#1876=FACE_OUTER_BOUND('',#2214,.T.);
#1877=FACE_OUTER_BOUND('',#2215,.T.);
#1878=FACE_OUTER_BOUND('',#2216,.T.);
#1879=FACE_OUTER_BOUND('',#2217,.T.);
#1880=FACE_OUTER_BOUND('',#2218,.T.);
#1881=FACE_OUTER_BOUND('',#2219,.T.);
#1882=FACE_OUTER_BOUND('',#2221,.T.);
#1883=FACE_OUTER_BOUND('',#2222,.T.);
#1884=FACE_OUTER_BOUND('',#2223,.T.);
#1885=FACE_OUTER_BOUND('',#2224,.T.);
#1886=FACE_OUTER_BOUND('',#2225,.T.);
#1887=FACE_OUTER_BOUND('',#2226,.T.);
#1888=FACE_OUTER_BOUND('',#2227,.T.);
#1889=FACE_OUTER_BOUND('',#2228,.T.);
#1890=FACE_OUTER_BOUND('',#2229,.T.);
#1891=FACE_OUTER_BOUND('',#2230,.T.);
#1892=FACE_OUTER_BOUND('',#2231,.T.);
#1893=FACE_OUTER_BOUND('',#2236,.T.);
#1894=FACE_OUTER_BOUND('',#2237,.T.);
#1895=FACE_OUTER_BOUND('',#2238,.T.);
#1896=FACE_OUTER_BOUND('',#2239,.T.);
#1897=FACE_OUTER_BOUND('',#2240,.T.);
#1898=FACE_OUTER_BOUND('',#2241,.T.);
#1899=FACE_OUTER_BOUND('',#2242,.T.);
#1900=FACE_OUTER_BOUND('',#2243,.T.);
#1901=FACE_OUTER_BOUND('',#2244,.T.);
#1902=FACE_OUTER_BOUND('',#2245,.T.);
#1903=FACE_OUTER_BOUND('',#2246,.T.);
#1904=FACE_OUTER_BOUND('',#2247,.T.);
#1905=FACE_OUTER_BOUND('',#2248,.T.);
#1906=FACE_OUTER_BOUND('',#2249,.T.);
#1907=FACE_OUTER_BOUND('',#2250,.T.);
#1908=FACE_OUTER_BOUND('',#2251,.T.);
#1909=FACE_OUTER_BOUND('',#2252,.T.);
#1910=FACE_OUTER_BOUND('',#2253,.T.);
#1911=FACE_OUTER_BOUND('',#2254,.T.);
#1912=FACE_OUTER_BOUND('',#2259,.T.);
#1913=FACE_OUTER_BOUND('',#2260,.T.);
#1914=FACE_OUTER_BOUND('',#2261,.T.);
#1915=FACE_OUTER_BOUND('',#2262,.T.);
#1916=FACE_OUTER_BOUND('',#2263,.T.);
#1917=FACE_OUTER_BOUND('',#2264,.T.);
#1918=FACE_OUTER_BOUND('',#2265,.T.);
#1919=FACE_OUTER_BOUND('',#2266,.T.);
#1920=EDGE_LOOP('',(#3744,#3745,#3746,#3747,#3748));
#1921=EDGE_LOOP('',(#3749,#3750,#3751,#3752));
#1922=EDGE_LOOP('',(#3753));
#1923=EDGE_LOOP('',(#3754));
#1924=EDGE_LOOP('',(#3755,#3756,#3757,#3758,#3759,#3760,#3761,#3762,#3763,
#3764,#3765,#3766,#3767,#3768,#3769,#3770,#3771,#3772,#3773,#3774,#3775,
#3776,#3777,#3778,#3779,#3780,#3781,#3782,#3783,#3784,#3785,#3786,#3787,
#3788,#3789));
#1925=EDGE_LOOP('',(#3790,#3791,#3792,#3793,#3794,#3795,#3796,#3797,#3798,
#3799,#3800,#3801));
#1926=EDGE_LOOP('',(#3802,#3803,#3804,#3805,#3806,#3807,#3808,#3809,#3810,
#3811));
#1927=EDGE_LOOP('',(#3812,#3813,#3814,#3815,#3816,#3817,#3818,#3819,#3820,
#3821,#3822,#3823,#3824,#3825,#3826,#3827,#3828,#3829,#3830,#3831,#3832,
#3833,#3834,#3835,#3836,#3837,#3838,#3839,#3840));
#1928=EDGE_LOOP('',(#3841,#3842,#3843,#3844,#3845,#3846,#3847,#3848,#3849,
#3850,#3851,#3852,#3853,#3854,#3855,#3856,#3857,#3858,#3859,#3860,#3861,
#3862));
#1929=EDGE_LOOP('',(#3863,#3864,#3865,#3866,#3867,#3868,#3869,#3870,#3871,
#3872,#3873,#3874,#3875,#3876,#3877,#3878,#3879,#3880,#3881,#3882,#3883,
#3884));
#1930=EDGE_LOOP('',(#3885,#3886,#3887,#3888,#3889,#3890,#3891,#3892,#3893,
#3894,#3895,#3896,#3897,#3898,#3899,#3900,#3901,#3902,#3903,#3904,#3905,
#3906,#3907,#3908,#3909,#3910,#3911,#3912,#3913,#3914,#3915,#3916,#3917,
#3918,#3919));
#1931=EDGE_LOOP('',(#3920,#3921,#3922,#3923));
#1932=EDGE_LOOP('',(#3924));
#1933=EDGE_LOOP('',(#3925));
#1934=EDGE_LOOP('',(#3926));
#1935=EDGE_LOOP('',(#3927));
#1936=EDGE_LOOP('',(#3928,#3929,#3930,#3931,#3932,#3933,#3934,#3935));
#1937=EDGE_LOOP('',(#3936,#3937,#3938,#3939,#3940,#3941,#3942,#3943,#3944,
#3945,#3946,#3947,#3948,#3949,#3950,#3951,#3952,#3953,#3954,#3955,#3956,
#3957));
#1938=EDGE_LOOP('',(#3958,#3959,#3960,#3961,#3962,#3963,#3964,#3965,#3966));
#1939=EDGE_LOOP('',(#3967,#3968,#3969,#3970,#3971,#3972));
#1940=EDGE_LOOP('',(#3973,#3974,#3975,#3976,#3977,#3978,#3979,#3980,#3981,
#3982,#3983,#3984));
#1941=EDGE_LOOP('',(#3985));
#1942=EDGE_LOOP('',(#3986));
#1943=EDGE_LOOP('',(#3987,#3988,#3989,#3990,#3991));
#1944=EDGE_LOOP('',(#3992,#3993,#3994,#3995,#3996));
#1945=EDGE_LOOP('',(#3997,#3998,#3999,#4000,#4001));
#1946=EDGE_LOOP('',(#4002,#4003,#4004,#4005,#4006));
#1947=EDGE_LOOP('',(#4007,#4008,#4009,#4010,#4011));
#1948=EDGE_LOOP('',(#4012,#4013,#4014,#4015,#4016));
#1949=EDGE_LOOP('',(#4017,#4018,#4019,#4020,#4021));
#1950=EDGE_LOOP('',(#4022,#4023,#4024,#4025));
#1951=EDGE_LOOP('',(#4026));
#1952=EDGE_LOOP('',(#4027,#4028,#4029,#4030));
#1953=EDGE_LOOP('',(#4031));
#1954=EDGE_LOOP('',(#4032,#4033,#4034,#4035));
#1955=EDGE_LOOP('',(#4036));
#1956=EDGE_LOOP('',(#4037,#4038,#4039,#4040));
#1957=EDGE_LOOP('',(#4041));
#1958=EDGE_LOOP('',(#4042,#4043,#4044,#4045));
#1959=EDGE_LOOP('',(#4046,#4047,#4048,#4049));
#1960=EDGE_LOOP('',(#4050,#4051,#4052,#4053));
#1961=EDGE_LOOP('',(#4054,#4055,#4056,#4057));
#1962=EDGE_LOOP('',(#4058,#4059,#4060,#4061));
#1963=EDGE_LOOP('',(#4062,#4063,#4064,#4065));
#1964=EDGE_LOOP('',(#4066,#4067,#4068,#4069));
#1965=EDGE_LOOP('',(#4070,#4071,#4072,#4073));
#1966=EDGE_LOOP('',(#4074,#4075,#4076,#4077));
#1967=EDGE_LOOP('',(#4078,#4079,#4080,#4081));
#1968=EDGE_LOOP('',(#4082,#4083,#4084,#4085));
#1969=EDGE_LOOP('',(#4086,#4087,#4088,#4089));
#1970=EDGE_LOOP('',(#4090,#4091,#4092,#4093));
#1971=EDGE_LOOP('',(#4094,#4095,#4096,#4097));
#1972=EDGE_LOOP('',(#4098,#4099,#4100,#4101));
#1973=EDGE_LOOP('',(#4102,#4103,#4104,#4105));
#1974=EDGE_LOOP('',(#4106,#4107,#4108,#4109));
#1975=EDGE_LOOP('',(#4110,#4111,#4112,#4113));
#1976=EDGE_LOOP('',(#4114,#4115,#4116,#4117));
#1977=EDGE_LOOP('',(#4118,#4119,#4120,#4121));
#1978=EDGE_LOOP('',(#4122,#4123,#4124,#4125));
#1979=EDGE_LOOP('',(#4126,#4127,#4128,#4129));
#1980=EDGE_LOOP('',(#4130,#4131,#4132,#4133));
#1981=EDGE_LOOP('',(#4134,#4135,#4136,#4137));
#1982=EDGE_LOOP('',(#4138,#4139,#4140,#4141));
#1983=EDGE_LOOP('',(#4142,#4143,#4144,#4145));
#1984=EDGE_LOOP('',(#4146,#4147,#4148,#4149));
#1985=EDGE_LOOP('',(#4150,#4151,#4152,#4153));
#1986=EDGE_LOOP('',(#4154,#4155,#4156,#4157));
#1987=EDGE_LOOP('',(#4158,#4159,#4160,#4161));
#1988=EDGE_LOOP('',(#4162,#4163,#4164,#4165));
#1989=EDGE_LOOP('',(#4166,#4167,#4168,#4169));
#1990=EDGE_LOOP('',(#4170,#4171,#4172,#4173));
#1991=EDGE_LOOP('',(#4174,#4175,#4176,#4177));
#1992=EDGE_LOOP('',(#4178,#4179,#4180,#4181));
#1993=EDGE_LOOP('',(#4182,#4183,#4184,#4185,#4186,#4187,#4188,#4189,#4190,
#4191,#4192,#4193,#4194,#4195,#4196,#4197,#4198,#4199,#4200,#4201,#4202,
#4203,#4204,#4205,#4206,#4207,#4208,#4209,#4210,#4211,#4212,#4213,#4214,
#4215,#4216));
#1994=EDGE_LOOP('',(#4217,#4218,#4219,#4220));
#1995=EDGE_LOOP('',(#4221,#4222,#4223,#4224));
#1996=EDGE_LOOP('',(#4225,#4226,#4227,#4228));
#1997=EDGE_LOOP('',(#4229,#4230,#4231,#4232));
#1998=EDGE_LOOP('',(#4233,#4234,#4235,#4236));
#1999=EDGE_LOOP('',(#4237,#4238,#4239,#4240));
#2000=EDGE_LOOP('',(#4241,#4242,#4243,#4244));
#2001=EDGE_LOOP('',(#4245,#4246,#4247,#4248));
#2002=EDGE_LOOP('',(#4249,#4250,#4251,#4252));
#2003=EDGE_LOOP('',(#4253,#4254,#4255,#4256));
#2004=EDGE_LOOP('',(#4257,#4258,#4259,#4260));
#2005=EDGE_LOOP('',(#4261,#4262,#4263,#4264));
#2006=EDGE_LOOP('',(#4265,#4266,#4267,#4268));
#2007=EDGE_LOOP('',(#4269,#4270,#4271,#4272));
#2008=EDGE_LOOP('',(#4273,#4274,#4275,#4276));
#2009=EDGE_LOOP('',(#4277,#4278,#4279,#4280));
#2010=EDGE_LOOP('',(#4281,#4282,#4283,#4284));
#2011=EDGE_LOOP('',(#4285,#4286,#4287,#4288));
#2012=EDGE_LOOP('',(#4289,#4290,#4291,#4292));
#2013=EDGE_LOOP('',(#4293,#4294,#4295,#4296));
#2014=EDGE_LOOP('',(#4297,#4298,#4299,#4300));
#2015=EDGE_LOOP('',(#4301,#4302,#4303,#4304));
#2016=EDGE_LOOP('',(#4305,#4306,#4307,#4308,#4309,#4310,#4311,#4312,#4313,
#4314,#4315,#4316));
#2017=EDGE_LOOP('',(#4317,#4318,#4319,#4320,#4321,#4322,#4323,#4324,#4325,
#4326));
#2018=EDGE_LOOP('',(#4327,#4328,#4329,#4330));
#2019=EDGE_LOOP('',(#4331,#4332,#4333,#4334));
#2020=EDGE_LOOP('',(#4335,#4336,#4337,#4338));
#2021=EDGE_LOOP('',(#4339,#4340,#4341,#4342));
#2022=EDGE_LOOP('',(#4343,#4344,#4345,#4346));
#2023=EDGE_LOOP('',(#4347,#4348,#4349,#4350));
#2024=EDGE_LOOP('',(#4351,#4352,#4353,#4354,#4355,#4356));
#2025=EDGE_LOOP('',(#4357,#4358,#4359,#4360));
#2026=EDGE_LOOP('',(#4361,#4362,#4363,#4364));
#2027=EDGE_LOOP('',(#4365,#4366,#4367,#4368));
#2028=EDGE_LOOP('',(#4369,#4370,#4371,#4372));
#2029=EDGE_LOOP('',(#4373,#4374,#4375,#4376));
#2030=EDGE_LOOP('',(#4377,#4378,#4379,#4380));
#2031=EDGE_LOOP('',(#4381,#4382,#4383,#4384));
#2032=EDGE_LOOP('',(#4385,#4386,#4387,#4388));
#2033=EDGE_LOOP('',(#4389,#4390,#4391,#4392));
#2034=EDGE_LOOP('',(#4393,#4394,#4395,#4396,#4397,#4398,#4399,#4400,#4401));
#2035=EDGE_LOOP('',(#4402,#4403,#4404,#4405));
#2036=EDGE_LOOP('',(#4406,#4407,#4408,#4409));
#2037=EDGE_LOOP('',(#4410,#4411,#4412,#4413));
#2038=EDGE_LOOP('',(#4414,#4415,#4416,#4417));
#2039=EDGE_LOOP('',(#4418,#4419,#4420,#4421));
#2040=EDGE_LOOP('',(#4422,#4423,#4424,#4425));
#2041=EDGE_LOOP('',(#4426,#4427,#4428,#4429));
#2042=EDGE_LOOP('',(#4430,#4431,#4432,#4433));
#2043=EDGE_LOOP('',(#4434,#4435,#4436,#4437));
#2044=EDGE_LOOP('',(#4438,#4439,#4440,#4441));
#2045=EDGE_LOOP('',(#4442,#4443,#4444,#4445));
#2046=EDGE_LOOP('',(#4446,#4447,#4448,#4449));
#2047=EDGE_LOOP('',(#4450,#4451,#4452,#4453));
#2048=EDGE_LOOP('',(#4454,#4455,#4456,#4457));
#2049=EDGE_LOOP('',(#4458,#4459,#4460,#4461));
#2050=EDGE_LOOP('',(#4462,#4463,#4464,#4465));
#2051=EDGE_LOOP('',(#4466,#4467,#4468,#4469));
#2052=EDGE_LOOP('',(#4470,#4471,#4472,#4473));
#2053=EDGE_LOOP('',(#4474,#4475,#4476,#4477));
#2054=EDGE_LOOP('',(#4478,#4479,#4480,#4481));
#2055=EDGE_LOOP('',(#4482,#4483,#4484,#4485));
#2056=EDGE_LOOP('',(#4486,#4487,#4488,#4489));
#2057=EDGE_LOOP('',(#4490,#4491,#4492,#4493,#4494,#4495,#4496,#4497,#4498,
#4499,#4500,#4501,#4502,#4503,#4504,#4505,#4506,#4507,#4508,#4509,#4510,
#4511));
#2058=EDGE_LOOP('',(#4512,#4513,#4514,#4515));
#2059=EDGE_LOOP('',(#4516,#4517,#4518,#4519));
#2060=EDGE_LOOP('',(#4520,#4521,#4522,#4523));
#2061=EDGE_LOOP('',(#4524,#4525,#4526,#4527));
#2062=EDGE_LOOP('',(#4528,#4529,#4530,#4531));
#2063=EDGE_LOOP('',(#4532,#4533,#4534,#4535));
#2064=EDGE_LOOP('',(#4536,#4537,#4538,#4539));
#2065=EDGE_LOOP('',(#4540,#4541,#4542,#4543));
#2066=EDGE_LOOP('',(#4544,#4545,#4546,#4547));
#2067=EDGE_LOOP('',(#4548,#4549,#4550,#4551));
#2068=EDGE_LOOP('',(#4552,#4553,#4554,#4555));
#2069=EDGE_LOOP('',(#4556,#4557,#4558,#4559));
#2070=EDGE_LOOP('',(#4560,#4561,#4562,#4563));
#2071=EDGE_LOOP('',(#4564,#4565,#4566,#4567));
#2072=EDGE_LOOP('',(#4568,#4569,#4570,#4571));
#2073=EDGE_LOOP('',(#4572,#4573,#4574,#4575));
#2074=EDGE_LOOP('',(#4576,#4577,#4578,#4579));
#2075=EDGE_LOOP('',(#4580,#4581,#4582,#4583));
#2076=EDGE_LOOP('',(#4584,#4585,#4586,#4587));
#2077=EDGE_LOOP('',(#4588,#4589,#4590,#4591));
#2078=EDGE_LOOP('',(#4592,#4593,#4594,#4595));
#2079=EDGE_LOOP('',(#4596,#4597,#4598,#4599));
#2080=EDGE_LOOP('',(#4600,#4601,#4602,#4603,#4604,#4605,#4606,#4607,#4608,
#4609,#4610,#4611));
#2081=EDGE_LOOP('',(#4612,#4613,#4614,#4615,#4616,#4617,#4618,#4619,#4620,
#4621));
#2082=EDGE_LOOP('',(#4622,#4623,#4624,#4625,#4626,#4627,#4628,#4629,#4630,
#4631));
#2083=EDGE_LOOP('',(#4632,#4633,#4634,#4635));
#2084=EDGE_LOOP('',(#4636,#4637,#4638,#4639));
#2085=EDGE_LOOP('',(#4640,#4641,#4642,#4643));
#2086=EDGE_LOOP('',(#4644,#4645,#4646,#4647));
#2087=EDGE_LOOP('',(#4648,#4649,#4650,#4651));
#2088=EDGE_LOOP('',(#4652,#4653,#4654,#4655));
#2089=EDGE_LOOP('',(#4656,#4657,#4658,#4659));
#2090=EDGE_LOOP('',(#4660,#4661,#4662,#4663));
#2091=EDGE_LOOP('',(#4664,#4665,#4666,#4667));
#2092=EDGE_LOOP('',(#4668,#4669,#4670,#4671));
#2093=EDGE_LOOP('',(#4672,#4673,#4674,#4675,#4676,#4677,#4678,#4679,#4680,
#4681));
#2094=EDGE_LOOP('',(#4682,#4683,#4684,#4685));
#2095=EDGE_LOOP('',(#4686,#4687,#4688,#4689));
#2096=EDGE_LOOP('',(#4690,#4691,#4692,#4693));
#2097=EDGE_LOOP('',(#4694,#4695,#4696,#4697));
#2098=EDGE_LOOP('',(#4698,#4699,#4700,#4701));
#2099=EDGE_LOOP('',(#4702,#4703,#4704,#4705));
#2100=EDGE_LOOP('',(#4706,#4707,#4708,#4709));
#2101=EDGE_LOOP('',(#4710,#4711,#4712,#4713));
#2102=EDGE_LOOP('',(#4714,#4715,#4716,#4717));
#2103=EDGE_LOOP('',(#4718,#4719,#4720,#4721));
#2104=EDGE_LOOP('',(#4722,#4723,#4724,#4725));
#2105=EDGE_LOOP('',(#4726,#4727,#4728,#4729));
#2106=EDGE_LOOP('',(#4730,#4731,#4732,#4733));
#2107=EDGE_LOOP('',(#4734,#4735,#4736,#4737));
#2108=EDGE_LOOP('',(#4738,#4739,#4740,#4741));
#2109=EDGE_LOOP('',(#4742,#4743,#4744,#4745));
#2110=EDGE_LOOP('',(#4746,#4747,#4748,#4749));
#2111=EDGE_LOOP('',(#4750,#4751,#4752,#4753));
#2112=EDGE_LOOP('',(#4754,#4755,#4756,#4757));
#2113=EDGE_LOOP('',(#4758,#4759,#4760,#4761));
#2114=EDGE_LOOP('',(#4762,#4763,#4764,#4765));
#2115=EDGE_LOOP('',(#4766,#4767,#4768,#4769));
#2116=EDGE_LOOP('',(#4770,#4771,#4772,#4773));
#2117=EDGE_LOOP('',(#4774,#4775,#4776,#4777));
#2118=EDGE_LOOP('',(#4778,#4779,#4780,#4781));
#2119=EDGE_LOOP('',(#4782,#4783,#4784,#4785));
#2120=EDGE_LOOP('',(#4786,#4787,#4788,#4789));
#2121=EDGE_LOOP('',(#4790,#4791,#4792,#4793));
#2122=EDGE_LOOP('',(#4794,#4795,#4796,#4797));
#2123=EDGE_LOOP('',(#4798,#4799,#4800,#4801,#4802,#4803,#4804,#4805,#4806,
#4807,#4808,#4809,#4810,#4811,#4812,#4813,#4814,#4815,#4816,#4817,#4818,
#4819,#4820,#4821,#4822,#4823,#4824,#4825,#4826));
#2124=EDGE_LOOP('',(#4827,#4828,#4829,#4830));
#2125=EDGE_LOOP('',(#4831,#4832,#4833,#4834));
#2126=EDGE_LOOP('',(#4835,#4836,#4837,#4838));
#2127=EDGE_LOOP('',(#4839,#4840,#4841,#4842));
#2128=EDGE_LOOP('',(#4843,#4844,#4845,#4846));
#2129=EDGE_LOOP('',(#4847,#4848,#4849,#4850));
#2130=EDGE_LOOP('',(#4851,#4852,#4853,#4854));
#2131=EDGE_LOOP('',(#4855,#4856,#4857,#4858));
#2132=EDGE_LOOP('',(#4859,#4860,#4861,#4862));
#2133=EDGE_LOOP('',(#4863,#4864,#4865,#4866));
#2134=EDGE_LOOP('',(#4867,#4868,#4869,#4870));
#2135=EDGE_LOOP('',(#4871,#4872,#4873,#4874));
#2136=EDGE_LOOP('',(#4875,#4876,#4877,#4878));
#2137=EDGE_LOOP('',(#4879,#4880,#4881,#4882));
#2138=EDGE_LOOP('',(#4883,#4884,#4885,#4886));
#2139=EDGE_LOOP('',(#4887,#4888,#4889,#4890));
#2140=EDGE_LOOP('',(#4891,#4892,#4893,#4894));
#2141=EDGE_LOOP('',(#4895,#4896,#4897,#4898));
#2142=EDGE_LOOP('',(#4899,#4900,#4901,#4902));
#2143=EDGE_LOOP('',(#4903,#4904,#4905,#4906));
#2144=EDGE_LOOP('',(#4907,#4908,#4909,#4910));
#2145=EDGE_LOOP('',(#4911,#4912,#4913,#4914));
#2146=EDGE_LOOP('',(#4915,#4916,#4917,#4918,#4919,#4920,#4921,#4922,#4923,
#4924,#4925,#4926,#4927,#4928,#4929,#4930,#4931,#4932,#4933,#4934,#4935,
#4936));
#2147=EDGE_LOOP('',(#4937,#4938,#4939,#4940));
#2148=EDGE_LOOP('',(#4941,#4942,#4943,#4944));
#2149=EDGE_LOOP('',(#4945,#4946,#4947,#4948));
#2150=EDGE_LOOP('',(#4949,#4950,#4951,#4952));
#2151=EDGE_LOOP('',(#4953,#4954,#4955,#4956));
#2152=EDGE_LOOP('',(#4957,#4958,#4959,#4960));
#2153=EDGE_LOOP('',(#4961,#4962,#4963,#4964));
#2154=EDGE_LOOP('',(#4965,#4966,#4967,#4968));
#2155=EDGE_LOOP('',(#4969,#4970,#4971,#4972));
#2156=EDGE_LOOP('',(#4973,#4974,#4975,#4976));
#2157=EDGE_LOOP('',(#4977,#4978,#4979,#4980));
#2158=EDGE_LOOP('',(#4981,#4982,#4983,#4984));
#2159=EDGE_LOOP('',(#4985,#4986,#4987,#4988));
#2160=EDGE_LOOP('',(#4989,#4990,#4991,#4992));
#2161=EDGE_LOOP('',(#4993,#4994,#4995,#4996));
#2162=EDGE_LOOP('',(#4997,#4998,#4999,#5000));
#2163=EDGE_LOOP('',(#5001,#5002,#5003,#5004));
#2164=EDGE_LOOP('',(#5005,#5006,#5007,#5008));
#2165=EDGE_LOOP('',(#5009,#5010,#5011,#5012));
#2166=EDGE_LOOP('',(#5013,#5014,#5015,#5016));
#2167=EDGE_LOOP('',(#5017,#5018,#5019,#5020));
#2168=EDGE_LOOP('',(#5021,#5022,#5023,#5024));
#2169=EDGE_LOOP('',(#5025,#5026,#5027,#5028,#5029,#5030,#5031,#5032,#5033,
#5034,#5035,#5036,#5037,#5038,#5039,#5040,#5041,#5042,#5043,#5044,#5045,
#5046));
#2170=EDGE_LOOP('',(#5047,#5048,#5049,#5050));
#2171=EDGE_LOOP('',(#5051,#5052,#5053,#5054));
#2172=EDGE_LOOP('',(#5055,#5056,#5057,#5058));
#2173=EDGE_LOOP('',(#5059,#5060,#5061,#5062));
#2174=EDGE_LOOP('',(#5063,#5064,#5065,#5066));
#2175=EDGE_LOOP('',(#5067,#5068,#5069,#5070));
#2176=EDGE_LOOP('',(#5071,#5072,#5073,#5074));
#2177=EDGE_LOOP('',(#5075,#5076,#5077,#5078));
#2178=EDGE_LOOP('',(#5079,#5080,#5081,#5082));
#2179=EDGE_LOOP('',(#5083,#5084,#5085,#5086));
#2180=EDGE_LOOP('',(#5087,#5088,#5089,#5090));
#2181=EDGE_LOOP('',(#5091,#5092,#5093,#5094));
#2182=EDGE_LOOP('',(#5095,#5096,#5097,#5098));
#2183=EDGE_LOOP('',(#5099,#5100,#5101,#5102));
#2184=EDGE_LOOP('',(#5103,#5104,#5105,#5106));
#2185=EDGE_LOOP('',(#5107,#5108,#5109,#5110));
#2186=EDGE_LOOP('',(#5111,#5112,#5113,#5114));
#2187=EDGE_LOOP('',(#5115,#5116,#5117,#5118));
#2188=EDGE_LOOP('',(#5119,#5120,#5121,#5122));
#2189=EDGE_LOOP('',(#5123,#5124,#5125,#5126));
#2190=EDGE_LOOP('',(#5127,#5128,#5129,#5130));
#2191=EDGE_LOOP('',(#5131,#5132,#5133,#5134));
#2192=EDGE_LOOP('',(#5135,#5136,#5137,#5138));
#2193=EDGE_LOOP('',(#5139,#5140,#5141,#5142));
#2194=EDGE_LOOP('',(#5143,#5144,#5145,#5146));
#2195=EDGE_LOOP('',(#5147,#5148,#5149,#5150));
#2196=EDGE_LOOP('',(#5151,#5152,#5153,#5154));
#2197=EDGE_LOOP('',(#5155,#5156,#5157,#5158));
#2198=EDGE_LOOP('',(#5159,#5160,#5161,#5162));
#2199=EDGE_LOOP('',(#5163,#5164,#5165,#5166));
#2200=EDGE_LOOP('',(#5167,#5168,#5169,#5170));
#2201=EDGE_LOOP('',(#5171,#5172,#5173,#5174));
#2202=EDGE_LOOP('',(#5175,#5176,#5177,#5178));
#2203=EDGE_LOOP('',(#5179,#5180,#5181,#5182));
#2204=EDGE_LOOP('',(#5183,#5184,#5185,#5186));
#2205=EDGE_LOOP('',(#5187,#5188,#5189,#5190,#5191,#5192,#5193,#5194,#5195,
#5196,#5197,#5198,#5199,#5200,#5201,#5202,#5203,#5204,#5205,#5206,#5207,
#5208,#5209,#5210,#5211,#5212,#5213,#5214,#5215,#5216,#5217,#5218,#5219,
#5220,#5221));
#2206=EDGE_LOOP('',(#5222,#5223,#5224,#5225));
#2207=EDGE_LOOP('',(#5226,#5227,#5228,#5229));
#2208=EDGE_LOOP('',(#5230,#5231,#5232,#5233));
#2209=EDGE_LOOP('',(#5234,#5235,#5236,#5237));
#2210=EDGE_LOOP('',(#5238,#5239,#5240,#5241));
#2211=EDGE_LOOP('',(#5242,#5243,#5244,#5245));
#2212=EDGE_LOOP('',(#5246,#5247,#5248,#5249));
#2213=EDGE_LOOP('',(#5250,#5251,#5252,#5253));
#2214=EDGE_LOOP('',(#5254,#5255,#5256,#5257));
#2215=EDGE_LOOP('',(#5258,#5259,#5260,#5261));
#2216=EDGE_LOOP('',(#5262,#5263,#5264,#5265));
#2217=EDGE_LOOP('',(#5266,#5267,#5268,#5269));
#2218=EDGE_LOOP('',(#5270,#5271,#5272,#5273));
#2219=EDGE_LOOP('',(#5274,#5275,#5276,#5277,#5278,#5279,#5280,#5281));
#2220=EDGE_LOOP('',(#5282,#5283,#5284,#5285,#5286));
#2221=EDGE_LOOP('',(#5287,#5288,#5289,#5290,#5291,#5292,#5293,#5294,#5295,
#5296));
#2222=EDGE_LOOP('',(#5297,#5298,#5299,#5300));
#2223=EDGE_LOOP('',(#5301,#5302,#5303,#5304));
#2224=EDGE_LOOP('',(#5305,#5306,#5307,#5308,#5309));
#2225=EDGE_LOOP('',(#5310,#5311,#5312,#5313));
#2226=EDGE_LOOP('',(#5314,#5315,#5316,#5317,#5318,#5319));
#2227=EDGE_LOOP('',(#5320,#5321,#5322,#5323));
#2228=EDGE_LOOP('',(#5324,#5325,#5326,#5327,#5328,#5329));
#2229=EDGE_LOOP('',(#5330,#5331,#5332,#5333));
#2230=EDGE_LOOP('',(#5334,#5335,#5336,#5337));
#2231=EDGE_LOOP('',(#5338,#5339,#5340,#5341,#5342,#5343,#5344,#5345));
#2232=EDGE_LOOP('',(#5346));
#2233=EDGE_LOOP('',(#5347));
#2234=EDGE_LOOP('',(#5348));
#2235=EDGE_LOOP('',(#5349));
#2236=EDGE_LOOP('',(#5350,#5351,#5352,#5353));
#2237=EDGE_LOOP('',(#5354,#5355,#5356,#5357));
#2238=EDGE_LOOP('',(#5358,#5359,#5360,#5361));
#2239=EDGE_LOOP('',(#5362,#5363,#5364,#5365));
#2240=EDGE_LOOP('',(#5366,#5367,#5368,#5369));
#2241=EDGE_LOOP('',(#5370,#5371,#5372,#5373));
#2242=EDGE_LOOP('',(#5374,#5375,#5376,#5377));
#2243=EDGE_LOOP('',(#5378));
#2244=EDGE_LOOP('',(#5379,#5380,#5381,#5382));
#2245=EDGE_LOOP('',(#5383,#5384,#5385,#5386));
#2246=EDGE_LOOP('',(#5387));
#2247=EDGE_LOOP('',(#5388,#5389,#5390,#5391));
#2248=EDGE_LOOP('',(#5392,#5393,#5394,#5395));
#2249=EDGE_LOOP('',(#5396));
#2250=EDGE_LOOP('',(#5397,#5398,#5399,#5400));
#2251=EDGE_LOOP('',(#5401,#5402,#5403,#5404));
#2252=EDGE_LOOP('',(#5405));
#2253=EDGE_LOOP('',(#5406,#5407,#5408,#5409));
#2254=EDGE_LOOP('',(#5410,#5411,#5412,#5413,#5414,#5415,#5416,#5417,#5418,
#5419,#5420,#5421));
#2255=EDGE_LOOP('',(#5422));
#2256=EDGE_LOOP('',(#5423));
#2257=EDGE_LOOP('',(#5424));
#2258=EDGE_LOOP('',(#5425));
#2259=EDGE_LOOP('',(#5426,#5427,#5428,#5429));
#2260=EDGE_LOOP('',(#5430,#5431,#5432,#5433));
#2261=EDGE_LOOP('',(#5434,#5435,#5436,#5437));
#2262=EDGE_LOOP('',(#5438,#5439,#5440,#5441));
#2263=EDGE_LOOP('',(#5442,#5443,#5444,#5445));
#2264=EDGE_LOOP('',(#5446,#5447,#5448,#5449));
#2265=EDGE_LOOP('',(#5450,#5451,#5452,#5453));
#2266=EDGE_LOOP('',(#5454,#5455,#5456,#5457,#5458,#5459,#5460,#5461));
#2267=CIRCLE('',#5827,0.425);
#2268=CIRCLE('',#5828,0.5);
#2269=CIRCLE('',#5829,0.925);
#2270=CIRCLE('',#5830,0.425);
#2271=CIRCLE('',#5832,0.925);
#2272=CIRCLE('',#5833,0.925);
#2273=CIRCLE('',#5834,1.);
#2274=CIRCLE('',#5835,1.);
#2275=CIRCLE('',#5836,1.);
#2276=CIRCLE('',#5837,1.);
#2277=CIRCLE('',#5838,0.925);
#2278=CIRCLE('',#5840,0.425);
#2279=CIRCLE('',#5842,0.425);
#2280=CIRCLE('',#5843,0.5);
#2281=CIRCLE('',#5844,0.425);
#2282=CIRCLE('',#5846,0.425);
#2283=CIRCLE('',#5848,0.425);
#2284=CIRCLE('',#5849,0.5);
#2285=CIRCLE('',#5850,0.425);
#2286=CIRCLE('',#5852,0.425);
#2287=CIRCLE('',#5854,0.425);
#2288=CIRCLE('',#5855,0.5);
#2289=CIRCLE('',#5856,0.425);
#2290=CIRCLE('',#5858,0.425);
#2291=CIRCLE('',#5860,0.225);
#2292=CIRCLE('',#5861,0.2);
#2293=CIRCLE('',#5864,0.225);
#2294=CIRCLE('',#5865,0.2);
#2295=CIRCLE('',#5868,0.225);
#2296=CIRCLE('',#5869,0.2);
#2297=CIRCLE('',#5872,0.225);
#2298=CIRCLE('',#5873,0.2);
#2299=CIRCLE('',#5961,0.425);
#2300=CIRCLE('',#5962,0.425);
#2301=CIRCLE('',#5963,0.425);
#2302=CIRCLE('',#5964,0.425);
#2303=CIRCLE('',#5971,0.225);
#2304=CIRCLE('',#5972,0.425);
#2305=CIRCLE('',#5976,0.225);
#2306=CIRCLE('',#5977,0.425);
#2307=CIRCLE('',#5981,0.225);
#2308=CIRCLE('',#5982,0.425);
#2309=CIRCLE('',#5986,0.225);
#2310=CIRCLE('',#5987,0.425);
#2311=CIRCLE('',#5992,1.);
#2312=CIRCLE('',#5993,1.);
#2313=CIRCLE('',#5994,1.);
#2314=CIRCLE('',#5995,1.);
#2315=VERTEX_POINT('',#6805);
#2316=VERTEX_POINT('',#6806);
#2317=VERTEX_POINT('',#6808);
#2318=VERTEX_POINT('',#6813);
#2319=VERTEX_POINT('',#6814);
#2320=VERTEX_POINT('',#6816);
#2321=VERTEX_POINT('',#6818);
#2322=VERTEX_POINT('',#6821);
#2323=VERTEX_POINT('',#6823);
#2324=VERTEX_POINT('',#6825);
#2325=VERTEX_POINT('',#6826);
#2326=VERTEX_POINT('',#6828);
#2327=VERTEX_POINT('',#6834);
#2328=VERTEX_POINT('',#6840);
#2329=VERTEX_POINT('',#6846);
#2330=VERTEX_POINT('',#6852);
#2331=VERTEX_POINT('',#6858);
#2332=VERTEX_POINT('',#6864);
#2333=VERTEX_POINT('',#6870);
#2334=VERTEX_POINT('',#6876);
#2335=VERTEX_POINT('',#6882);
#2336=VERTEX_POINT('',#6888);
#2337=VERTEX_POINT('',#6894);
#2338=VERTEX_POINT('',#6900);
#2339=VERTEX_POINT('',#6906);
#2340=VERTEX_POINT('',#6912);
#2341=VERTEX_POINT('',#6918);
#2342=VERTEX_POINT('',#6924);
#2343=VERTEX_POINT('',#6930);
#2344=VERTEX_POINT('',#6936);
#2345=VERTEX_POINT('',#6938);
#2346=VERTEX_POINT('',#6944);
#2347=VERTEX_POINT('',#6950);
#2348=VERTEX_POINT('',#6956);
#2349=VERTEX_POINT('',#6962);
#2350=VERTEX_POINT('',#6968);
#2351=VERTEX_POINT('',#6974);
#2352=VERTEX_POINT('',#6980);
#2353=VERTEX_POINT('',#6986);
#2354=VERTEX_POINT('',#6992);
#2355=VERTEX_POINT('',#6998);
#2356=VERTEX_POINT('',#7004);
#2357=VERTEX_POINT('',#7010);
#2358=VERTEX_POINT('',#7016);
#2359=VERTEX_POINT('',#7027);
#2360=VERTEX_POINT('',#7028);
#2361=VERTEX_POINT('',#7030);
#2362=VERTEX_POINT('',#7032);
#2363=VERTEX_POINT('',#7038);
#2364=VERTEX_POINT('',#7044);
#2365=VERTEX_POINT('',#7050);
#2366=VERTEX_POINT('',#7056);
#2367=VERTEX_POINT('',#7062);
#2368=VERTEX_POINT('',#7068);
#2369=VERTEX_POINT('',#7074);
#2370=VERTEX_POINT('',#7080);
#2371=VERTEX_POINT('',#7087);
#2372=VERTEX_POINT('',#7088);
#2373=VERTEX_POINT('',#7090);
#2374=VERTEX_POINT('',#7092);
#2375=VERTEX_POINT('',#7094);
#2376=VERTEX_POINT('',#7096);
#2377=VERTEX_POINT('',#7098);
#2378=VERTEX_POINT('',#7100);
#2379=VERTEX_POINT('',#7102);
#2380=VERTEX_POINT('',#7104);
#2381=VERTEX_POINT('',#7107);
#2382=VERTEX_POINT('',#7108);
#2383=VERTEX_POINT('',#7110);
#2384=VERTEX_POINT('',#7112);
#2385=VERTEX_POINT('',#7114);
#2386=VERTEX_POINT('',#7120);
#2387=VERTEX_POINT('',#7126);
#2388=VERTEX_POINT('',#7132);
#2389=VERTEX_POINT('',#7138);
#2390=VERTEX_POINT('',#7144);
#2391=VERTEX_POINT('',#7150);
#2392=VERTEX_POINT('',#7156);
#2393=VERTEX_POINT('',#7162);
#2394=VERTEX_POINT('',#7168);
#2395=VERTEX_POINT('',#7174);
#2396=VERTEX_POINT('',#7180);
#2397=VERTEX_POINT('',#7182);
#2398=VERTEX_POINT('',#7188);
#2399=VERTEX_POINT('',#7194);
#2400=VERTEX_POINT('',#7200);
#2401=VERTEX_POINT('',#7206);
#2402=VERTEX_POINT('',#7212);
#2403=VERTEX_POINT('',#7218);
#2404=VERTEX_POINT('',#7224);
#2405=VERTEX_POINT('',#7230);
#2406=VERTEX_POINT('',#7236);
#2407=VERTEX_POINT('',#7242);
#2408=VERTEX_POINT('',#7248);
#2409=VERTEX_POINT('',#7254);
#2410=VERTEX_POINT('',#7257);
#2411=VERTEX_POINT('',#7258);
#2412=VERTEX_POINT('',#7260);
#2413=VERTEX_POINT('',#7266);
#2414=VERTEX_POINT('',#7272);
#2415=VERTEX_POINT('',#7278);
#2416=VERTEX_POINT('',#7284);
#2417=VERTEX_POINT('',#7290);
#2418=VERTEX_POINT('',#7296);
#2419=VERTEX_POINT('',#7302);
#2420=VERTEX_POINT('',#7308);
#2421=VERTEX_POINT('',#7314);
#2422=VERTEX_POINT('',#7320);
#2423=VERTEX_POINT('',#7322);
#2424=VERTEX_POINT('',#7328);
#2425=VERTEX_POINT('',#7334);
#2426=VERTEX_POINT('',#7340);
#2427=VERTEX_POINT('',#7346);
#2428=VERTEX_POINT('',#7352);
#2429=VERTEX_POINT('',#7358);
#2430=VERTEX_POINT('',#7364);
#2431=VERTEX_POINT('',#7370);
#2432=VERTEX_POINT('',#7381);
#2433=VERTEX_POINT('',#7382);
#2434=VERTEX_POINT('',#7384);
#2435=VERTEX_POINT('',#7390);
#2436=VERTEX_POINT('',#7396);
#2437=VERTEX_POINT('',#7402);
#2438=VERTEX_POINT('',#7408);
#2439=VERTEX_POINT('',#7414);
#2440=VERTEX_POINT('',#7420);
#2441=VERTEX_POINT('',#7426);
#2442=VERTEX_POINT('',#7432);
#2443=VERTEX_POINT('',#7438);
#2444=VERTEX_POINT('',#7444);
#2445=VERTEX_POINT('',#7446);
#2446=VERTEX_POINT('',#7452);
#2447=VERTEX_POINT('',#7458);
#2448=VERTEX_POINT('',#7464);
#2449=VERTEX_POINT('',#7470);
#2450=VERTEX_POINT('',#7476);
#2451=VERTEX_POINT('',#7482);
#2452=VERTEX_POINT('',#7488);
#2453=VERTEX_POINT('',#7494);
#2454=VERTEX_POINT('',#7505);
#2455=VERTEX_POINT('',#7506);
#2456=VERTEX_POINT('',#7508);
#2457=VERTEX_POINT('',#7514);
#2458=VERTEX_POINT('',#7520);
#2459=VERTEX_POINT('',#7526);
#2460=VERTEX_POINT('',#7532);
#2461=VERTEX_POINT('',#7538);
#2462=VERTEX_POINT('',#7544);
#2463=VERTEX_POINT('',#7550);
#2464=VERTEX_POINT('',#7556);
#2465=VERTEX_POINT('',#7562);
#2466=VERTEX_POINT('',#7568);
#2467=VERTEX_POINT('',#7574);
#2468=VERTEX_POINT('',#7580);
#2469=VERTEX_POINT('',#7586);
#2470=VERTEX_POINT('',#7592);
#2471=VERTEX_POINT('',#7598);
#2472=VERTEX_POINT('',#7604);
#2473=VERTEX_POINT('',#7610);
#2474=VERTEX_POINT('',#7616);
#2475=VERTEX_POINT('',#7618);
#2476=VERTEX_POINT('',#7624);
#2477=VERTEX_POINT('',#7630);
#2478=VERTEX_POINT('',#7636);
#2479=VERTEX_POINT('',#7642);
#2480=VERTEX_POINT('',#7648);
#2481=VERTEX_POINT('',#7654);
#2482=VERTEX_POINT('',#7660);
#2483=VERTEX_POINT('',#7666);
#2484=VERTEX_POINT('',#7672);
#2485=VERTEX_POINT('',#7678);
#2486=VERTEX_POINT('',#7684);
#2487=VERTEX_POINT('',#7690);
#2488=VERTEX_POINT('',#7696);
#2489=VERTEX_POINT('',#7707);
#2490=VERTEX_POINT('',#7708);
#2491=VERTEX_POINT('',#7710);
#2492=VERTEX_POINT('',#7712);
#2493=VERTEX_POINT('',#7715);
#2494=VERTEX_POINT('',#7717);
#2495=VERTEX_POINT('',#7719);
#2496=VERTEX_POINT('',#7721);
#2497=VERTEX_POINT('',#7723);
#2498=VERTEX_POINT('',#7724);
#2499=VERTEX_POINT('',#7726);
#2500=VERTEX_POINT('',#7728);
#2501=VERTEX_POINT('',#7730);
#2502=VERTEX_POINT('',#7732);
#2503=VERTEX_POINT('',#7734);
#2504=VERTEX_POINT('',#7736);
#2505=VERTEX_POINT('',#7739);
#2506=VERTEX_POINT('',#7740);
#2507=VERTEX_POINT('',#7742);
#2508=VERTEX_POINT('',#7748);
#2509=VERTEX_POINT('',#7754);
#2510=VERTEX_POINT('',#7760);
#2511=VERTEX_POINT('',#7766);
#2512=VERTEX_POINT('',#7772);
#2513=VERTEX_POINT('',#7778);
#2514=VERTEX_POINT('',#7784);
#2515=VERTEX_POINT('',#7790);
#2516=VERTEX_POINT('',#7796);
#2517=VERTEX_POINT('',#7802);
#2518=VERTEX_POINT('',#7804);
#2519=VERTEX_POINT('',#7810);
#2520=VERTEX_POINT('',#7816);
#2521=VERTEX_POINT('',#7822);
#2522=VERTEX_POINT('',#7828);
#2523=VERTEX_POINT('',#7834);
#2524=VERTEX_POINT('',#7840);
#2525=VERTEX_POINT('',#7846);
#2526=VERTEX_POINT('',#7852);
#2527=VERTEX_POINT('',#7863);
#2528=VERTEX_POINT('',#7864);
#2529=VERTEX_POINT('',#7866);
#2530=VERTEX_POINT('',#7868);
#2531=VERTEX_POINT('',#7870);
#2532=VERTEX_POINT('',#7876);
#2533=VERTEX_POINT('',#7882);
#2534=VERTEX_POINT('',#7884);
#2535=VERTEX_POINT('',#7886);
#2536=VERTEX_POINT('',#7889);
#2537=VERTEX_POINT('',#7890);
#2538=VERTEX_POINT('',#7892);
#2539=VERTEX_POINT('',#7894);
#2540=VERTEX_POINT('',#7896);
#2541=VERTEX_POINT('',#7898);
#2542=VERTEX_POINT('',#7901);
#2543=VERTEX_POINT('',#7902);
#2544=VERTEX_POINT('',#7904);
#2545=VERTEX_POINT('',#7906);
#2546=VERTEX_POINT('',#7912);
#2547=VERTEX_POINT('',#7918);
#2548=VERTEX_POINT('',#7924);
#2549=VERTEX_POINT('',#7930);
#2550=VERTEX_POINT('',#7936);
#2551=VERTEX_POINT('',#7942);
#2552=VERTEX_POINT('',#7948);
#2553=VERTEX_POINT('',#7954);
#2554=VERTEX_POINT('',#7961);
#2555=VERTEX_POINT('',#7964);
#2556=VERTEX_POINT('',#7968);
#2557=VERTEX_POINT('',#7969);
#2558=VERTEX_POINT('',#7974);
#2559=VERTEX_POINT('',#7978);
#2560=VERTEX_POINT('',#7979);
#2561=VERTEX_POINT('',#7984);
#2562=VERTEX_POINT('',#7988);
#2563=VERTEX_POINT('',#7989);
#2564=VERTEX_POINT('',#7994);
#2565=VERTEX_POINT('',#7998);
#2566=VERTEX_POINT('',#8003);
#2567=VERTEX_POINT('',#8008);
#2568=VERTEX_POINT('',#8013);
#2569=VERTEX_POINT('',#8018);
#2570=VERTEX_POINT('',#8020);
#2571=VERTEX_POINT('',#8033);
#2572=VERTEX_POINT('',#8050);
#2573=VERTEX_POINT('',#8067);
#2574=VERTEX_POINT('',#8084);
#2575=VERTEX_POINT('',#8101);
#2576=VERTEX_POINT('',#8118);
#2577=VERTEX_POINT('',#8135);
#2578=VERTEX_POINT('',#8152);
#2579=VERTEX_POINT('',#8169);
#2580=VERTEX_POINT('',#8186);
#2581=VERTEX_POINT('',#8203);
#2582=VERTEX_POINT('',#8220);
#2583=VERTEX_POINT('',#8237);
#2584=VERTEX_POINT('',#8254);
#2585=VERTEX_POINT('',#8271);
#2586=VERTEX_POINT('',#8288);
#2587=VERTEX_POINT('',#8305);
#2588=VERTEX_POINT('',#8322);
#2589=VERTEX_POINT('',#8330);
#2590=VERTEX_POINT('',#8343);
#2591=VERTEX_POINT('',#8360);
#2592=VERTEX_POINT('',#8377);
#2593=VERTEX_POINT('',#8394);
#2594=VERTEX_POINT('',#8411);
#2595=VERTEX_POINT('',#8428);
#2596=VERTEX_POINT('',#8445);
#2597=VERTEX_POINT('',#8462);
#2598=VERTEX_POINT('',#8479);
#2599=VERTEX_POINT('',#8496);
#2600=VERTEX_POINT('',#8513);
#2601=VERTEX_POINT('',#8530);
#2602=VERTEX_POINT('',#8547);
#2603=VERTEX_POINT('',#8564);
#2604=VERTEX_POINT('',#8588);
#2605=VERTEX_POINT('',#8589);
#2606=VERTEX_POINT('',#8591);
#2607=VERTEX_POINT('',#8593);
#2608=VERTEX_POINT('',#8606);
#2609=VERTEX_POINT('',#8612);
#2610=VERTEX_POINT('',#8629);
#2611=VERTEX_POINT('',#8635);
#2612=VERTEX_POINT('',#8652);
#2613=VERTEX_POINT('',#8658);
#2614=VERTEX_POINT('',#8675);
#2615=VERTEX_POINT('',#8681);
#2616=VERTEX_POINT('',#8698);
#2617=VERTEX_POINT('',#8704);
#2618=VERTEX_POINT('',#8721);
#2619=VERTEX_POINT('',#8727);
#2620=VERTEX_POINT('',#8744);
#2621=VERTEX_POINT('',#8750);
#2622=VERTEX_POINT('',#8758);
#2623=VERTEX_POINT('',#8760);
#2624=VERTEX_POINT('',#8767);
#2625=VERTEX_POINT('',#8769);
#2626=VERTEX_POINT('',#8773);
#2627=VERTEX_POINT('',#8786);
#2628=VERTEX_POINT('',#8803);
#2629=VERTEX_POINT('',#8820);
#2630=VERTEX_POINT('',#8837);
#2631=VERTEX_POINT('',#8854);
#2632=VERTEX_POINT('',#8871);
#2633=VERTEX_POINT('',#8888);
#2634=VERTEX_POINT('',#8905);
#2635=VERTEX_POINT('',#8922);
#2636=VERTEX_POINT('',#8933);
#2637=VERTEX_POINT('',#8935);
#2638=VERTEX_POINT('',#8939);
#2639=VERTEX_POINT('',#8943);
#2640=VERTEX_POINT('',#8947);
#2641=VERTEX_POINT('',#8951);
#2642=VERTEX_POINT('',#8958);
#2643=VERTEX_POINT('',#8960);
#2644=VERTEX_POINT('',#8964);
#2645=VERTEX_POINT('',#8968);
#2646=VERTEX_POINT('',#8981);
#2647=VERTEX_POINT('',#8998);
#2648=VERTEX_POINT('',#9006);
#2649=VERTEX_POINT('',#9010);
#2650=VERTEX_POINT('',#9014);
#2651=VERTEX_POINT('',#9021);
#2652=VERTEX_POINT('',#9023);
#2653=VERTEX_POINT('',#9036);
#2654=VERTEX_POINT('',#9053);
#2655=VERTEX_POINT('',#9070);
#2656=VERTEX_POINT('',#9087);
#2657=VERTEX_POINT('',#9104);
#2658=VERTEX_POINT('',#9121);
#2659=VERTEX_POINT('',#9138);
#2660=VERTEX_POINT('',#9155);
#2661=VERTEX_POINT('',#9172);
#2662=VERTEX_POINT('',#9189);
#2663=VERTEX_POINT('',#9197);
#2664=VERTEX_POINT('',#9210);
#2665=VERTEX_POINT('',#9227);
#2666=VERTEX_POINT('',#9244);
#2667=VERTEX_POINT('',#9261);
#2668=VERTEX_POINT('',#9278);
#2669=VERTEX_POINT('',#9295);
#2670=VERTEX_POINT('',#9312);
#2671=VERTEX_POINT('',#9329);
#2672=VERTEX_POINT('',#9346);
#2673=VERTEX_POINT('',#9370);
#2674=VERTEX_POINT('',#9371);
#2675=VERTEX_POINT('',#9373);
#2676=VERTEX_POINT('',#9375);
#2677=VERTEX_POINT('',#9388);
#2678=VERTEX_POINT('',#9394);
#2679=VERTEX_POINT('',#9411);
#2680=VERTEX_POINT('',#9417);
#2681=VERTEX_POINT('',#9434);
#2682=VERTEX_POINT('',#9440);
#2683=VERTEX_POINT('',#9457);
#2684=VERTEX_POINT('',#9463);
#2685=VERTEX_POINT('',#9480);
#2686=VERTEX_POINT('',#9486);
#2687=VERTEX_POINT('',#9503);
#2688=VERTEX_POINT('',#9509);
#2689=VERTEX_POINT('',#9526);
#2690=VERTEX_POINT('',#9532);
#2691=VERTEX_POINT('',#9540);
#2692=VERTEX_POINT('',#9542);
#2693=VERTEX_POINT('',#9549);
#2694=VERTEX_POINT('',#9551);
#2695=VERTEX_POINT('',#9555);
#2696=VERTEX_POINT('',#9568);
#2697=VERTEX_POINT('',#9585);
#2698=VERTEX_POINT('',#9602);
#2699=VERTEX_POINT('',#9619);
#2700=VERTEX_POINT('',#9636);
#2701=VERTEX_POINT('',#9653);
#2702=VERTEX_POINT('',#9670);
#2703=VERTEX_POINT('',#9687);
#2704=VERTEX_POINT('',#9704);
#2705=VERTEX_POINT('',#9716);
#2706=VERTEX_POINT('',#9718);
#2707=VERTEX_POINT('',#9722);
#2708=VERTEX_POINT('',#9726);
#2709=VERTEX_POINT('',#9730);
#2710=VERTEX_POINT('',#9734);
#2711=VERTEX_POINT('',#9738);
#2712=VERTEX_POINT('',#9742);
#2713=VERTEX_POINT('',#9746);
#2714=VERTEX_POINT('',#9750);
#2715=VERTEX_POINT('',#9757);
#2716=VERTEX_POINT('',#9759);
#2717=VERTEX_POINT('',#9763);
#2718=VERTEX_POINT('',#9767);
#2719=VERTEX_POINT('',#9780);
#2720=VERTEX_POINT('',#9797);
#2721=VERTEX_POINT('',#9814);
#2722=VERTEX_POINT('',#9831);
#2723=VERTEX_POINT('',#9848);
#2724=VERTEX_POINT('',#9865);
#2725=VERTEX_POINT('',#9882);
#2726=VERTEX_POINT('',#9899);
#2727=VERTEX_POINT('',#9916);
#2728=VERTEX_POINT('',#9933);
#2729=VERTEX_POINT('',#9950);
#2730=VERTEX_POINT('',#9958);
#2731=VERTEX_POINT('',#9971);
#2732=VERTEX_POINT('',#9988);
#2733=VERTEX_POINT('',#10005);
#2734=VERTEX_POINT('',#10022);
#2735=VERTEX_POINT('',#10039);
#2736=VERTEX_POINT('',#10056);
#2737=VERTEX_POINT('',#10073);
#2738=VERTEX_POINT('',#10090);
#2739=VERTEX_POINT('',#10107);
#2740=VERTEX_POINT('',#10124);
#2741=VERTEX_POINT('',#10141);
#2742=VERTEX_POINT('',#10158);
#2743=VERTEX_POINT('',#10166);
#2744=VERTEX_POINT('',#10173);
#2745=VERTEX_POINT('',#10175);
#2746=VERTEX_POINT('',#10188);
#2747=VERTEX_POINT('',#10205);
#2748=VERTEX_POINT('',#10222);
#2749=VERTEX_POINT('',#10239);
#2750=VERTEX_POINT('',#10256);
#2751=VERTEX_POINT('',#10273);
#2752=VERTEX_POINT('',#10290);
#2753=VERTEX_POINT('',#10307);
#2754=VERTEX_POINT('',#10324);
#2755=VERTEX_POINT('',#10341);
#2756=VERTEX_POINT('',#10349);
#2757=VERTEX_POINT('',#10362);
#2758=VERTEX_POINT('',#10379);
#2759=VERTEX_POINT('',#10396);
#2760=VERTEX_POINT('',#10413);
#2761=VERTEX_POINT('',#10430);
#2762=VERTEX_POINT('',#10447);
#2763=VERTEX_POINT('',#10464);
#2764=VERTEX_POINT('',#10481);
#2765=VERTEX_POINT('',#10498);
#2766=VERTEX_POINT('',#10522);
#2767=VERTEX_POINT('',#10524);
#2768=VERTEX_POINT('',#10537);
#2769=VERTEX_POINT('',#10554);
#2770=VERTEX_POINT('',#10571);
#2771=VERTEX_POINT('',#10588);
#2772=VERTEX_POINT('',#10605);
#2773=VERTEX_POINT('',#10622);
#2774=VERTEX_POINT('',#10639);
#2775=VERTEX_POINT('',#10656);
#2776=VERTEX_POINT('',#10673);
#2777=VERTEX_POINT('',#10690);
#2778=VERTEX_POINT('',#10698);
#2779=VERTEX_POINT('',#10711);
#2780=VERTEX_POINT('',#10728);
#2781=VERTEX_POINT('',#10745);
#2782=VERTEX_POINT('',#10762);
#2783=VERTEX_POINT('',#10779);
#2784=VERTEX_POINT('',#10796);
#2785=VERTEX_POINT('',#10813);
#2786=VERTEX_POINT('',#10830);
#2787=VERTEX_POINT('',#10847);
#2788=VERTEX_POINT('',#10871);
#2789=VERTEX_POINT('',#10873);
#2790=VERTEX_POINT('',#10886);
#2791=VERTEX_POINT('',#10903);
#2792=VERTEX_POINT('',#10920);
#2793=VERTEX_POINT('',#10937);
#2794=VERTEX_POINT('',#10954);
#2795=VERTEX_POINT('',#10971);
#2796=VERTEX_POINT('',#10988);
#2797=VERTEX_POINT('',#11005);
#2798=VERTEX_POINT('',#11022);
#2799=VERTEX_POINT('',#11039);
#2800=VERTEX_POINT('',#11056);
#2801=VERTEX_POINT('',#11073);
#2802=VERTEX_POINT('',#11090);
#2803=VERTEX_POINT('',#11107);
#2804=VERTEX_POINT('',#11124);
#2805=VERTEX_POINT('',#11141);
#2806=VERTEX_POINT('',#11158);
#2807=VERTEX_POINT('',#11175);
#2808=VERTEX_POINT('',#11183);
#2809=VERTEX_POINT('',#11196);
#2810=VERTEX_POINT('',#11213);
#2811=VERTEX_POINT('',#11230);
#2812=VERTEX_POINT('',#11247);
#2813=VERTEX_POINT('',#11264);
#2814=VERTEX_POINT('',#11281);
#2815=VERTEX_POINT('',#11298);
#2816=VERTEX_POINT('',#11315);
#2817=VERTEX_POINT('',#11332);
#2818=VERTEX_POINT('',#11349);
#2819=VERTEX_POINT('',#11366);
#2820=VERTEX_POINT('',#11383);
#2821=VERTEX_POINT('',#11400);
#2822=VERTEX_POINT('',#11417);
#2823=VERTEX_POINT('',#11441);
#2824=VERTEX_POINT('',#11442);
#2825=VERTEX_POINT('',#11444);
#2826=VERTEX_POINT('',#11446);
#2827=VERTEX_POINT('',#11450);
#2828=VERTEX_POINT('',#11452);
#2829=VERTEX_POINT('',#11465);
#2830=VERTEX_POINT('',#11471);
#2831=VERTEX_POINT('',#11488);
#2832=VERTEX_POINT('',#11494);
#2833=VERTEX_POINT('',#11505);
#2834=VERTEX_POINT('',#11507);
#2835=VERTEX_POINT('',#11511);
#2836=VERTEX_POINT('',#11515);
#2837=VERTEX_POINT('',#11519);
#2838=VERTEX_POINT('',#11523);
#2839=VERTEX_POINT('',#11527);
#2840=VERTEX_POINT('',#11531);
#2841=VERTEX_POINT('',#11539);
#2842=VERTEX_POINT('',#11541);
#2843=VERTEX_POINT('',#11545);
#2844=VERTEX_POINT('',#11547);
#2845=VERTEX_POINT('',#11552);
#2846=VERTEX_POINT('',#11554);
#2847=VERTEX_POINT('',#11558);
#2848=VERTEX_POINT('',#11562);
#2849=VERTEX_POINT('',#11569);
#2850=VERTEX_POINT('',#11570);
#2851=VERTEX_POINT('',#11572);
#2852=VERTEX_POINT('',#11574);
#2853=VERTEX_POINT('',#11578);
#2854=VERTEX_POINT('',#11580);
#2855=VERTEX_POINT('',#11582);
#2856=VERTEX_POINT('',#11584);
#2857=VERTEX_POINT('',#11586);
#2858=VERTEX_POINT('',#11588);
#2859=VERTEX_POINT('',#11591);
#2860=VERTEX_POINT('',#11593);
#2861=VERTEX_POINT('',#11595);
#2862=VERTEX_POINT('',#11597);
#2863=VERTEX_POINT('',#11600);
#2864=VERTEX_POINT('',#11604);
#2865=VERTEX_POINT('',#11608);
#2866=VERTEX_POINT('',#11610);
#2867=VERTEX_POINT('',#11614);
#2868=VERTEX_POINT('',#11618);
#2869=VERTEX_POINT('',#11622);
#2870=VERTEX_POINT('',#11624);
#2871=VERTEX_POINT('',#11631);
#2872=VERTEX_POINT('',#11633);
#2873=VERTEX_POINT('',#11640);
#2874=VERTEX_POINT('',#11642);
#2875=VERTEX_POINT('',#11649);
#2876=VERTEX_POINT('',#11651);
#2877=VERTEX_POINT('',#11660);
#2878=VERTEX_POINT('',#11662);
#2879=VERTEX_POINT('',#11664);
#2880=VERTEX_POINT('',#11666);
#2881=VERTEX_POINT('',#11669);
#2882=VERTEX_POINT('',#11671);
#2883=VERTEX_POINT('',#11673);
#2884=VERTEX_POINT('',#11675);
#2885=EDGE_CURVE('',#2315,#2316,#2267,.T.);
#2886=EDGE_CURVE('',#2316,#2317,#2268,.T.);
#2887=EDGE_CURVE('',#2317,#2317,#2269,.T.);
#2888=EDGE_CURVE('',#2316,#2315,#2270,.T.);
#2889=EDGE_CURVE('',#2318,#2319,#617,.T.);
#2890=EDGE_CURVE('',#2320,#2318,#618,.T.);
#2891=EDGE_CURVE('',#2321,#2320,#619,.T.);
#2892=EDGE_CURVE('',#2319,#2321,#620,.T.);
#2893=EDGE_CURVE('',#2322,#2322,#2271,.T.);
#2894=EDGE_CURVE('',#2323,#2323,#2272,.T.);
#2895=EDGE_CURVE('',#2324,#2325,#621,.T.);
#2896=EDGE_CURVE('',#2325,#2326,#215,.T.);
#2897=EDGE_CURVE('',#2326,#2327,#216,.T.);
#2898=EDGE_CURVE('',#2327,#2328,#217,.T.);
#2899=EDGE_CURVE('',#2328,#2329,#218,.T.);
#2900=EDGE_CURVE('',#2329,#2330,#219,.T.);
#2901=EDGE_CURVE('',#2330,#2331,#220,.T.);
#2902=EDGE_CURVE('',#2331,#2332,#221,.T.);
#2903=EDGE_CURVE('',#2332,#2333,#222,.T.);
#2904=EDGE_CURVE('',#2333,#2334,#223,.T.);
#2905=EDGE_CURVE('',#2334,#2335,#224,.T.);
#2906=EDGE_CURVE('',#2335,#2336,#225,.T.);
#2907=EDGE_CURVE('',#2336,#2337,#226,.T.);
#2908=EDGE_CURVE('',#2337,#2338,#227,.T.);
#2909=EDGE_CURVE('',#2338,#2339,#228,.T.);
#2910=EDGE_CURVE('',#2339,#2340,#229,.T.);
#2911=EDGE_CURVE('',#2340,#2341,#230,.T.);
#2912=EDGE_CURVE('',#2341,#2342,#231,.T.);
#2913=EDGE_CURVE('',#2342,#2343,#232,.T.);
#2914=EDGE_CURVE('',#2343,#2344,#622,.T.);
#2915=EDGE_CURVE('',#2344,#2345,#233,.T.);
#2916=EDGE_CURVE('',#2345,#2346,#234,.T.);
#2917=EDGE_CURVE('',#2346,#2347,#235,.T.);
#2918=EDGE_CURVE('',#2347,#2348,#236,.T.);
#2919=EDGE_CURVE('',#2348,#2349,#237,.T.);
#2920=EDGE_CURVE('',#2349,#2350,#238,.T.);
#2921=EDGE_CURVE('',#2350,#2351,#239,.T.);
#2922=EDGE_CURVE('',#2351,#2352,#240,.T.);
#2923=EDGE_CURVE('',#2352,#2353,#241,.T.);
#2924=EDGE_CURVE('',#2353,#2354,#242,.T.);
#2925=EDGE_CURVE('',#2354,#2355,#243,.T.);
#2926=EDGE_CURVE('',#2355,#2356,#244,.T.);
#2927=EDGE_CURVE('',#2356,#2357,#245,.T.);
#2928=EDGE_CURVE('',#2357,#2358,#246,.T.);
#2929=EDGE_CURVE('',#2358,#2324,#247,.T.);
#2930=EDGE_CURVE('',#2359,#2360,#623,.T.);
#2931=EDGE_CURVE('',#2360,#2361,#624,.T.);
#2932=EDGE_CURVE('',#2361,#2362,#248,.T.);
#2933=EDGE_CURVE('',#2362,#2363,#249,.T.);
#2934=EDGE_CURVE('',#2363,#2364,#250,.T.);
#2935=EDGE_CURVE('',#2364,#2365,#251,.T.);
#2936=EDGE_CURVE('',#2365,#2366,#252,.T.);
#2937=EDGE_CURVE('',#2366,#2367,#253,.T.);
#2938=EDGE_CURVE('',#2367,#2368,#254,.T.);
#2939=EDGE_CURVE('',#2368,#2369,#255,.T.);
#2940=EDGE_CURVE('',#2369,#2370,#256,.T.);
#2941=EDGE_CURVE('',#2370,#2359,#625,.T.);
#2942=EDGE_CURVE('',#2371,#2372,#626,.T.);
#2943=EDGE_CURVE('',#2372,#2373,#627,.T.);
#2944=EDGE_CURVE('',#2373,#2374,#628,.T.);
#2945=EDGE_CURVE('',#2374,#2375,#629,.T.);
#2946=EDGE_CURVE('',#2375,#2376,#630,.T.);
#2947=EDGE_CURVE('',#2376,#2377,#631,.T.);
#2948=EDGE_CURVE('',#2377,#2378,#632,.T.);
#2949=EDGE_CURVE('',#2378,#2379,#633,.T.);
#2950=EDGE_CURVE('',#2379,#2380,#634,.T.);
#2951=EDGE_CURVE('',#2380,#2371,#635,.T.);
#2952=EDGE_CURVE('',#2381,#2382,#636,.T.);
#2953=EDGE_CURVE('',#2382,#2383,#637,.T.);
#2954=EDGE_CURVE('',#2383,#2384,#638,.T.);
#2955=EDGE_CURVE('',#2384,#2385,#257,.T.);
#2956=EDGE_CURVE('',#2385,#2386,#258,.T.);
#2957=EDGE_CURVE('',#2386,#2387,#259,.T.);
#2958=EDGE_CURVE('',#2387,#2388,#260,.T.);
#2959=EDGE_CURVE('',#2388,#2389,#261,.T.);
#2960=EDGE_CURVE('',#2389,#2390,#262,.T.);
#2961=EDGE_CURVE('',#2390,#2391,#263,.T.);
#2962=EDGE_CURVE('',#2391,#2392,#264,.T.);
#2963=EDGE_CURVE('',#2392,#2393,#265,.T.);
#2964=EDGE_CURVE('',#2393,#2394,#266,.T.);
#2965=EDGE_CURVE('',#2394,#2395,#267,.T.);
#2966=EDGE_CURVE('',#2395,#2396,#639,.T.);
#2967=EDGE_CURVE('',#2396,#2397,#268,.T.);
#2968=EDGE_CURVE('',#2397,#2398,#269,.T.);
#2969=EDGE_CURVE('',#2398,#2399,#270,.T.);
#2970=EDGE_CURVE('',#2399,#2400,#271,.T.);
#2971=EDGE_CURVE('',#2400,#2401,#272,.T.);
#2972=EDGE_CURVE('',#2401,#2402,#273,.T.);
#2973=EDGE_CURVE('',#2402,#2403,#274,.T.);
#2974=EDGE_CURVE('',#2403,#2404,#275,.T.);
#2975=EDGE_CURVE('',#2404,#2405,#276,.T.);
#2976=EDGE_CURVE('',#2405,#2406,#277,.T.);
#2977=EDGE_CURVE('',#2406,#2407,#278,.T.);
#2978=EDGE_CURVE('',#2407,#2408,#279,.T.);
#2979=EDGE_CURVE('',#2408,#2409,#640,.T.);
#2980=EDGE_CURVE('',#2409,#2381,#641,.T.);
#2981=EDGE_CURVE('',#2410,#2411,#642,.T.);
#2982=EDGE_CURVE('',#2411,#2412,#280,.T.);
#2983=EDGE_CURVE('',#2412,#2413,#281,.T.);
#2984=EDGE_CURVE('',#2413,#2414,#282,.T.);
#2985=EDGE_CURVE('',#2414,#2415,#283,.T.);
#2986=EDGE_CURVE('',#2415,#2416,#284,.T.);
#2987=EDGE_CURVE('',#2416,#2417,#285,.T.);
#2988=EDGE_CURVE('',#2417,#2418,#286,.T.);
#2989=EDGE_CURVE('',#2418,#2419,#287,.T.);
#2990=EDGE_CURVE('',#2419,#2420,#288,.T.);
#2991=EDGE_CURVE('',#2420,#2421,#289,.T.);
#2992=EDGE_CURVE('',#2421,#2422,#643,.T.);
#2993=EDGE_CURVE('',#2422,#2423,#290,.T.);
#2994=EDGE_CURVE('',#2423,#2424,#291,.T.);
#2995=EDGE_CURVE('',#2424,#2425,#292,.T.);
#2996=EDGE_CURVE('',#2425,#2426,#293,.T.);
#2997=EDGE_CURVE('',#2426,#2427,#294,.T.);
#2998=EDGE_CURVE('',#2427,#2428,#295,.T.);
#2999=EDGE_CURVE('',#2428,#2429,#296,.T.);
#3000=EDGE_CURVE('',#2429,#2430,#297,.T.);
#3001=EDGE_CURVE('',#2430,#2431,#298,.T.);
#3002=EDGE_CURVE('',#2431,#2410,#299,.T.);
#3003=EDGE_CURVE('',#2432,#2433,#644,.T.);
#3004=EDGE_CURVE('',#2433,#2434,#300,.T.);
#3005=EDGE_CURVE('',#2434,#2435,#301,.T.);
#3006=EDGE_CURVE('',#2435,#2436,#302,.T.);
#3007=EDGE_CURVE('',#2436,#2437,#303,.T.);
#3008=EDGE_CURVE('',#2437,#2438,#304,.T.);
#3009=EDGE_CURVE('',#2438,#2439,#305,.T.);
#3010=EDGE_CURVE('',#2439,#2440,#306,.T.);
#3011=EDGE_CURVE('',#2440,#2441,#307,.T.);
#3012=EDGE_CURVE('',#2441,#2442,#308,.T.);
#3013=EDGE_CURVE('',#2442,#2443,#309,.T.);
#3014=EDGE_CURVE('',#2443,#2444,#645,.T.);
#3015=EDGE_CURVE('',#2444,#2445,#310,.T.);
#3016=EDGE_CURVE('',#2445,#2446,#311,.T.);
#3017=EDGE_CURVE('',#2446,#2447,#312,.T.);
#3018=EDGE_CURVE('',#2447,#2448,#313,.T.);
#3019=EDGE_CURVE('',#2448,#2449,#314,.T.);
#3020=EDGE_CURVE('',#2449,#2450,#315,.T.);
#3021=EDGE_CURVE('',#2450,#2451,#316,.T.);
#3022=EDGE_CURVE('',#2451,#2452,#317,.T.);
#3023=EDGE_CURVE('',#2452,#2453,#318,.T.);
#3024=EDGE_CURVE('',#2453,#2432,#319,.T.);
#3025=EDGE_CURVE('',#2454,#2455,#646,.T.);
#3026=EDGE_CURVE('',#2455,#2456,#320,.T.);
#3027=EDGE_CURVE('',#2456,#2457,#321,.T.);
#3028=EDGE_CURVE('',#2457,#2458,#322,.T.);
#3029=EDGE_CURVE('',#2458,#2459,#323,.T.);
#3030=EDGE_CURVE('',#2459,#2460,#324,.T.);
#3031=EDGE_CURVE('',#2460,#2461,#325,.T.);
#3032=EDGE_CURVE('',#2461,#2462,#326,.T.);
#3033=EDGE_CURVE('',#2462,#2463,#327,.T.);
#3034=EDGE_CURVE('',#2463,#2464,#328,.T.);
#3035=EDGE_CURVE('',#2464,#2465,#329,.T.);
#3036=EDGE_CURVE('',#2465,#2466,#330,.T.);
#3037=EDGE_CURVE('',#2466,#2467,#331,.T.);
#3038=EDGE_CURVE('',#2467,#2468,#332,.T.);
#3039=EDGE_CURVE('',#2468,#2469,#333,.T.);
#3040=EDGE_CURVE('',#2469,#2470,#334,.T.);
#3041=EDGE_CURVE('',#2470,#2471,#335,.T.);
#3042=EDGE_CURVE('',#2471,#2472,#336,.T.);
#3043=EDGE_CURVE('',#2472,#2473,#337,.T.);
#3044=EDGE_CURVE('',#2473,#2474,#647,.T.);
#3045=EDGE_CURVE('',#2474,#2475,#338,.T.);
#3046=EDGE_CURVE('',#2475,#2476,#339,.T.);
#3047=EDGE_CURVE('',#2476,#2477,#340,.T.);
#3048=EDGE_CURVE('',#2477,#2478,#341,.T.);
#3049=EDGE_CURVE('',#2478,#2479,#342,.T.);
#3050=EDGE_CURVE('',#2479,#2480,#343,.T.);
#3051=EDGE_CURVE('',#2480,#2481,#344,.T.);
#3052=EDGE_CURVE('',#2481,#2482,#345,.T.);
#3053=EDGE_CURVE('',#2482,#2483,#346,.T.);
#3054=EDGE_CURVE('',#2483,#2484,#347,.T.);
#3055=EDGE_CURVE('',#2484,#2485,#348,.T.);
#3056=EDGE_CURVE('',#2485,#2486,#349,.T.);
#3057=EDGE_CURVE('',#2486,#2487,#350,.T.);
#3058=EDGE_CURVE('',#2487,#2488,#351,.T.);
#3059=EDGE_CURVE('',#2488,#2454,#352,.T.);
#3060=EDGE_CURVE('',#2489,#2490,#648,.T.);
#3061=EDGE_CURVE('',#2490,#2491,#649,.T.);
#3062=EDGE_CURVE('',#2491,#2492,#650,.T.);
#3063=EDGE_CURVE('',#2492,#2489,#651,.T.);
#3064=EDGE_CURVE('',#2493,#2493,#2273,.T.);
#3065=EDGE_CURVE('',#2494,#2494,#2274,.T.);
#3066=EDGE_CURVE('',#2495,#2495,#2275,.T.);
#3067=EDGE_CURVE('',#2496,#2496,#2276,.T.);
#3068=EDGE_CURVE('',#2497,#2498,#652,.T.);
#3069=EDGE_CURVE('',#2498,#2499,#653,.T.);
#3070=EDGE_CURVE('',#2499,#2500,#654,.T.);
#3071=EDGE_CURVE('',#2500,#2501,#655,.T.);
#3072=EDGE_CURVE('',#2501,#2502,#656,.T.);
#3073=EDGE_CURVE('',#2502,#2503,#657,.T.);
#3074=EDGE_CURVE('',#2503,#2504,#658,.T.);
#3075=EDGE_CURVE('',#2504,#2497,#659,.T.);
#3076=EDGE_CURVE('',#2505,#2506,#660,.T.);
#3077=EDGE_CURVE('',#2506,#2507,#353,.T.);
#3078=EDGE_CURVE('',#2507,#2508,#354,.T.);
#3079=EDGE_CURVE('',#2508,#2509,#355,.T.);
#3080=EDGE_CURVE('',#2509,#2510,#356,.T.);
#3081=EDGE_CURVE('',#2510,#2511,#357,.T.);
#3082=EDGE_CURVE('',#2511,#2512,#358,.T.);
#3083=EDGE_CURVE('',#2512,#2513,#359,.T.);
#3084=EDGE_CURVE('',#2513,#2514,#360,.T.);
#3085=EDGE_CURVE('',#2514,#2515,#361,.T.);
#3086=EDGE_CURVE('',#2515,#2516,#362,.T.);
#3087=EDGE_CURVE('',#2516,#2517,#661,.T.);
#3088=EDGE_CURVE('',#2517,#2518,#363,.T.);
#3089=EDGE_CURVE('',#2518,#2519,#364,.T.);
#3090=EDGE_CURVE('',#2519,#2520,#365,.T.);
#3091=EDGE_CURVE('',#2520,#2521,#366,.T.);
#3092=EDGE_CURVE('',#2521,#2522,#367,.T.);
#3093=EDGE_CURVE('',#2522,#2523,#368,.T.);
#3094=EDGE_CURVE('',#2523,#2524,#369,.T.);
#3095=EDGE_CURVE('',#2524,#2525,#370,.T.);
#3096=EDGE_CURVE('',#2525,#2526,#371,.T.);
#3097=EDGE_CURVE('',#2526,#2505,#372,.T.);
#3098=EDGE_CURVE('',#2527,#2528,#662,.T.);
#3099=EDGE_CURVE('',#2528,#2529,#663,.T.);
#3100=EDGE_CURVE('',#2529,#2530,#664,.T.);
#3101=EDGE_CURVE('',#2530,#2531,#373,.T.);
#3102=EDGE_CURVE('',#2531,#2532,#374,.T.);
#3103=EDGE_CURVE('',#2532,#2533,#665,.T.);
#3104=EDGE_CURVE('',#2533,#2534,#666,.T.);
#3105=EDGE_CURVE('',#2534,#2535,#667,.T.);
#3106=EDGE_CURVE('',#2535,#2527,#668,.T.);
#3107=EDGE_CURVE('',#2536,#2537,#669,.T.);
#3108=EDGE_CURVE('',#2537,#2538,#670,.T.);
#3109=EDGE_CURVE('',#2538,#2539,#671,.T.);
#3110=EDGE_CURVE('',#2539,#2540,#672,.T.);
#3111=EDGE_CURVE('',#2540,#2541,#673,.T.);
#3112=EDGE_CURVE('',#2541,#2536,#674,.T.);
#3113=EDGE_CURVE('',#2542,#2543,#675,.T.);
#3114=EDGE_CURVE('',#2543,#2544,#676,.T.);
#3115=EDGE_CURVE('',#2544,#2545,#375,.T.);
#3116=EDGE_CURVE('',#2545,#2546,#376,.T.);
#3117=EDGE_CURVE('',#2546,#2547,#377,.T.);
#3118=EDGE_CURVE('',#2547,#2548,#378,.T.);
#3119=EDGE_CURVE('',#2548,#2549,#379,.T.);
#3120=EDGE_CURVE('',#2549,#2550,#380,.T.);
#3121=EDGE_CURVE('',#2550,#2551,#381,.T.);
#3122=EDGE_CURVE('',#2551,#2552,#382,.T.);
#3123=EDGE_CURVE('',#2552,#2553,#383,.T.);
#3124=EDGE_CURVE('',#2553,#2542,#677,.T.);
#3125=EDGE_CURVE('',#2554,#2554,#2277,.T.);
#3126=EDGE_CURVE('',#2555,#2555,#2278,.T.);
#3127=EDGE_CURVE('',#2555,#2315,#678,.T.);
#3128=EDGE_CURVE('',#2556,#2557,#2279,.T.);
#3129=EDGE_CURVE('',#2557,#2322,#2280,.T.);
#3130=EDGE_CURVE('',#2557,#2556,#2281,.T.);
#3131=EDGE_CURVE('',#2558,#2558,#2282,.T.);
#3132=EDGE_CURVE('',#2558,#2556,#679,.T.);
#3133=EDGE_CURVE('',#2559,#2560,#2283,.T.);
#3134=EDGE_CURVE('',#2560,#2554,#2284,.T.);
#3135=EDGE_CURVE('',#2560,#2559,#2285,.T.);
#3136=EDGE_CURVE('',#2561,#2561,#2286,.T.);
#3137=EDGE_CURVE('',#2561,#2559,#680,.T.);
#3138=EDGE_CURVE('',#2562,#2563,#2287,.T.);
#3139=EDGE_CURVE('',#2563,#2323,#2288,.T.);
#3140=EDGE_CURVE('',#2563,#2562,#2289,.T.);
#3141=EDGE_CURVE('',#2564,#2564,#2290,.T.);
#3142=EDGE_CURVE('',#2564,#2562,#681,.T.);
#3143=EDGE_CURVE('',#2565,#2565,#2291,.T.);
#3144=EDGE_CURVE('',#2565,#2555,#2292,.T.);
#3145=EDGE_CURVE('',#2566,#2566,#2293,.T.);
#3146=EDGE_CURVE('',#2566,#2558,#2294,.T.);
#3147=EDGE_CURVE('',#2567,#2567,#2295,.T.);
#3148=EDGE_CURVE('',#2567,#2561,#2296,.T.);
#3149=EDGE_CURVE('',#2568,#2568,#2297,.T.);
#3150=EDGE_CURVE('',#2568,#2564,#2298,.T.);
#3151=EDGE_CURVE('',#2324,#2569,#682,.T.);
#3152=EDGE_CURVE('',#2570,#2569,#683,.T.);
#3153=EDGE_CURVE('',#2325,#2570,#684,.T.);
#3154=EDGE_CURVE('',#2571,#2570,#384,.T.);
#3155=EDGE_CURVE('',#2326,#2571,#685,.T.);
#3156=EDGE_CURVE('',#2572,#2571,#385,.T.);
#3157=EDGE_CURVE('',#2327,#2572,#686,.T.);
#3158=EDGE_CURVE('',#2573,#2572,#386,.T.);
#3159=EDGE_CURVE('',#2328,#2573,#687,.T.);
#3160=EDGE_CURVE('',#2574,#2573,#387,.T.);
#3161=EDGE_CURVE('',#2329,#2574,#688,.T.);
#3162=EDGE_CURVE('',#2575,#2574,#388,.T.);
#3163=EDGE_CURVE('',#2330,#2575,#689,.T.);
#3164=EDGE_CURVE('',#2576,#2575,#389,.T.);
#3165=EDGE_CURVE('',#2331,#2576,#690,.T.);
#3166=EDGE_CURVE('',#2577,#2576,#390,.T.);
#3167=EDGE_CURVE('',#2332,#2577,#691,.T.);
#3168=EDGE_CURVE('',#2578,#2577,#391,.T.);
#3169=EDGE_CURVE('',#2333,#2578,#692,.T.);
#3170=EDGE_CURVE('',#2579,#2578,#392,.T.);
#3171=EDGE_CURVE('',#2334,#2579,#693,.T.);
#3172=EDGE_CURVE('',#2580,#2579,#393,.T.);
#3173=EDGE_CURVE('',#2335,#2580,#694,.T.);
#3174=EDGE_CURVE('',#2581,#2580,#394,.T.);
#3175=EDGE_CURVE('',#2336,#2581,#695,.T.);
#3176=EDGE_CURVE('',#2582,#2581,#395,.T.);
#3177=EDGE_CURVE('',#2337,#2582,#696,.T.);
#3178=EDGE_CURVE('',#2583,#2582,#396,.T.);
#3179=EDGE_CURVE('',#2338,#2583,#697,.T.);
#3180=EDGE_CURVE('',#2584,#2583,#397,.T.);
#3181=EDGE_CURVE('',#2339,#2584,#698,.T.);
#3182=EDGE_CURVE('',#2585,#2584,#398,.T.);
#3183=EDGE_CURVE('',#2340,#2585,#699,.T.);
#3184=EDGE_CURVE('',#2586,#2585,#399,.T.);
#3185=EDGE_CURVE('',#2341,#2586,#700,.T.);
#3186=EDGE_CURVE('',#2587,#2586,#400,.T.);
#3187=EDGE_CURVE('',#2342,#2587,#701,.T.);
#3188=EDGE_CURVE('',#2588,#2587,#401,.T.);
#3189=EDGE_CURVE('',#2343,#2588,#702,.T.);
#3190=EDGE_CURVE('',#2589,#2588,#703,.T.);
#3191=EDGE_CURVE('',#2344,#2589,#704,.T.);
#3192=EDGE_CURVE('',#2590,#2589,#402,.T.);
#3193=EDGE_CURVE('',#2345,#2590,#705,.T.);
#3194=EDGE_CURVE('',#2591,#2590,#403,.T.);
#3195=EDGE_CURVE('',#2346,#2591,#706,.T.);
#3196=EDGE_CURVE('',#2592,#2591,#404,.T.);
#3197=EDGE_CURVE('',#2347,#2592,#707,.T.);
#3198=EDGE_CURVE('',#2593,#2592,#405,.T.);
#3199=EDGE_CURVE('',#2348,#2593,#708,.T.);
#3200=EDGE_CURVE('',#2594,#2593,#406,.T.);
#3201=EDGE_CURVE('',#2349,#2594,#709,.T.);
#3202=EDGE_CURVE('',#2595,#2594,#407,.T.);
#3203=EDGE_CURVE('',#2350,#2595,#710,.T.);
#3204=EDGE_CURVE('',#2596,#2595,#408,.T.);
#3205=EDGE_CURVE('',#2351,#2596,#711,.T.);
#3206=EDGE_CURVE('',#2597,#2596,#409,.T.);
#3207=EDGE_CURVE('',#2352,#2597,#712,.T.);
#3208=EDGE_CURVE('',#2598,#2597,#410,.T.);
#3209=EDGE_CURVE('',#2353,#2598,#713,.T.);
#3210=EDGE_CURVE('',#2599,#2598,#411,.T.);
#3211=EDGE_CURVE('',#2354,#2599,#714,.T.);
#3212=EDGE_CURVE('',#2600,#2599,#412,.T.);
#3213=EDGE_CURVE('',#2355,#2600,#715,.T.);
#3214=EDGE_CURVE('',#2601,#2600,#413,.T.);
#3215=EDGE_CURVE('',#2356,#2601,#716,.T.);
#3216=EDGE_CURVE('',#2602,#2601,#414,.T.);
#3217=EDGE_CURVE('',#2357,#2602,#717,.T.);
#3218=EDGE_CURVE('',#2603,#2602,#415,.T.);
#3219=EDGE_CURVE('',#2358,#2603,#718,.T.);
#3220=EDGE_CURVE('',#2569,#2603,#416,.T.);
#3221=EDGE_CURVE('',#2604,#2605,#719,.T.);
#3222=EDGE_CURVE('',#2604,#2606,#720,.T.);
#3223=EDGE_CURVE('',#2607,#2606,#721,.T.);
#3224=EDGE_CURVE('',#2605,#2607,#722,.T.);
#3225=EDGE_CURVE('',#2605,#2608,#417,.T.);
#3226=EDGE_CURVE('',#2609,#2607,#418,.T.);
#3227=EDGE_CURVE('',#2608,#2609,#723,.T.);
#3228=EDGE_CURVE('',#2608,#2610,#419,.T.);
#3229=EDGE_CURVE('',#2611,#2609,#420,.T.);
#3230=EDGE_CURVE('',#2610,#2611,#724,.T.);
#3231=EDGE_CURVE('',#2610,#2612,#421,.T.);
#3232=EDGE_CURVE('',#2613,#2611,#422,.T.);
#3233=EDGE_CURVE('',#2612,#2613,#725,.T.);
#3234=EDGE_CURVE('',#2612,#2614,#423,.T.);
#3235=EDGE_CURVE('',#2615,#2613,#424,.T.);
#3236=EDGE_CURVE('',#2614,#2615,#726,.T.);
#3237=EDGE_CURVE('',#2614,#2616,#425,.T.);
#3238=EDGE_CURVE('',#2617,#2615,#426,.T.);
#3239=EDGE_CURVE('',#2616,#2617,#727,.T.);
#3240=EDGE_CURVE('',#2616,#2618,#427,.T.);
#3241=EDGE_CURVE('',#2619,#2617,#428,.T.);
#3242=EDGE_CURVE('',#2618,#2619,#728,.T.);
#3243=EDGE_CURVE('',#2618,#2620,#429,.T.);
#3244=EDGE_CURVE('',#2621,#2619,#430,.T.);
#3245=EDGE_CURVE('',#2620,#2621,#729,.T.);
#3246=EDGE_CURVE('',#2620,#2622,#730,.T.);
#3247=EDGE_CURVE('',#2623,#2621,#731,.T.);
#3248=EDGE_CURVE('',#2622,#2623,#732,.T.);
#3249=EDGE_CURVE('',#2622,#2604,#733,.T.);
#3250=EDGE_CURVE('',#2606,#2623,#734,.T.);
#3251=EDGE_CURVE('',#2542,#2624,#735,.T.);
#3252=EDGE_CURVE('',#2625,#2624,#736,.T.);
#3253=EDGE_CURVE('',#2543,#2625,#737,.T.);
#3254=EDGE_CURVE('',#2626,#2625,#738,.T.);
#3255=EDGE_CURVE('',#2544,#2626,#739,.T.);
#3256=EDGE_CURVE('',#2627,#2626,#431,.T.);
#3257=EDGE_CURVE('',#2545,#2627,#740,.T.);
#3258=EDGE_CURVE('',#2628,#2627,#432,.T.);
#3259=EDGE_CURVE('',#2546,#2628,#741,.T.);
#3260=EDGE_CURVE('',#2629,#2628,#433,.T.);
#3261=EDGE_CURVE('',#2547,#2629,#742,.T.);
#3262=EDGE_CURVE('',#2630,#2629,#434,.T.);
#3263=EDGE_CURVE('',#2548,#2630,#743,.T.);
#3264=EDGE_CURVE('',#2631,#2630,#435,.T.);
#3265=EDGE_CURVE('',#2549,#2631,#744,.T.);
#3266=EDGE_CURVE('',#2632,#2631,#436,.T.);
#3267=EDGE_CURVE('',#2550,#2632,#745,.T.);
#3268=EDGE_CURVE('',#2633,#2632,#437,.T.);
#3269=EDGE_CURVE('',#2551,#2633,#746,.T.);
#3270=EDGE_CURVE('',#2634,#2633,#438,.T.);
#3271=EDGE_CURVE('',#2552,#2634,#747,.T.);
#3272=EDGE_CURVE('',#2635,#2634,#439,.T.);
#3273=EDGE_CURVE('',#2553,#2635,#748,.T.);
#3274=EDGE_CURVE('',#2624,#2635,#749,.T.);
#3275=EDGE_CURVE('',#2536,#2636,#750,.T.);
#3276=EDGE_CURVE('',#2637,#2636,#751,.T.);
#3277=EDGE_CURVE('',#2537,#2637,#752,.T.);
#3278=EDGE_CURVE('',#2638,#2637,#753,.T.);
#3279=EDGE_CURVE('',#2538,#2638,#754,.T.);
#3280=EDGE_CURVE('',#2639,#2638,#755,.T.);
#3281=EDGE_CURVE('',#2539,#2639,#756,.T.);
#3282=EDGE_CURVE('',#2640,#2639,#757,.T.);
#3283=EDGE_CURVE('',#2540,#2640,#758,.T.);
#3284=EDGE_CURVE('',#2641,#2640,#759,.T.);
#3285=EDGE_CURVE('',#2541,#2641,#760,.T.);
#3286=EDGE_CURVE('',#2636,#2641,#761,.T.);
#3287=EDGE_CURVE('',#2527,#2642,#762,.T.);
#3288=EDGE_CURVE('',#2643,#2642,#763,.T.);
#3289=EDGE_CURVE('',#2528,#2643,#764,.T.);
#3290=EDGE_CURVE('',#2644,#2643,#765,.T.);
#3291=EDGE_CURVE('',#2529,#2644,#766,.T.);
#3292=EDGE_CURVE('',#2645,#2644,#767,.T.);
#3293=EDGE_CURVE('',#2530,#2645,#768,.T.);
#3294=EDGE_CURVE('',#2646,#2645,#440,.T.);
#3295=EDGE_CURVE('',#2531,#2646,#769,.T.);
#3296=EDGE_CURVE('',#2647,#2646,#441,.T.);
#3297=EDGE_CURVE('',#2532,#2647,#770,.T.);
#3298=EDGE_CURVE('',#2648,#2647,#771,.T.);
#3299=EDGE_CURVE('',#2533,#2648,#772,.T.);
#3300=EDGE_CURVE('',#2649,#2648,#773,.T.);
#3301=EDGE_CURVE('',#2534,#2649,#774,.T.);
#3302=EDGE_CURVE('',#2650,#2649,#775,.T.);
#3303=EDGE_CURVE('',#2535,#2650,#776,.T.);
#3304=EDGE_CURVE('',#2642,#2650,#777,.T.);
#3305=EDGE_CURVE('',#2505,#2651,#778,.T.);
#3306=EDGE_CURVE('',#2652,#2651,#779,.T.);
#3307=EDGE_CURVE('',#2506,#2652,#780,.T.);
#3308=EDGE_CURVE('',#2653,#2652,#442,.T.);
#3309=EDGE_CURVE('',#2507,#2653,#781,.T.);
#3310=EDGE_CURVE('',#2654,#2653,#443,.T.);
#3311=EDGE_CURVE('',#2508,#2654,#782,.T.);
#3312=EDGE_CURVE('',#2655,#2654,#444,.T.);
#3313=EDGE_CURVE('',#2509,#2655,#783,.T.);
#3314=EDGE_CURVE('',#2656,#2655,#445,.T.);
#3315=EDGE_CURVE('',#2510,#2656,#784,.T.);
#3316=EDGE_CURVE('',#2657,#2656,#446,.T.);
#3317=EDGE_CURVE('',#2511,#2657,#785,.T.);
#3318=EDGE_CURVE('',#2658,#2657,#447,.T.);
#3319=EDGE_CURVE('',#2512,#2658,#786,.T.);
#3320=EDGE_CURVE('',#2659,#2658,#448,.T.);
#3321=EDGE_CURVE('',#2513,#2659,#787,.T.);
#3322=EDGE_CURVE('',#2660,#2659,#449,.T.);
#3323=EDGE_CURVE('',#2514,#2660,#788,.T.);
#3324=EDGE_CURVE('',#2661,#2660,#450,.T.);
#3325=EDGE_CURVE('',#2515,#2661,#789,.T.);
#3326=EDGE_CURVE('',#2662,#2661,#451,.T.);
#3327=EDGE_CURVE('',#2516,#2662,#790,.T.);
#3328=EDGE_CURVE('',#2663,#2662,#791,.T.);
#3329=EDGE_CURVE('',#2517,#2663,#792,.T.);
#3330=EDGE_CURVE('',#2664,#2663,#452,.T.);
#3331=EDGE_CURVE('',#2518,#2664,#793,.T.);
#3332=EDGE_CURVE('',#2665,#2664,#453,.T.);
#3333=EDGE_CURVE('',#2519,#2665,#794,.T.);
#3334=EDGE_CURVE('',#2666,#2665,#454,.T.);
#3335=EDGE_CURVE('',#2520,#2666,#795,.T.);
#3336=EDGE_CURVE('',#2667,#2666,#455,.T.);
#3337=EDGE_CURVE('',#2521,#2667,#796,.T.);
#3338=EDGE_CURVE('',#2668,#2667,#456,.T.);
#3339=EDGE_CURVE('',#2522,#2668,#797,.T.);
#3340=EDGE_CURVE('',#2669,#2668,#457,.T.);
#3341=EDGE_CURVE('',#2523,#2669,#798,.T.);
#3342=EDGE_CURVE('',#2670,#2669,#458,.T.);
#3343=EDGE_CURVE('',#2524,#2670,#799,.T.);
#3344=EDGE_CURVE('',#2671,#2670,#459,.T.);
#3345=EDGE_CURVE('',#2525,#2671,#800,.T.);
#3346=EDGE_CURVE('',#2672,#2671,#460,.T.);
#3347=EDGE_CURVE('',#2526,#2672,#801,.T.);
#3348=EDGE_CURVE('',#2651,#2672,#461,.T.);
#3349=EDGE_CURVE('',#2673,#2674,#802,.T.);
#3350=EDGE_CURVE('',#2673,#2675,#803,.T.);
#3351=EDGE_CURVE('',#2676,#2675,#804,.T.);
#3352=EDGE_CURVE('',#2674,#2676,#805,.T.);
#3353=EDGE_CURVE('',#2674,#2677,#462,.T.);
#3354=EDGE_CURVE('',#2678,#2676,#463,.T.);
#3355=EDGE_CURVE('',#2677,#2678,#806,.T.);
#3356=EDGE_CURVE('',#2677,#2679,#464,.T.);
#3357=EDGE_CURVE('',#2680,#2678,#465,.T.);
#3358=EDGE_CURVE('',#2679,#2680,#807,.T.);
#3359=EDGE_CURVE('',#2679,#2681,#466,.T.);
#3360=EDGE_CURVE('',#2682,#2680,#467,.T.);
#3361=EDGE_CURVE('',#2681,#2682,#808,.T.);
#3362=EDGE_CURVE('',#2681,#2683,#468,.T.);
#3363=EDGE_CURVE('',#2684,#2682,#469,.T.);
#3364=EDGE_CURVE('',#2683,#2684,#809,.T.);
#3365=EDGE_CURVE('',#2683,#2685,#470,.T.);
#3366=EDGE_CURVE('',#2686,#2684,#471,.T.);
#3367=EDGE_CURVE('',#2685,#2686,#810,.T.);
#3368=EDGE_CURVE('',#2685,#2687,#472,.T.);
#3369=EDGE_CURVE('',#2688,#2686,#473,.T.);
#3370=EDGE_CURVE('',#2687,#2688,#811,.T.);
#3371=EDGE_CURVE('',#2687,#2689,#474,.T.);
#3372=EDGE_CURVE('',#2690,#2688,#475,.T.);
#3373=EDGE_CURVE('',#2689,#2690,#812,.T.);
#3374=EDGE_CURVE('',#2689,#2691,#813,.T.);
#3375=EDGE_CURVE('',#2692,#2690,#814,.T.);
#3376=EDGE_CURVE('',#2691,#2692,#815,.T.);
#3377=EDGE_CURVE('',#2691,#2673,#816,.T.);
#3378=EDGE_CURVE('',#2675,#2692,#817,.T.);
#3379=EDGE_CURVE('',#2359,#2693,#818,.T.);
#3380=EDGE_CURVE('',#2694,#2693,#819,.T.);
#3381=EDGE_CURVE('',#2360,#2694,#820,.T.);
#3382=EDGE_CURVE('',#2695,#2694,#821,.T.);
#3383=EDGE_CURVE('',#2361,#2695,#822,.T.);
#3384=EDGE_CURVE('',#2696,#2695,#476,.T.);
#3385=EDGE_CURVE('',#2362,#2696,#823,.T.);
#3386=EDGE_CURVE('',#2697,#2696,#477,.T.);
#3387=EDGE_CURVE('',#2363,#2697,#824,.T.);
#3388=EDGE_CURVE('',#2698,#2697,#478,.T.);
#3389=EDGE_CURVE('',#2364,#2698,#825,.T.);
#3390=EDGE_CURVE('',#2699,#2698,#479,.T.);
#3391=EDGE_CURVE('',#2365,#2699,#826,.T.);
#3392=EDGE_CURVE('',#2700,#2699,#480,.T.);
#3393=EDGE_CURVE('',#2366,#2700,#827,.T.);
#3394=EDGE_CURVE('',#2701,#2700,#481,.T.);
#3395=EDGE_CURVE('',#2367,#2701,#828,.T.);
#3396=EDGE_CURVE('',#2702,#2701,#482,.T.);
#3397=EDGE_CURVE('',#2368,#2702,#829,.T.);
#3398=EDGE_CURVE('',#2703,#2702,#483,.T.);
#3399=EDGE_CURVE('',#2369,#2703,#830,.T.);
#3400=EDGE_CURVE('',#2704,#2703,#484,.T.);
#3401=EDGE_CURVE('',#2370,#2704,#831,.T.);
#3402=EDGE_CURVE('',#2693,#2704,#832,.T.);
#3403=EDGE_CURVE('',#2371,#2705,#833,.T.);
#3404=EDGE_CURVE('',#2706,#2705,#834,.T.);
#3405=EDGE_CURVE('',#2372,#2706,#835,.T.);
#3406=EDGE_CURVE('',#2707,#2706,#836,.T.);
#3407=EDGE_CURVE('',#2373,#2707,#837,.T.);
#3408=EDGE_CURVE('',#2708,#2707,#838,.T.);
#3409=EDGE_CURVE('',#2374,#2708,#839,.T.);
#3410=EDGE_CURVE('',#2709,#2708,#840,.T.);
#3411=EDGE_CURVE('',#2375,#2709,#841,.T.);
#3412=EDGE_CURVE('',#2710,#2709,#842,.T.);
#3413=EDGE_CURVE('',#2376,#2710,#843,.T.);
#3414=EDGE_CURVE('',#2711,#2710,#844,.T.);
#3415=EDGE_CURVE('',#2377,#2711,#845,.T.);
#3416=EDGE_CURVE('',#2712,#2711,#846,.T.);
#3417=EDGE_CURVE('',#2378,#2712,#847,.T.);
#3418=EDGE_CURVE('',#2713,#2712,#848,.T.);
#3419=EDGE_CURVE('',#2379,#2713,#849,.T.);
#3420=EDGE_CURVE('',#2714,#2713,#850,.T.);
#3421=EDGE_CURVE('',#2380,#2714,#851,.T.);
#3422=EDGE_CURVE('',#2705,#2714,#852,.T.);
#3423=EDGE_CURVE('',#2381,#2715,#853,.T.);
#3424=EDGE_CURVE('',#2716,#2715,#854,.T.);
#3425=EDGE_CURVE('',#2382,#2716,#855,.T.);
#3426=EDGE_CURVE('',#2717,#2716,#856,.T.);
#3427=EDGE_CURVE('',#2383,#2717,#857,.T.);
#3428=EDGE_CURVE('',#2718,#2717,#858,.T.);
#3429=EDGE_CURVE('',#2384,#2718,#859,.T.);
#3430=EDGE_CURVE('',#2719,#2718,#485,.T.);
#3431=EDGE_CURVE('',#2385,#2719,#860,.T.);
#3432=EDGE_CURVE('',#2720,#2719,#486,.T.);
#3433=EDGE_CURVE('',#2386,#2720,#861,.T.);
#3434=EDGE_CURVE('',#2721,#2720,#487,.T.);
#3435=EDGE_CURVE('',#2387,#2721,#862,.T.);
#3436=EDGE_CURVE('',#2722,#2721,#488,.T.);
#3437=EDGE_CURVE('',#2388,#2722,#863,.T.);
#3438=EDGE_CURVE('',#2723,#2722,#489,.T.);
#3439=EDGE_CURVE('',#2389,#2723,#864,.T.);
#3440=EDGE_CURVE('',#2724,#2723,#490,.T.);
#3441=EDGE_CURVE('',#2390,#2724,#865,.T.);
#3442=EDGE_CURVE('',#2725,#2724,#491,.T.);
#3443=EDGE_CURVE('',#2391,#2725,#866,.T.);
#3444=EDGE_CURVE('',#2726,#2725,#492,.T.);
#3445=EDGE_CURVE('',#2392,#2726,#867,.T.);
#3446=EDGE_CURVE('',#2727,#2726,#493,.T.);
#3447=EDGE_CURVE('',#2393,#2727,#868,.T.);
#3448=EDGE_CURVE('',#2728,#2727,#494,.T.);
#3449=EDGE_CURVE('',#2394,#2728,#869,.T.);
#3450=EDGE_CURVE('',#2729,#2728,#495,.T.);
#3451=EDGE_CURVE('',#2395,#2729,#870,.T.);
#3452=EDGE_CURVE('',#2730,#2729,#871,.T.);
#3453=EDGE_CURVE('',#2396,#2730,#872,.T.);
#3454=EDGE_CURVE('',#2731,#2730,#496,.T.);
#3455=EDGE_CURVE('',#2397,#2731,#873,.T.);
#3456=EDGE_CURVE('',#2732,#2731,#497,.T.);
#3457=EDGE_CURVE('',#2398,#2732,#874,.T.);
#3458=EDGE_CURVE('',#2733,#2732,#498,.T.);
#3459=EDGE_CURVE('',#2399,#2733,#875,.T.);
#3460=EDGE_CURVE('',#2734,#2733,#499,.T.);
#3461=EDGE_CURVE('',#2400,#2734,#876,.T.);
#3462=EDGE_CURVE('',#2735,#2734,#500,.T.);
#3463=EDGE_CURVE('',#2401,#2735,#877,.T.);
#3464=EDGE_CURVE('',#2736,#2735,#501,.T.);
#3465=EDGE_CURVE('',#2402,#2736,#878,.T.);
#3466=EDGE_CURVE('',#2737,#2736,#502,.T.);
#3467=EDGE_CURVE('',#2403,#2737,#879,.T.);
#3468=EDGE_CURVE('',#2738,#2737,#503,.T.);
#3469=EDGE_CURVE('',#2404,#2738,#880,.T.);
#3470=EDGE_CURVE('',#2739,#2738,#504,.T.);
#3471=EDGE_CURVE('',#2405,#2739,#881,.T.);
#3472=EDGE_CURVE('',#2740,#2739,#505,.T.);
#3473=EDGE_CURVE('',#2406,#2740,#882,.T.);
#3474=EDGE_CURVE('',#2741,#2740,#506,.T.);
#3475=EDGE_CURVE('',#2407,#2741,#883,.T.);
#3476=EDGE_CURVE('',#2742,#2741,#507,.T.);
#3477=EDGE_CURVE('',#2408,#2742,#884,.T.);
#3478=EDGE_CURVE('',#2743,#2742,#885,.T.);
#3479=EDGE_CURVE('',#2409,#2743,#886,.T.);
#3480=EDGE_CURVE('',#2715,#2743,#887,.T.);
#3481=EDGE_CURVE('',#2410,#2744,#888,.T.);
#3482=EDGE_CURVE('',#2745,#2744,#889,.T.);
#3483=EDGE_CURVE('',#2411,#2745,#890,.T.);
#3484=EDGE_CURVE('',#2746,#2745,#508,.T.);
#3485=EDGE_CURVE('',#2412,#2746,#891,.T.);
#3486=EDGE_CURVE('',#2747,#2746,#509,.T.);
#3487=EDGE_CURVE('',#2413,#2747,#892,.T.);
#3488=EDGE_CURVE('',#2748,#2747,#510,.T.);
#3489=EDGE_CURVE('',#2414,#2748,#893,.T.);
#3490=EDGE_CURVE('',#2749,#2748,#511,.T.);
#3491=EDGE_CURVE('',#2415,#2749,#894,.T.);
#3492=EDGE_CURVE('',#2750,#2749,#512,.T.);
#3493=EDGE_CURVE('',#2416,#2750,#895,.T.);
#3494=EDGE_CURVE('',#2751,#2750,#513,.T.);
#3495=EDGE_CURVE('',#2417,#2751,#896,.T.);
#3496=EDGE_CURVE('',#2752,#2751,#514,.T.);
#3497=EDGE_CURVE('',#2418,#2752,#897,.T.);
#3498=EDGE_CURVE('',#2753,#2752,#515,.T.);
#3499=EDGE_CURVE('',#2419,#2753,#898,.T.);
#3500=EDGE_CURVE('',#2754,#2753,#516,.T.);
#3501=EDGE_CURVE('',#2420,#2754,#899,.T.);
#3502=EDGE_CURVE('',#2755,#2754,#517,.T.);
#3503=EDGE_CURVE('',#2421,#2755,#900,.T.);
#3504=EDGE_CURVE('',#2756,#2755,#901,.T.);
#3505=EDGE_CURVE('',#2422,#2756,#902,.T.);
#3506=EDGE_CURVE('',#2757,#2756,#518,.T.);
#3507=EDGE_CURVE('',#2423,#2757,#903,.T.);
#3508=EDGE_CURVE('',#2758,#2757,#519,.T.);
#3509=EDGE_CURVE('',#2424,#2758,#904,.T.);
#3510=EDGE_CURVE('',#2759,#2758,#520,.T.);
#3511=EDGE_CURVE('',#2425,#2759,#905,.T.);
#3512=EDGE_CURVE('',#2760,#2759,#521,.T.);
#3513=EDGE_CURVE('',#2426,#2760,#906,.T.);
#3514=EDGE_CURVE('',#2761,#2760,#522,.T.);
#3515=EDGE_CURVE('',#2427,#2761,#907,.T.);
#3516=EDGE_CURVE('',#2762,#2761,#523,.T.);
#3517=EDGE_CURVE('',#2428,#2762,#908,.T.);
#3518=EDGE_CURVE('',#2763,#2762,#524,.T.);
#3519=EDGE_CURVE('',#2429,#2763,#909,.T.);
#3520=EDGE_CURVE('',#2764,#2763,#525,.T.);
#3521=EDGE_CURVE('',#2430,#2764,#910,.T.);
#3522=EDGE_CURVE('',#2765,#2764,#526,.T.);
#3523=EDGE_CURVE('',#2431,#2765,#911,.T.);
#3524=EDGE_CURVE('',#2744,#2765,#527,.T.);
#3525=EDGE_CURVE('',#2432,#2766,#912,.T.);
#3526=EDGE_CURVE('',#2767,#2766,#913,.T.);
#3527=EDGE_CURVE('',#2433,#2767,#914,.T.);
#3528=EDGE_CURVE('',#2768,#2767,#528,.T.);
#3529=EDGE_CURVE('',#2434,#2768,#915,.T.);
#3530=EDGE_CURVE('',#2769,#2768,#529,.T.);
#3531=EDGE_CURVE('',#2435,#2769,#916,.T.);
#3532=EDGE_CURVE('',#2770,#2769,#530,.T.);
#3533=EDGE_CURVE('',#2436,#2770,#917,.T.);
#3534=EDGE_CURVE('',#2771,#2770,#531,.T.);
#3535=EDGE_CURVE('',#2437,#2771,#918,.T.);
#3536=EDGE_CURVE('',#2772,#2771,#532,.T.);
#3537=EDGE_CURVE('',#2438,#2772,#919,.T.);
#3538=EDGE_CURVE('',#2773,#2772,#533,.T.);
#3539=EDGE_CURVE('',#2439,#2773,#920,.T.);
#3540=EDGE_CURVE('',#2774,#2773,#534,.T.);
#3541=EDGE_CURVE('',#2440,#2774,#921,.T.);
#3542=EDGE_CURVE('',#2775,#2774,#535,.T.);
#3543=EDGE_CURVE('',#2441,#2775,#922,.T.);
#3544=EDGE_CURVE('',#2776,#2775,#536,.T.);
#3545=EDGE_CURVE('',#2442,#2776,#923,.T.);
#3546=EDGE_CURVE('',#2777,#2776,#537,.T.);
#3547=EDGE_CURVE('',#2443,#2777,#924,.T.);
#3548=EDGE_CURVE('',#2778,#2777,#925,.T.);
#3549=EDGE_CURVE('',#2444,#2778,#926,.T.);
#3550=EDGE_CURVE('',#2779,#2778,#538,.T.);
#3551=EDGE_CURVE('',#2445,#2779,#927,.T.);
#3552=EDGE_CURVE('',#2780,#2779,#539,.T.);
#3553=EDGE_CURVE('',#2446,#2780,#928,.T.);
#3554=EDGE_CURVE('',#2781,#2780,#540,.T.);
#3555=EDGE_CURVE('',#2447,#2781,#929,.T.);
#3556=EDGE_CURVE('',#2782,#2781,#541,.T.);
#3557=EDGE_CURVE('',#2448,#2782,#930,.T.);
#3558=EDGE_CURVE('',#2783,#2782,#542,.T.);
#3559=EDGE_CURVE('',#2449,#2783,#931,.T.);
#3560=EDGE_CURVE('',#2784,#2783,#543,.T.);
#3561=EDGE_CURVE('',#2450,#2784,#932,.T.);
#3562=EDGE_CURVE('',#2785,#2784,#544,.T.);
#3563=EDGE_CURVE('',#2451,#2785,#933,.T.);
#3564=EDGE_CURVE('',#2786,#2785,#545,.T.);
#3565=EDGE_CURVE('',#2452,#2786,#934,.T.);
#3566=EDGE_CURVE('',#2787,#2786,#546,.T.);
#3567=EDGE_CURVE('',#2453,#2787,#935,.T.);
#3568=EDGE_CURVE('',#2766,#2787,#547,.T.);
#3569=EDGE_CURVE('',#2454,#2788,#936,.T.);
#3570=EDGE_CURVE('',#2789,#2788,#937,.T.);
#3571=EDGE_CURVE('',#2455,#2789,#938,.T.);
#3572=EDGE_CURVE('',#2790,#2789,#548,.T.);
#3573=EDGE_CURVE('',#2456,#2790,#939,.T.);
#3574=EDGE_CURVE('',#2791,#2790,#549,.T.);
#3575=EDGE_CURVE('',#2457,#2791,#940,.T.);
#3576=EDGE_CURVE('',#2792,#2791,#550,.T.);
#3577=EDGE_CURVE('',#2458,#2792,#941,.T.);
#3578=EDGE_CURVE('',#2793,#2792,#551,.T.);
#3579=EDGE_CURVE('',#2459,#2793,#942,.T.);
#3580=EDGE_CURVE('',#2794,#2793,#552,.T.);
#3581=EDGE_CURVE('',#2460,#2794,#943,.T.);
#3582=EDGE_CURVE('',#2795,#2794,#553,.T.);
#3583=EDGE_CURVE('',#2461,#2795,#944,.T.);
#3584=EDGE_CURVE('',#2796,#2795,#554,.T.);
#3585=EDGE_CURVE('',#2462,#2796,#945,.T.);
#3586=EDGE_CURVE('',#2797,#2796,#555,.T.);
#3587=EDGE_CURVE('',#2463,#2797,#946,.T.);
#3588=EDGE_CURVE('',#2798,#2797,#556,.T.);
#3589=EDGE_CURVE('',#2464,#2798,#947,.T.);
#3590=EDGE_CURVE('',#2799,#2798,#557,.T.);
#3591=EDGE_CURVE('',#2465,#2799,#948,.T.);
#3592=EDGE_CURVE('',#2800,#2799,#558,.T.);
#3593=EDGE_CURVE('',#2466,#2800,#949,.T.);
#3594=EDGE_CURVE('',#2801,#2800,#559,.T.);
#3595=EDGE_CURVE('',#2467,#2801,#950,.T.);
#3596=EDGE_CURVE('',#2802,#2801,#560,.T.);
#3597=EDGE_CURVE('',#2468,#2802,#951,.T.);
#3598=EDGE_CURVE('',#2803,#2802,#561,.T.);
#3599=EDGE_CURVE('',#2469,#2803,#952,.T.);
#3600=EDGE_CURVE('',#2804,#2803,#562,.T.);
#3601=EDGE_CURVE('',#2470,#2804,#953,.T.);
#3602=EDGE_CURVE('',#2805,#2804,#563,.T.);
#3603=EDGE_CURVE('',#2471,#2805,#954,.T.);
#3604=EDGE_CURVE('',#2806,#2805,#564,.T.);
#3605=EDGE_CURVE('',#2472,#2806,#955,.T.);
#3606=EDGE_CURVE('',#2807,#2806,#565,.T.);
#3607=EDGE_CURVE('',#2473,#2807,#956,.T.);
#3608=EDGE_CURVE('',#2808,#2807,#957,.T.);
#3609=EDGE_CURVE('',#2474,#2808,#958,.T.);
#3610=EDGE_CURVE('',#2809,#2808,#566,.T.);
#3611=EDGE_CURVE('',#2475,#2809,#959,.T.);
#3612=EDGE_CURVE('',#2810,#2809,#567,.T.);
#3613=EDGE_CURVE('',#2476,#2810,#960,.T.);
#3614=EDGE_CURVE('',#2811,#2810,#568,.T.);
#3615=EDGE_CURVE('',#2477,#2811,#961,.T.);
#3616=EDGE_CURVE('',#2812,#2811,#569,.T.);
#3617=EDGE_CURVE('',#2478,#2812,#962,.T.);
#3618=EDGE_CURVE('',#2813,#2812,#570,.T.);
#3619=EDGE_CURVE('',#2479,#2813,#963,.T.);
#3620=EDGE_CURVE('',#2814,#2813,#571,.T.);
#3621=EDGE_CURVE('',#2480,#2814,#964,.T.);
#3622=EDGE_CURVE('',#2815,#2814,#572,.T.);
#3623=EDGE_CURVE('',#2481,#2815,#965,.T.);
#3624=EDGE_CURVE('',#2816,#2815,#573,.T.);
#3625=EDGE_CURVE('',#2482,#2816,#966,.T.);
#3626=EDGE_CURVE('',#2817,#2816,#574,.T.);
#3627=EDGE_CURVE('',#2483,#2817,#967,.T.);
#3628=EDGE_CURVE('',#2818,#2817,#575,.T.);
#3629=EDGE_CURVE('',#2484,#2818,#968,.T.);
#3630=EDGE_CURVE('',#2819,#2818,#576,.T.);
#3631=EDGE_CURVE('',#2485,#2819,#969,.T.);
#3632=EDGE_CURVE('',#2820,#2819,#577,.T.);
#3633=EDGE_CURVE('',#2486,#2820,#970,.T.);
#3634=EDGE_CURVE('',#2821,#2820,#578,.T.);
#3635=EDGE_CURVE('',#2487,#2821,#971,.T.);
#3636=EDGE_CURVE('',#2822,#2821,#579,.T.);
#3637=EDGE_CURVE('',#2488,#2822,#972,.T.);
#3638=EDGE_CURVE('',#2788,#2822,#580,.T.);
#3639=EDGE_CURVE('',#2823,#2824,#973,.T.);
#3640=EDGE_CURVE('',#2823,#2825,#974,.T.);
#3641=EDGE_CURVE('',#2826,#2825,#975,.T.);
#3642=EDGE_CURVE('',#2824,#2826,#976,.T.);
#3643=EDGE_CURVE('',#2824,#2827,#977,.T.);
#3644=EDGE_CURVE('',#2828,#2826,#978,.T.);
#3645=EDGE_CURVE('',#2827,#2828,#979,.T.);
#3646=EDGE_CURVE('',#2827,#2829,#581,.T.);
#3647=EDGE_CURVE('',#2830,#2828,#582,.T.);
#3648=EDGE_CURVE('',#2829,#2830,#980,.T.);
#3649=EDGE_CURVE('',#2829,#2831,#583,.T.);
#3650=EDGE_CURVE('',#2832,#2830,#584,.T.);
#3651=EDGE_CURVE('',#2831,#2832,#981,.T.);
#3652=EDGE_CURVE('',#2831,#2823,#982,.T.);
#3653=EDGE_CURVE('',#2825,#2832,#983,.T.);
#3654=EDGE_CURVE('',#2497,#2833,#984,.T.);
#3655=EDGE_CURVE('',#2834,#2833,#985,.T.);
#3656=EDGE_CURVE('',#2498,#2834,#986,.T.);
#3657=EDGE_CURVE('',#2835,#2834,#987,.T.);
#3658=EDGE_CURVE('',#2499,#2835,#988,.T.);
#3659=EDGE_CURVE('',#2836,#2835,#989,.T.);
#3660=EDGE_CURVE('',#2500,#2836,#990,.T.);
#3661=EDGE_CURVE('',#2837,#2836,#991,.T.);
#3662=EDGE_CURVE('',#2501,#2837,#992,.T.);
#3663=EDGE_CURVE('',#2838,#2837,#993,.T.);
#3664=EDGE_CURVE('',#2502,#2838,#994,.T.);
#3665=EDGE_CURVE('',#2839,#2838,#995,.T.);
#3666=EDGE_CURVE('',#2503,#2839,#996,.T.);
#3667=EDGE_CURVE('',#2840,#2839,#997,.T.);
#3668=EDGE_CURVE('',#2504,#2840,#998,.T.);
#3669=EDGE_CURVE('',#2833,#2840,#999,.T.);
#3670=EDGE_CURVE('',#2490,#2841,#1000,.T.);
#3671=EDGE_CURVE('',#2842,#2841,#1001,.T.);
#3672=EDGE_CURVE('',#2491,#2842,#1002,.T.);
#3673=EDGE_CURVE('',#2843,#2842,#1003,.T.);
#3674=EDGE_CURVE('',#2841,#2844,#1004,.T.);
#3675=EDGE_CURVE('',#2843,#2844,#1005,.T.);
#3676=EDGE_CURVE('',#2492,#2845,#1006,.T.);
#3677=EDGE_CURVE('',#2846,#2845,#1007,.T.);
#3678=EDGE_CURVE('',#2489,#2846,#1008,.T.);
#3679=EDGE_CURVE('',#2847,#2846,#1009,.T.);
#3680=EDGE_CURVE('',#2844,#2847,#1010,.T.);
#3681=EDGE_CURVE('',#2848,#2847,#1011,.T.);
#3682=EDGE_CURVE('',#2843,#2848,#1012,.T.);
#3683=EDGE_CURVE('',#2845,#2848,#1013,.T.);
#3684=EDGE_CURVE('',#2849,#2850,#1014,.T.);
#3685=EDGE_CURVE('',#2850,#2851,#1015,.T.);
#3686=EDGE_CURVE('',#2851,#2852,#1016,.F.);
#3687=EDGE_CURVE('',#2852,#2849,#1017,.T.);
#3688=EDGE_CURVE('',#2849,#2853,#1018,.T.);
#3689=EDGE_CURVE('',#2854,#2853,#1019,.T.);
#3690=EDGE_CURVE('',#2854,#2855,#1020,.T.);
#3691=EDGE_CURVE('',#2856,#2855,#1021,.T.);
#3692=EDGE_CURVE('',#2856,#2857,#1022,.T.);
#3693=EDGE_CURVE('',#2858,#2857,#1023,.T.);
#3694=EDGE_CURVE('',#2858,#2850,#1024,.T.);
#3695=EDGE_CURVE('',#2859,#2859,#2299,.T.);
#3696=EDGE_CURVE('',#2860,#2860,#2300,.T.);
#3697=EDGE_CURVE('',#2861,#2861,#2301,.T.);
#3698=EDGE_CURVE('',#2862,#2862,#2302,.T.);
#3699=EDGE_CURVE('',#2863,#2852,#1025,.T.);
#3700=EDGE_CURVE('',#2853,#2863,#1026,.T.);
#3701=EDGE_CURVE('',#2863,#2864,#1027,.F.);
#3702=EDGE_CURVE('',#2864,#2854,#1028,.T.);
#3703=EDGE_CURVE('',#2857,#2865,#1029,.T.);
#3704=EDGE_CURVE('',#2865,#2866,#1030,.F.);
#3705=EDGE_CURVE('',#2866,#2858,#1031,.T.);
#3706=EDGE_CURVE('',#2867,#2856,#1032,.T.);
#3707=EDGE_CURVE('',#2865,#2867,#1033,.T.);
#3708=EDGE_CURVE('',#2855,#2868,#1034,.T.);
#3709=EDGE_CURVE('',#2868,#2867,#1035,.F.);
#3710=EDGE_CURVE('',#2869,#2869,#2303,.T.);
#3711=EDGE_CURVE('',#2869,#2870,#1036,.T.);
#3712=EDGE_CURVE('',#2870,#2870,#2304,.T.);
#3713=EDGE_CURVE('',#2870,#2859,#1037,.T.);
#3714=EDGE_CURVE('',#2871,#2871,#2305,.T.);
#3715=EDGE_CURVE('',#2871,#2872,#1038,.T.);
#3716=EDGE_CURVE('',#2872,#2872,#2306,.T.);
#3717=EDGE_CURVE('',#2872,#2861,#1039,.T.);
#3718=EDGE_CURVE('',#2873,#2873,#2307,.T.);
#3719=EDGE_CURVE('',#2873,#2874,#1040,.T.);
#3720=EDGE_CURVE('',#2874,#2874,#2308,.T.);
#3721=EDGE_CURVE('',#2874,#2862,#1041,.T.);
#3722=EDGE_CURVE('',#2875,#2875,#2309,.T.);
#3723=EDGE_CURVE('',#2875,#2876,#1042,.T.);
#3724=EDGE_CURVE('',#2876,#2876,#2310,.T.);
#3725=EDGE_CURVE('',#2876,#2860,#1043,.T.);
#3726=EDGE_CURVE('',#2868,#2864,#1044,.T.);
#3727=EDGE_CURVE('',#2851,#2877,#1045,.T.);
#3728=EDGE_CURVE('',#2877,#2878,#1046,.T.);
#3729=EDGE_CURVE('',#2878,#2879,#1047,.T.);
#3730=EDGE_CURVE('',#2879,#2880,#1048,.T.);
#3731=EDGE_CURVE('',#2880,#2866,#1049,.T.);
#3732=EDGE_CURVE('',#2881,#2881,#2311,.T.);
#3733=EDGE_CURVE('',#2882,#2882,#2312,.T.);
#3734=EDGE_CURVE('',#2883,#2883,#2313,.T.);
#3735=EDGE_CURVE('',#2884,#2884,#2314,.T.);
#3736=EDGE_CURVE('',#2881,#2496,#1050,.T.);
#3737=EDGE_CURVE('',#2882,#2495,#1051,.T.);
#3738=EDGE_CURVE('',#2883,#2494,#1052,.T.);
#3739=EDGE_CURVE('',#2884,#2493,#1053,.T.);
#3740=EDGE_CURVE('',#2318,#2880,#1054,.T.);
#3741=EDGE_CURVE('',#2320,#2879,#1055,.T.);
#3742=EDGE_CURVE('',#2321,#2878,#1056,.T.);
#3743=EDGE_CURVE('',#2319,#2877,#1057,.T.);
#3744=ORIENTED_EDGE('',*,*,#2885,.T.);
#3745=ORIENTED_EDGE('',*,*,#2886,.T.);
#3746=ORIENTED_EDGE('',*,*,#2887,.T.);
#3747=ORIENTED_EDGE('',*,*,#2886,.F.);
#3748=ORIENTED_EDGE('',*,*,#2888,.T.);
#3749=ORIENTED_EDGE('',*,*,#2889,.F.);
#3750=ORIENTED_EDGE('',*,*,#2890,.F.);
#3751=ORIENTED_EDGE('',*,*,#2891,.F.);
#3752=ORIENTED_EDGE('',*,*,#2892,.F.);
#3753=ORIENTED_EDGE('',*,*,#2893,.F.);
#3754=ORIENTED_EDGE('',*,*,#2894,.F.);
#3755=ORIENTED_EDGE('',*,*,#2895,.T.);
#3756=ORIENTED_EDGE('',*,*,#2896,.T.);
#3757=ORIENTED_EDGE('',*,*,#2897,.T.);
#3758=ORIENTED_EDGE('',*,*,#2898,.T.);
#3759=ORIENTED_EDGE('',*,*,#2899,.T.);
#3760=ORIENTED_EDGE('',*,*,#2900,.T.);
#3761=ORIENTED_EDGE('',*,*,#2901,.T.);
#3762=ORIENTED_EDGE('',*,*,#2902,.T.);
#3763=ORIENTED_EDGE('',*,*,#2903,.T.);
#3764=ORIENTED_EDGE('',*,*,#2904,.T.);
#3765=ORIENTED_EDGE('',*,*,#2905,.T.);
#3766=ORIENTED_EDGE('',*,*,#2906,.T.);
#3767=ORIENTED_EDGE('',*,*,#2907,.T.);
#3768=ORIENTED_EDGE('',*,*,#2908,.T.);
#3769=ORIENTED_EDGE('',*,*,#2909,.T.);
#3770=ORIENTED_EDGE('',*,*,#2910,.T.);
#3771=ORIENTED_EDGE('',*,*,#2911,.T.);
#3772=ORIENTED_EDGE('',*,*,#2912,.T.);
#3773=ORIENTED_EDGE('',*,*,#2913,.T.);
#3774=ORIENTED_EDGE('',*,*,#2914,.T.);
#3775=ORIENTED_EDGE('',*,*,#2915,.T.);
#3776=ORIENTED_EDGE('',*,*,#2916,.T.);
#3777=ORIENTED_EDGE('',*,*,#2917,.T.);
#3778=ORIENTED_EDGE('',*,*,#2918,.T.);
#3779=ORIENTED_EDGE('',*,*,#2919,.T.);
#3780=ORIENTED_EDGE('',*,*,#2920,.T.);
#3781=ORIENTED_EDGE('',*,*,#2921,.T.);
#3782=ORIENTED_EDGE('',*,*,#2922,.T.);
#3783=ORIENTED_EDGE('',*,*,#2923,.T.);
#3784=ORIENTED_EDGE('',*,*,#2924,.T.);
#3785=ORIENTED_EDGE('',*,*,#2925,.T.);
#3786=ORIENTED_EDGE('',*,*,#2926,.T.);
#3787=ORIENTED_EDGE('',*,*,#2927,.T.);
#3788=ORIENTED_EDGE('',*,*,#2928,.T.);
#3789=ORIENTED_EDGE('',*,*,#2929,.T.);
#3790=ORIENTED_EDGE('',*,*,#2930,.T.);
#3791=ORIENTED_EDGE('',*,*,#2931,.T.);
#3792=ORIENTED_EDGE('',*,*,#2932,.T.);
#3793=ORIENTED_EDGE('',*,*,#2933,.T.);
#3794=ORIENTED_EDGE('',*,*,#2934,.T.);
#3795=ORIENTED_EDGE('',*,*,#2935,.T.);
#3796=ORIENTED_EDGE('',*,*,#2936,.T.);
#3797=ORIENTED_EDGE('',*,*,#2937,.T.);
#3798=ORIENTED_EDGE('',*,*,#2938,.T.);
#3799=ORIENTED_EDGE('',*,*,#2939,.T.);
#3800=ORIENTED_EDGE('',*,*,#2940,.T.);
#3801=ORIENTED_EDGE('',*,*,#2941,.T.);
#3802=ORIENTED_EDGE('',*,*,#2942,.T.);
#3803=ORIENTED_EDGE('',*,*,#2943,.T.);
#3804=ORIENTED_EDGE('',*,*,#2944,.T.);
#3805=ORIENTED_EDGE('',*,*,#2945,.T.);
#3806=ORIENTED_EDGE('',*,*,#2946,.T.);
#3807=ORIENTED_EDGE('',*,*,#2947,.T.);
#3808=ORIENTED_EDGE('',*,*,#2948,.T.);
#3809=ORIENTED_EDGE('',*,*,#2949,.T.);
#3810=ORIENTED_EDGE('',*,*,#2950,.T.);
#3811=ORIENTED_EDGE('',*,*,#2951,.T.);
#3812=ORIENTED_EDGE('',*,*,#2952,.T.);
#3813=ORIENTED_EDGE('',*,*,#2953,.T.);
#3814=ORIENTED_EDGE('',*,*,#2954,.T.);
#3815=ORIENTED_EDGE('',*,*,#2955,.T.);
#3816=ORIENTED_EDGE('',*,*,#2956,.T.);
#3817=ORIENTED_EDGE('',*,*,#2957,.T.);
#3818=ORIENTED_EDGE('',*,*,#2958,.T.);
#3819=ORIENTED_EDGE('',*,*,#2959,.T.);
#3820=ORIENTED_EDGE('',*,*,#2960,.T.);
#3821=ORIENTED_EDGE('',*,*,#2961,.T.);
#3822=ORIENTED_EDGE('',*,*,#2962,.T.);
#3823=ORIENTED_EDGE('',*,*,#2963,.T.);
#3824=ORIENTED_EDGE('',*,*,#2964,.T.);
#3825=ORIENTED_EDGE('',*,*,#2965,.T.);
#3826=ORIENTED_EDGE('',*,*,#2966,.T.);
#3827=ORIENTED_EDGE('',*,*,#2967,.T.);
#3828=ORIENTED_EDGE('',*,*,#2968,.T.);
#3829=ORIENTED_EDGE('',*,*,#2969,.T.);
#3830=ORIENTED_EDGE('',*,*,#2970,.T.);
#3831=ORIENTED_EDGE('',*,*,#2971,.T.);
#3832=ORIENTED_EDGE('',*,*,#2972,.T.);
#3833=ORIENTED_EDGE('',*,*,#2973,.T.);
#3834=ORIENTED_EDGE('',*,*,#2974,.T.);
#3835=ORIENTED_EDGE('',*,*,#2975,.T.);
#3836=ORIENTED_EDGE('',*,*,#2976,.T.);
#3837=ORIENTED_EDGE('',*,*,#2977,.T.);
#3838=ORIENTED_EDGE('',*,*,#2978,.T.);
#3839=ORIENTED_EDGE('',*,*,#2979,.T.);
#3840=ORIENTED_EDGE('',*,*,#2980,.T.);
#3841=ORIENTED_EDGE('',*,*,#2981,.T.);
#3842=ORIENTED_EDGE('',*,*,#2982,.T.);
#3843=ORIENTED_EDGE('',*,*,#2983,.T.);
#3844=ORIENTED_EDGE('',*,*,#2984,.T.);
#3845=ORIENTED_EDGE('',*,*,#2985,.T.);
#3846=ORIENTED_EDGE('',*,*,#2986,.T.);
#3847=ORIENTED_EDGE('',*,*,#2987,.T.);
#3848=ORIENTED_EDGE('',*,*,#2988,.T.);
#3849=ORIENTED_EDGE('',*,*,#2989,.T.);
#3850=ORIENTED_EDGE('',*,*,#2990,.T.);
#3851=ORIENTED_EDGE('',*,*,#2991,.T.);
#3852=ORIENTED_EDGE('',*,*,#2992,.T.);
#3853=ORIENTED_EDGE('',*,*,#2993,.T.);
#3854=ORIENTED_EDGE('',*,*,#2994,.T.);
#3855=ORIENTED_EDGE('',*,*,#2995,.T.);
#3856=ORIENTED_EDGE('',*,*,#2996,.T.);
#3857=ORIENTED_EDGE('',*,*,#2997,.T.);
#3858=ORIENTED_EDGE('',*,*,#2998,.T.);
#3859=ORIENTED_EDGE('',*,*,#2999,.T.);
#3860=ORIENTED_EDGE('',*,*,#3000,.T.);
#3861=ORIENTED_EDGE('',*,*,#3001,.T.);
#3862=ORIENTED_EDGE('',*,*,#3002,.T.);
#3863=ORIENTED_EDGE('',*,*,#3003,.T.);
#3864=ORIENTED_EDGE('',*,*,#3004,.T.);
#3865=ORIENTED_EDGE('',*,*,#3005,.T.);
#3866=ORIENTED_EDGE('',*,*,#3006,.T.);
#3867=ORIENTED_EDGE('',*,*,#3007,.T.);
#3868=ORIENTED_EDGE('',*,*,#3008,.T.);
#3869=ORIENTED_EDGE('',*,*,#3009,.T.);
#3870=ORIENTED_EDGE('',*,*,#3010,.T.);
#3871=ORIENTED_EDGE('',*,*,#3011,.T.);
#3872=ORIENTED_EDGE('',*,*,#3012,.T.);
#3873=ORIENTED_EDGE('',*,*,#3013,.T.);
#3874=ORIENTED_EDGE('',*,*,#3014,.T.);
#3875=ORIENTED_EDGE('',*,*,#3015,.T.);
#3876=ORIENTED_EDGE('',*,*,#3016,.T.);
#3877=ORIENTED_EDGE('',*,*,#3017,.T.);
#3878=ORIENTED_EDGE('',*,*,#3018,.T.);
#3879=ORIENTED_EDGE('',*,*,#3019,.T.);
#3880=ORIENTED_EDGE('',*,*,#3020,.T.);
#3881=ORIENTED_EDGE('',*,*,#3021,.T.);
#3882=ORIENTED_EDGE('',*,*,#3022,.T.);
#3883=ORIENTED_EDGE('',*,*,#3023,.T.);
#3884=ORIENTED_EDGE('',*,*,#3024,.T.);
#3885=ORIENTED_EDGE('',*,*,#3025,.T.);
#3886=ORIENTED_EDGE('',*,*,#3026,.T.);
#3887=ORIENTED_EDGE('',*,*,#3027,.T.);
#3888=ORIENTED_EDGE('',*,*,#3028,.T.);
#3889=ORIENTED_EDGE('',*,*,#3029,.T.);
#3890=ORIENTED_EDGE('',*,*,#3030,.T.);
#3891=ORIENTED_EDGE('',*,*,#3031,.T.);
#3892=ORIENTED_EDGE('',*,*,#3032,.T.);
#3893=ORIENTED_EDGE('',*,*,#3033,.T.);
#3894=ORIENTED_EDGE('',*,*,#3034,.T.);
#3895=ORIENTED_EDGE('',*,*,#3035,.T.);
#3896=ORIENTED_EDGE('',*,*,#3036,.T.);
#3897=ORIENTED_EDGE('',*,*,#3037,.T.);
#3898=ORIENTED_EDGE('',*,*,#3038,.T.);
#3899=ORIENTED_EDGE('',*,*,#3039,.T.);
#3900=ORIENTED_EDGE('',*,*,#3040,.T.);
#3901=ORIENTED_EDGE('',*,*,#3041,.T.);
#3902=ORIENTED_EDGE('',*,*,#3042,.T.);
#3903=ORIENTED_EDGE('',*,*,#3043,.T.);
#3904=ORIENTED_EDGE('',*,*,#3044,.T.);
#3905=ORIENTED_EDGE('',*,*,#3045,.T.);
#3906=ORIENTED_EDGE('',*,*,#3046,.T.);
#3907=ORIENTED_EDGE('',*,*,#3047,.T.);
#3908=ORIENTED_EDGE('',*,*,#3048,.T.);
#3909=ORIENTED_EDGE('',*,*,#3049,.T.);
#3910=ORIENTED_EDGE('',*,*,#3050,.T.);
#3911=ORIENTED_EDGE('',*,*,#3051,.T.);
#3912=ORIENTED_EDGE('',*,*,#3052,.T.);
#3913=ORIENTED_EDGE('',*,*,#3053,.T.);
#3914=ORIENTED_EDGE('',*,*,#3054,.T.);
#3915=ORIENTED_EDGE('',*,*,#3055,.T.);
#3916=ORIENTED_EDGE('',*,*,#3056,.T.);
#3917=ORIENTED_EDGE('',*,*,#3057,.T.);
#3918=ORIENTED_EDGE('',*,*,#3058,.T.);
#3919=ORIENTED_EDGE('',*,*,#3059,.T.);
#3920=ORIENTED_EDGE('',*,*,#3060,.T.);
#3921=ORIENTED_EDGE('',*,*,#3061,.T.);
#3922=ORIENTED_EDGE('',*,*,#3062,.T.);
#3923=ORIENTED_EDGE('',*,*,#3063,.T.);
#3924=ORIENTED_EDGE('',*,*,#3064,.T.);
#3925=ORIENTED_EDGE('',*,*,#3065,.T.);
#3926=ORIENTED_EDGE('',*,*,#3066,.T.);
#3927=ORIENTED_EDGE('',*,*,#3067,.T.);
#3928=ORIENTED_EDGE('',*,*,#3068,.T.);
#3929=ORIENTED_EDGE('',*,*,#3069,.T.);
#3930=ORIENTED_EDGE('',*,*,#3070,.T.);
#3931=ORIENTED_EDGE('',*,*,#3071,.T.);
#3932=ORIENTED_EDGE('',*,*,#3072,.T.);
#3933=ORIENTED_EDGE('',*,*,#3073,.T.);
#3934=ORIENTED_EDGE('',*,*,#3074,.T.);
#3935=ORIENTED_EDGE('',*,*,#3075,.T.);
#3936=ORIENTED_EDGE('',*,*,#3076,.T.);
#3937=ORIENTED_EDGE('',*,*,#3077,.T.);
#3938=ORIENTED_EDGE('',*,*,#3078,.T.);
#3939=ORIENTED_EDGE('',*,*,#3079,.T.);
#3940=ORIENTED_EDGE('',*,*,#3080,.T.);
#3941=ORIENTED_EDGE('',*,*,#3081,.T.);
#3942=ORIENTED_EDGE('',*,*,#3082,.T.);
#3943=ORIENTED_EDGE('',*,*,#3083,.T.);
#3944=ORIENTED_EDGE('',*,*,#3084,.T.);
#3945=ORIENTED_EDGE('',*,*,#3085,.T.);
#3946=ORIENTED_EDGE('',*,*,#3086,.T.);
#3947=ORIENTED_EDGE('',*,*,#3087,.T.);
#3948=ORIENTED_EDGE('',*,*,#3088,.T.);
#3949=ORIENTED_EDGE('',*,*,#3089,.T.);
#3950=ORIENTED_EDGE('',*,*,#3090,.T.);
#3951=ORIENTED_EDGE('',*,*,#3091,.T.);
#3952=ORIENTED_EDGE('',*,*,#3092,.T.);
#3953=ORIENTED_EDGE('',*,*,#3093,.T.);
#3954=ORIENTED_EDGE('',*,*,#3094,.T.);
#3955=ORIENTED_EDGE('',*,*,#3095,.T.);
#3956=ORIENTED_EDGE('',*,*,#3096,.T.);
#3957=ORIENTED_EDGE('',*,*,#3097,.T.);
#3958=ORIENTED_EDGE('',*,*,#3098,.T.);
#3959=ORIENTED_EDGE('',*,*,#3099,.T.);
#3960=ORIENTED_EDGE('',*,*,#3100,.T.);
#3961=ORIENTED_EDGE('',*,*,#3101,.T.);
#3962=ORIENTED_EDGE('',*,*,#3102,.T.);
#3963=ORIENTED_EDGE('',*,*,#3103,.T.);
#3964=ORIENTED_EDGE('',*,*,#3104,.T.);
#3965=ORIENTED_EDGE('',*,*,#3105,.T.);
#3966=ORIENTED_EDGE('',*,*,#3106,.T.);
#3967=ORIENTED_EDGE('',*,*,#3107,.T.);
#3968=ORIENTED_EDGE('',*,*,#3108,.T.);
#3969=ORIENTED_EDGE('',*,*,#3109,.T.);
#3970=ORIENTED_EDGE('',*,*,#3110,.T.);
#3971=ORIENTED_EDGE('',*,*,#3111,.T.);
#3972=ORIENTED_EDGE('',*,*,#3112,.T.);
#3973=ORIENTED_EDGE('',*,*,#3113,.T.);
#3974=ORIENTED_EDGE('',*,*,#3114,.T.);
#3975=ORIENTED_EDGE('',*,*,#3115,.T.);
#3976=ORIENTED_EDGE('',*,*,#3116,.T.);
#3977=ORIENTED_EDGE('',*,*,#3117,.T.);
#3978=ORIENTED_EDGE('',*,*,#3118,.T.);
#3979=ORIENTED_EDGE('',*,*,#3119,.T.);
#3980=ORIENTED_EDGE('',*,*,#3120,.T.);
#3981=ORIENTED_EDGE('',*,*,#3121,.T.);
#3982=ORIENTED_EDGE('',*,*,#3122,.T.);
#3983=ORIENTED_EDGE('',*,*,#3123,.T.);
#3984=ORIENTED_EDGE('',*,*,#3124,.T.);
#3985=ORIENTED_EDGE('',*,*,#3125,.F.);
#3986=ORIENTED_EDGE('',*,*,#2887,.F.);
#3987=ORIENTED_EDGE('',*,*,#3126,.F.);
#3988=ORIENTED_EDGE('',*,*,#3127,.T.);
#3989=ORIENTED_EDGE('',*,*,#2888,.F.);
#3990=ORIENTED_EDGE('',*,*,#2885,.F.);
#3991=ORIENTED_EDGE('',*,*,#3127,.F.);
#3992=ORIENTED_EDGE('',*,*,#3128,.T.);
#3993=ORIENTED_EDGE('',*,*,#3129,.T.);
#3994=ORIENTED_EDGE('',*,*,#2893,.T.);
#3995=ORIENTED_EDGE('',*,*,#3129,.F.);
#3996=ORIENTED_EDGE('',*,*,#3130,.T.);
#3997=ORIENTED_EDGE('',*,*,#3131,.F.);
#3998=ORIENTED_EDGE('',*,*,#3132,.T.);
#3999=ORIENTED_EDGE('',*,*,#3130,.F.);
#4000=ORIENTED_EDGE('',*,*,#3128,.F.);
#4001=ORIENTED_EDGE('',*,*,#3132,.F.);
#4002=ORIENTED_EDGE('',*,*,#3133,.T.);
#4003=ORIENTED_EDGE('',*,*,#3134,.T.);
#4004=ORIENTED_EDGE('',*,*,#3125,.T.);
#4005=ORIENTED_EDGE('',*,*,#3134,.F.);
#4006=ORIENTED_EDGE('',*,*,#3135,.T.);
#4007=ORIENTED_EDGE('',*,*,#3136,.F.);
#4008=ORIENTED_EDGE('',*,*,#3137,.T.);
#4009=ORIENTED_EDGE('',*,*,#3135,.F.);
#4010=ORIENTED_EDGE('',*,*,#3133,.F.);
#4011=ORIENTED_EDGE('',*,*,#3137,.F.);
#4012=ORIENTED_EDGE('',*,*,#3138,.T.);
#4013=ORIENTED_EDGE('',*,*,#3139,.T.);
#4014=ORIENTED_EDGE('',*,*,#2894,.T.);
#4015=ORIENTED_EDGE('',*,*,#3139,.F.);
#4016=ORIENTED_EDGE('',*,*,#3140,.T.);
#4017=ORIENTED_EDGE('',*,*,#3141,.F.);
#4018=ORIENTED_EDGE('',*,*,#3142,.T.);
#4019=ORIENTED_EDGE('',*,*,#3140,.F.);
#4020=ORIENTED_EDGE('',*,*,#3138,.F.);
#4021=ORIENTED_EDGE('',*,*,#3142,.F.);
#4022=ORIENTED_EDGE('',*,*,#3143,.T.);
#4023=ORIENTED_EDGE('',*,*,#3144,.T.);
#4024=ORIENTED_EDGE('',*,*,#3126,.T.);
#4025=ORIENTED_EDGE('',*,*,#3144,.F.);
#4026=ORIENTED_EDGE('',*,*,#3143,.F.);
#4027=ORIENTED_EDGE('',*,*,#3145,.T.);
#4028=ORIENTED_EDGE('',*,*,#3146,.T.);
#4029=ORIENTED_EDGE('',*,*,#3131,.T.);
#4030=ORIENTED_EDGE('',*,*,#3146,.F.);
#4031=ORIENTED_EDGE('',*,*,#3145,.F.);
#4032=ORIENTED_EDGE('',*,*,#3147,.T.);
#4033=ORIENTED_EDGE('',*,*,#3148,.T.);
#4034=ORIENTED_EDGE('',*,*,#3136,.T.);
#4035=ORIENTED_EDGE('',*,*,#3148,.F.);
#4036=ORIENTED_EDGE('',*,*,#3147,.F.);
#4037=ORIENTED_EDGE('',*,*,#3149,.T.);
#4038=ORIENTED_EDGE('',*,*,#3150,.T.);
#4039=ORIENTED_EDGE('',*,*,#3141,.T.);
#4040=ORIENTED_EDGE('',*,*,#3150,.F.);
#4041=ORIENTED_EDGE('',*,*,#3149,.F.);
#4042=ORIENTED_EDGE('',*,*,#2895,.F.);
#4043=ORIENTED_EDGE('',*,*,#3151,.T.);
#4044=ORIENTED_EDGE('',*,*,#3152,.F.);
#4045=ORIENTED_EDGE('',*,*,#3153,.F.);
#4046=ORIENTED_EDGE('',*,*,#2896,.F.);
#4047=ORIENTED_EDGE('',*,*,#3153,.T.);
#4048=ORIENTED_EDGE('',*,*,#3154,.F.);
#4049=ORIENTED_EDGE('',*,*,#3155,.F.);
#4050=ORIENTED_EDGE('',*,*,#2897,.F.);
#4051=ORIENTED_EDGE('',*,*,#3155,.T.);
#4052=ORIENTED_EDGE('',*,*,#3156,.F.);
#4053=ORIENTED_EDGE('',*,*,#3157,.F.);
#4054=ORIENTED_EDGE('',*,*,#2898,.F.);
#4055=ORIENTED_EDGE('',*,*,#3157,.T.);
#4056=ORIENTED_EDGE('',*,*,#3158,.F.);
#4057=ORIENTED_EDGE('',*,*,#3159,.F.);
#4058=ORIENTED_EDGE('',*,*,#2899,.F.);
#4059=ORIENTED_EDGE('',*,*,#3159,.T.);
#4060=ORIENTED_EDGE('',*,*,#3160,.F.);
#4061=ORIENTED_EDGE('',*,*,#3161,.F.);
#4062=ORIENTED_EDGE('',*,*,#2900,.F.);
#4063=ORIENTED_EDGE('',*,*,#3161,.T.);
#4064=ORIENTED_EDGE('',*,*,#3162,.F.);
#4065=ORIENTED_EDGE('',*,*,#3163,.F.);
#4066=ORIENTED_EDGE('',*,*,#2901,.F.);
#4067=ORIENTED_EDGE('',*,*,#3163,.T.);
#4068=ORIENTED_EDGE('',*,*,#3164,.F.);
#4069=ORIENTED_EDGE('',*,*,#3165,.F.);
#4070=ORIENTED_EDGE('',*,*,#2902,.F.);
#4071=ORIENTED_EDGE('',*,*,#3165,.T.);
#4072=ORIENTED_EDGE('',*,*,#3166,.F.);
#4073=ORIENTED_EDGE('',*,*,#3167,.F.);
#4074=ORIENTED_EDGE('',*,*,#2903,.F.);
#4075=ORIENTED_EDGE('',*,*,#3167,.T.);
#4076=ORIENTED_EDGE('',*,*,#3168,.F.);
#4077=ORIENTED_EDGE('',*,*,#3169,.F.);
#4078=ORIENTED_EDGE('',*,*,#2904,.F.);
#4079=ORIENTED_EDGE('',*,*,#3169,.T.);
#4080=ORIENTED_EDGE('',*,*,#3170,.F.);
#4081=ORIENTED_EDGE('',*,*,#3171,.F.);
#4082=ORIENTED_EDGE('',*,*,#2905,.F.);
#4083=ORIENTED_EDGE('',*,*,#3171,.T.);
#4084=ORIENTED_EDGE('',*,*,#3172,.F.);
#4085=ORIENTED_EDGE('',*,*,#3173,.F.);
#4086=ORIENTED_EDGE('',*,*,#2906,.F.);
#4087=ORIENTED_EDGE('',*,*,#3173,.T.);
#4088=ORIENTED_EDGE('',*,*,#3174,.F.);
#4089=ORIENTED_EDGE('',*,*,#3175,.F.);
#4090=ORIENTED_EDGE('',*,*,#2907,.F.);
#4091=ORIENTED_EDGE('',*,*,#3175,.T.);
#4092=ORIENTED_EDGE('',*,*,#3176,.F.);
#4093=ORIENTED_EDGE('',*,*,#3177,.F.);
#4094=ORIENTED_EDGE('',*,*,#2908,.F.);
#4095=ORIENTED_EDGE('',*,*,#3177,.T.);
#4096=ORIENTED_EDGE('',*,*,#3178,.F.);
#4097=ORIENTED_EDGE('',*,*,#3179,.F.);
#4098=ORIENTED_EDGE('',*,*,#2909,.F.);
#4099=ORIENTED_EDGE('',*,*,#3179,.T.);
#4100=ORIENTED_EDGE('',*,*,#3180,.F.);
#4101=ORIENTED_EDGE('',*,*,#3181,.F.);
#4102=ORIENTED_EDGE('',*,*,#2910,.F.);
#4103=ORIENTED_EDGE('',*,*,#3181,.T.);
#4104=ORIENTED_EDGE('',*,*,#3182,.F.);
#4105=ORIENTED_EDGE('',*,*,#3183,.F.);
#4106=ORIENTED_EDGE('',*,*,#2911,.F.);
#4107=ORIENTED_EDGE('',*,*,#3183,.T.);
#4108=ORIENTED_EDGE('',*,*,#3184,.F.);
#4109=ORIENTED_EDGE('',*,*,#3185,.F.);
#4110=ORIENTED_EDGE('',*,*,#2912,.F.);
#4111=ORIENTED_EDGE('',*,*,#3185,.T.);
#4112=ORIENTED_EDGE('',*,*,#3186,.F.);
#4113=ORIENTED_EDGE('',*,*,#3187,.F.);
#4114=ORIENTED_EDGE('',*,*,#2913,.F.);
#4115=ORIENTED_EDGE('',*,*,#3187,.T.);
#4116=ORIENTED_EDGE('',*,*,#3188,.F.);
#4117=ORIENTED_EDGE('',*,*,#3189,.F.);
#4118=ORIENTED_EDGE('',*,*,#2914,.F.);
#4119=ORIENTED_EDGE('',*,*,#3189,.T.);
#4120=ORIENTED_EDGE('',*,*,#3190,.F.);
#4121=ORIENTED_EDGE('',*,*,#3191,.F.);
#4122=ORIENTED_EDGE('',*,*,#2915,.F.);
#4123=ORIENTED_EDGE('',*,*,#3191,.T.);
#4124=ORIENTED_EDGE('',*,*,#3192,.F.);
#4125=ORIENTED_EDGE('',*,*,#3193,.F.);
#4126=ORIENTED_EDGE('',*,*,#2916,.F.);
#4127=ORIENTED_EDGE('',*,*,#3193,.T.);
#4128=ORIENTED_EDGE('',*,*,#3194,.F.);
#4129=ORIENTED_EDGE('',*,*,#3195,.F.);
#4130=ORIENTED_EDGE('',*,*,#2917,.F.);
#4131=ORIENTED_EDGE('',*,*,#3195,.T.);
#4132=ORIENTED_EDGE('',*,*,#3196,.F.);
#4133=ORIENTED_EDGE('',*,*,#3197,.F.);
#4134=ORIENTED_EDGE('',*,*,#2918,.F.);
#4135=ORIENTED_EDGE('',*,*,#3197,.T.);
#4136=ORIENTED_EDGE('',*,*,#3198,.F.);
#4137=ORIENTED_EDGE('',*,*,#3199,.F.);
#4138=ORIENTED_EDGE('',*,*,#2919,.F.);
#4139=ORIENTED_EDGE('',*,*,#3199,.T.);
#4140=ORIENTED_EDGE('',*,*,#3200,.F.);
#4141=ORIENTED_EDGE('',*,*,#3201,.F.);
#4142=ORIENTED_EDGE('',*,*,#2920,.F.);
#4143=ORIENTED_EDGE('',*,*,#3201,.T.);
#4144=ORIENTED_EDGE('',*,*,#3202,.F.);
#4145=ORIENTED_EDGE('',*,*,#3203,.F.);
#4146=ORIENTED_EDGE('',*,*,#2921,.F.);
#4147=ORIENTED_EDGE('',*,*,#3203,.T.);
#4148=ORIENTED_EDGE('',*,*,#3204,.F.);
#4149=ORIENTED_EDGE('',*,*,#3205,.F.);
#4150=ORIENTED_EDGE('',*,*,#2922,.F.);
#4151=ORIENTED_EDGE('',*,*,#3205,.T.);
#4152=ORIENTED_EDGE('',*,*,#3206,.F.);
#4153=ORIENTED_EDGE('',*,*,#3207,.F.);
#4154=ORIENTED_EDGE('',*,*,#2923,.F.);
#4155=ORIENTED_EDGE('',*,*,#3207,.T.);
#4156=ORIENTED_EDGE('',*,*,#3208,.F.);
#4157=ORIENTED_EDGE('',*,*,#3209,.F.);
#4158=ORIENTED_EDGE('',*,*,#2924,.F.);
#4159=ORIENTED_EDGE('',*,*,#3209,.T.);
#4160=ORIENTED_EDGE('',*,*,#3210,.F.);
#4161=ORIENTED_EDGE('',*,*,#3211,.F.);
#4162=ORIENTED_EDGE('',*,*,#2925,.F.);
#4163=ORIENTED_EDGE('',*,*,#3211,.T.);
#4164=ORIENTED_EDGE('',*,*,#3212,.F.);
#4165=ORIENTED_EDGE('',*,*,#3213,.F.);
#4166=ORIENTED_EDGE('',*,*,#2926,.F.);
#4167=ORIENTED_EDGE('',*,*,#3213,.T.);
#4168=ORIENTED_EDGE('',*,*,#3214,.F.);
#4169=ORIENTED_EDGE('',*,*,#3215,.F.);
#4170=ORIENTED_EDGE('',*,*,#2927,.F.);
#4171=ORIENTED_EDGE('',*,*,#3215,.T.);
#4172=ORIENTED_EDGE('',*,*,#3216,.F.);
#4173=ORIENTED_EDGE('',*,*,#3217,.F.);
#4174=ORIENTED_EDGE('',*,*,#2928,.F.);
#4175=ORIENTED_EDGE('',*,*,#3217,.T.);
#4176=ORIENTED_EDGE('',*,*,#3218,.F.);
#4177=ORIENTED_EDGE('',*,*,#3219,.F.);
#4178=ORIENTED_EDGE('',*,*,#2929,.F.);
#4179=ORIENTED_EDGE('',*,*,#3219,.T.);
#4180=ORIENTED_EDGE('',*,*,#3220,.F.);
#4181=ORIENTED_EDGE('',*,*,#3151,.F.);
#4182=ORIENTED_EDGE('',*,*,#3220,.T.);
#4183=ORIENTED_EDGE('',*,*,#3218,.T.);
#4184=ORIENTED_EDGE('',*,*,#3216,.T.);
#4185=ORIENTED_EDGE('',*,*,#3214,.T.);
#4186=ORIENTED_EDGE('',*,*,#3212,.T.);
#4187=ORIENTED_EDGE('',*,*,#3210,.T.);
#4188=ORIENTED_EDGE('',*,*,#3208,.T.);
#4189=ORIENTED_EDGE('',*,*,#3206,.T.);
#4190=ORIENTED_EDGE('',*,*,#3204,.T.);
#4191=ORIENTED_EDGE('',*,*,#3202,.T.);
#4192=ORIENTED_EDGE('',*,*,#3200,.T.);
#4193=ORIENTED_EDGE('',*,*,#3198,.T.);
#4194=ORIENTED_EDGE('',*,*,#3196,.T.);
#4195=ORIENTED_EDGE('',*,*,#3194,.T.);
#4196=ORIENTED_EDGE('',*,*,#3192,.T.);
#4197=ORIENTED_EDGE('',*,*,#3190,.T.);
#4198=ORIENTED_EDGE('',*,*,#3188,.T.);
#4199=ORIENTED_EDGE('',*,*,#3186,.T.);
#4200=ORIENTED_EDGE('',*,*,#3184,.T.);
#4201=ORIENTED_EDGE('',*,*,#3182,.T.);
#4202=ORIENTED_EDGE('',*,*,#3180,.T.);
#4203=ORIENTED_EDGE('',*,*,#3178,.T.);
#4204=ORIENTED_EDGE('',*,*,#3176,.T.);
#4205=ORIENTED_EDGE('',*,*,#3174,.T.);
#4206=ORIENTED_EDGE('',*,*,#3172,.T.);
#4207=ORIENTED_EDGE('',*,*,#3170,.T.);
#4208=ORIENTED_EDGE('',*,*,#3168,.T.);
#4209=ORIENTED_EDGE('',*,*,#3166,.T.);
#4210=ORIENTED_EDGE('',*,*,#3164,.T.);
#4211=ORIENTED_EDGE('',*,*,#3162,.T.);
#4212=ORIENTED_EDGE('',*,*,#3160,.T.);
#4213=ORIENTED_EDGE('',*,*,#3158,.T.);
#4214=ORIENTED_EDGE('',*,*,#3156,.T.);
#4215=ORIENTED_EDGE('',*,*,#3154,.T.);
#4216=ORIENTED_EDGE('',*,*,#3152,.T.);
#4217=ORIENTED_EDGE('',*,*,#3221,.F.);
#4218=ORIENTED_EDGE('',*,*,#3222,.T.);
#4219=ORIENTED_EDGE('',*,*,#3223,.F.);
#4220=ORIENTED_EDGE('',*,*,#3224,.F.);
#4221=ORIENTED_EDGE('',*,*,#3225,.F.);
#4222=ORIENTED_EDGE('',*,*,#3224,.T.);
#4223=ORIENTED_EDGE('',*,*,#3226,.F.);
#4224=ORIENTED_EDGE('',*,*,#3227,.F.);
#4225=ORIENTED_EDGE('',*,*,#3228,.F.);
#4226=ORIENTED_EDGE('',*,*,#3227,.T.);
#4227=ORIENTED_EDGE('',*,*,#3229,.F.);
#4228=ORIENTED_EDGE('',*,*,#3230,.F.);
#4229=ORIENTED_EDGE('',*,*,#3231,.F.);
#4230=ORIENTED_EDGE('',*,*,#3230,.T.);
#4231=ORIENTED_EDGE('',*,*,#3232,.F.);
#4232=ORIENTED_EDGE('',*,*,#3233,.F.);
#4233=ORIENTED_EDGE('',*,*,#3234,.F.);
#4234=ORIENTED_EDGE('',*,*,#3233,.T.);
#4235=ORIENTED_EDGE('',*,*,#3235,.F.);
#4236=ORIENTED_EDGE('',*,*,#3236,.F.);
#4237=ORIENTED_EDGE('',*,*,#3237,.F.);
#4238=ORIENTED_EDGE('',*,*,#3236,.T.);
#4239=ORIENTED_EDGE('',*,*,#3238,.F.);
#4240=ORIENTED_EDGE('',*,*,#3239,.F.);
#4241=ORIENTED_EDGE('',*,*,#3240,.F.);
#4242=ORIENTED_EDGE('',*,*,#3239,.T.);
#4243=ORIENTED_EDGE('',*,*,#3241,.F.);
#4244=ORIENTED_EDGE('',*,*,#3242,.F.);
#4245=ORIENTED_EDGE('',*,*,#3243,.F.);
#4246=ORIENTED_EDGE('',*,*,#3242,.T.);
#4247=ORIENTED_EDGE('',*,*,#3244,.F.);
#4248=ORIENTED_EDGE('',*,*,#3245,.F.);
#4249=ORIENTED_EDGE('',*,*,#3246,.F.);
#4250=ORIENTED_EDGE('',*,*,#3245,.T.);
#4251=ORIENTED_EDGE('',*,*,#3247,.F.);
#4252=ORIENTED_EDGE('',*,*,#3248,.F.);
#4253=ORIENTED_EDGE('',*,*,#3249,.F.);
#4254=ORIENTED_EDGE('',*,*,#3248,.T.);
#4255=ORIENTED_EDGE('',*,*,#3250,.F.);
#4256=ORIENTED_EDGE('',*,*,#3222,.F.);
#4257=ORIENTED_EDGE('',*,*,#3113,.F.);
#4258=ORIENTED_EDGE('',*,*,#3251,.T.);
#4259=ORIENTED_EDGE('',*,*,#3252,.F.);
#4260=ORIENTED_EDGE('',*,*,#3253,.F.);
#4261=ORIENTED_EDGE('',*,*,#3114,.F.);
#4262=ORIENTED_EDGE('',*,*,#3253,.T.);
#4263=ORIENTED_EDGE('',*,*,#3254,.F.);
#4264=ORIENTED_EDGE('',*,*,#3255,.F.);
#4265=ORIENTED_EDGE('',*,*,#3115,.F.);
#4266=ORIENTED_EDGE('',*,*,#3255,.T.);
#4267=ORIENTED_EDGE('',*,*,#3256,.F.);
#4268=ORIENTED_EDGE('',*,*,#3257,.F.);
#4269=ORIENTED_EDGE('',*,*,#3116,.F.);
#4270=ORIENTED_EDGE('',*,*,#3257,.T.);
#4271=ORIENTED_EDGE('',*,*,#3258,.F.);
#4272=ORIENTED_EDGE('',*,*,#3259,.F.);
#4273=ORIENTED_EDGE('',*,*,#3117,.F.);
#4274=ORIENTED_EDGE('',*,*,#3259,.T.);
#4275=ORIENTED_EDGE('',*,*,#3260,.F.);
#4276=ORIENTED_EDGE('',*,*,#3261,.F.);
#4277=ORIENTED_EDGE('',*,*,#3118,.F.);
#4278=ORIENTED_EDGE('',*,*,#3261,.T.);
#4279=ORIENTED_EDGE('',*,*,#3262,.F.);
#4280=ORIENTED_EDGE('',*,*,#3263,.F.);
#4281=ORIENTED_EDGE('',*,*,#3119,.F.);
#4282=ORIENTED_EDGE('',*,*,#3263,.T.);
#4283=ORIENTED_EDGE('',*,*,#3264,.F.);
#4284=ORIENTED_EDGE('',*,*,#3265,.F.);
#4285=ORIENTED_EDGE('',*,*,#3120,.F.);
#4286=ORIENTED_EDGE('',*,*,#3265,.T.);
#4287=ORIENTED_EDGE('',*,*,#3266,.F.);
#4288=ORIENTED_EDGE('',*,*,#3267,.F.);
#4289=ORIENTED_EDGE('',*,*,#3121,.F.);
#4290=ORIENTED_EDGE('',*,*,#3267,.T.);
#4291=ORIENTED_EDGE('',*,*,#3268,.F.);
#4292=ORIENTED_EDGE('',*,*,#3269,.F.);
#4293=ORIENTED_EDGE('',*,*,#3122,.F.);
#4294=ORIENTED_EDGE('',*,*,#3269,.T.);
#4295=ORIENTED_EDGE('',*,*,#3270,.F.);
#4296=ORIENTED_EDGE('',*,*,#3271,.F.);
#4297=ORIENTED_EDGE('',*,*,#3123,.F.);
#4298=ORIENTED_EDGE('',*,*,#3271,.T.);
#4299=ORIENTED_EDGE('',*,*,#3272,.F.);
#4300=ORIENTED_EDGE('',*,*,#3273,.F.);
#4301=ORIENTED_EDGE('',*,*,#3124,.F.);
#4302=ORIENTED_EDGE('',*,*,#3273,.T.);
#4303=ORIENTED_EDGE('',*,*,#3274,.F.);
#4304=ORIENTED_EDGE('',*,*,#3251,.F.);
#4305=ORIENTED_EDGE('',*,*,#3274,.T.);
#4306=ORIENTED_EDGE('',*,*,#3272,.T.);
#4307=ORIENTED_EDGE('',*,*,#3270,.T.);
#4308=ORIENTED_EDGE('',*,*,#3268,.T.);
#4309=ORIENTED_EDGE('',*,*,#3266,.T.);
#4310=ORIENTED_EDGE('',*,*,#3264,.T.);
#4311=ORIENTED_EDGE('',*,*,#3262,.T.);
#4312=ORIENTED_EDGE('',*,*,#3260,.T.);
#4313=ORIENTED_EDGE('',*,*,#3258,.T.);
#4314=ORIENTED_EDGE('',*,*,#3256,.T.);
#4315=ORIENTED_EDGE('',*,*,#3254,.T.);
#4316=ORIENTED_EDGE('',*,*,#3252,.T.);
#4317=ORIENTED_EDGE('',*,*,#3250,.T.);
#4318=ORIENTED_EDGE('',*,*,#3247,.T.);
#4319=ORIENTED_EDGE('',*,*,#3244,.T.);
#4320=ORIENTED_EDGE('',*,*,#3241,.T.);
#4321=ORIENTED_EDGE('',*,*,#3238,.T.);
#4322=ORIENTED_EDGE('',*,*,#3235,.T.);
#4323=ORIENTED_EDGE('',*,*,#3232,.T.);
#4324=ORIENTED_EDGE('',*,*,#3229,.T.);
#4325=ORIENTED_EDGE('',*,*,#3226,.T.);
#4326=ORIENTED_EDGE('',*,*,#3223,.T.);
#4327=ORIENTED_EDGE('',*,*,#3107,.F.);
#4328=ORIENTED_EDGE('',*,*,#3275,.T.);
#4329=ORIENTED_EDGE('',*,*,#3276,.F.);
#4330=ORIENTED_EDGE('',*,*,#3277,.F.);
#4331=ORIENTED_EDGE('',*,*,#3108,.F.);
#4332=ORIENTED_EDGE('',*,*,#3277,.T.);
#4333=ORIENTED_EDGE('',*,*,#3278,.F.);
#4334=ORIENTED_EDGE('',*,*,#3279,.F.);
#4335=ORIENTED_EDGE('',*,*,#3109,.F.);
#4336=ORIENTED_EDGE('',*,*,#3279,.T.);
#4337=ORIENTED_EDGE('',*,*,#3280,.F.);
#4338=ORIENTED_EDGE('',*,*,#3281,.F.);
#4339=ORIENTED_EDGE('',*,*,#3110,.F.);
#4340=ORIENTED_EDGE('',*,*,#3281,.T.);
#4341=ORIENTED_EDGE('',*,*,#3282,.F.);
#4342=ORIENTED_EDGE('',*,*,#3283,.F.);
#4343=ORIENTED_EDGE('',*,*,#3111,.F.);
#4344=ORIENTED_EDGE('',*,*,#3283,.T.);
#4345=ORIENTED_EDGE('',*,*,#3284,.F.);
#4346=ORIENTED_EDGE('',*,*,#3285,.F.);
#4347=ORIENTED_EDGE('',*,*,#3112,.F.);
#4348=ORIENTED_EDGE('',*,*,#3285,.T.);
#4349=ORIENTED_EDGE('',*,*,#3286,.F.);
#4350=ORIENTED_EDGE('',*,*,#3275,.F.);
#4351=ORIENTED_EDGE('',*,*,#3286,.T.);
#4352=ORIENTED_EDGE('',*,*,#3284,.T.);
#4353=ORIENTED_EDGE('',*,*,#3282,.T.);
#4354=ORIENTED_EDGE('',*,*,#3280,.T.);
#4355=ORIENTED_EDGE('',*,*,#3278,.T.);
#4356=ORIENTED_EDGE('',*,*,#3276,.T.);
#4357=ORIENTED_EDGE('',*,*,#3098,.F.);
#4358=ORIENTED_EDGE('',*,*,#3287,.T.);
#4359=ORIENTED_EDGE('',*,*,#3288,.F.);
#4360=ORIENTED_EDGE('',*,*,#3289,.F.);
#4361=ORIENTED_EDGE('',*,*,#3099,.F.);
#4362=ORIENTED_EDGE('',*,*,#3289,.T.);
#4363=ORIENTED_EDGE('',*,*,#3290,.F.);
#4364=ORIENTED_EDGE('',*,*,#3291,.F.);
#4365=ORIENTED_EDGE('',*,*,#3100,.F.);
#4366=ORIENTED_EDGE('',*,*,#3291,.T.);
#4367=ORIENTED_EDGE('',*,*,#3292,.F.);
#4368=ORIENTED_EDGE('',*,*,#3293,.F.);
#4369=ORIENTED_EDGE('',*,*,#3101,.F.);
#4370=ORIENTED_EDGE('',*,*,#3293,.T.);
#4371=ORIENTED_EDGE('',*,*,#3294,.F.);
#4372=ORIENTED_EDGE('',*,*,#3295,.F.);
#4373=ORIENTED_EDGE('',*,*,#3102,.F.);
#4374=ORIENTED_EDGE('',*,*,#3295,.T.);
#4375=ORIENTED_EDGE('',*,*,#3296,.F.);
#4376=ORIENTED_EDGE('',*,*,#3297,.F.);
#4377=ORIENTED_EDGE('',*,*,#3103,.F.);
#4378=ORIENTED_EDGE('',*,*,#3297,.T.);
#4379=ORIENTED_EDGE('',*,*,#3298,.F.);
#4380=ORIENTED_EDGE('',*,*,#3299,.F.);
#4381=ORIENTED_EDGE('',*,*,#3104,.F.);
#4382=ORIENTED_EDGE('',*,*,#3299,.T.);
#4383=ORIENTED_EDGE('',*,*,#3300,.F.);
#4384=ORIENTED_EDGE('',*,*,#3301,.F.);
#4385=ORIENTED_EDGE('',*,*,#3105,.F.);
#4386=ORIENTED_EDGE('',*,*,#3301,.T.);
#4387=ORIENTED_EDGE('',*,*,#3302,.F.);
#4388=ORIENTED_EDGE('',*,*,#3303,.F.);
#4389=ORIENTED_EDGE('',*,*,#3106,.F.);
#4390=ORIENTED_EDGE('',*,*,#3303,.T.);
#4391=ORIENTED_EDGE('',*,*,#3304,.F.);
#4392=ORIENTED_EDGE('',*,*,#3287,.F.);
#4393=ORIENTED_EDGE('',*,*,#3304,.T.);
#4394=ORIENTED_EDGE('',*,*,#3302,.T.);
#4395=ORIENTED_EDGE('',*,*,#3300,.T.);
#4396=ORIENTED_EDGE('',*,*,#3298,.T.);
#4397=ORIENTED_EDGE('',*,*,#3296,.T.);
#4398=ORIENTED_EDGE('',*,*,#3294,.T.);
#4399=ORIENTED_EDGE('',*,*,#3292,.T.);
#4400=ORIENTED_EDGE('',*,*,#3290,.T.);
#4401=ORIENTED_EDGE('',*,*,#3288,.T.);
#4402=ORIENTED_EDGE('',*,*,#3076,.F.);
#4403=ORIENTED_EDGE('',*,*,#3305,.T.);
#4404=ORIENTED_EDGE('',*,*,#3306,.F.);
#4405=ORIENTED_EDGE('',*,*,#3307,.F.);
#4406=ORIENTED_EDGE('',*,*,#3077,.F.);
#4407=ORIENTED_EDGE('',*,*,#3307,.T.);
#4408=ORIENTED_EDGE('',*,*,#3308,.F.);
#4409=ORIENTED_EDGE('',*,*,#3309,.F.);
#4410=ORIENTED_EDGE('',*,*,#3078,.F.);
#4411=ORIENTED_EDGE('',*,*,#3309,.T.);
#4412=ORIENTED_EDGE('',*,*,#3310,.F.);
#4413=ORIENTED_EDGE('',*,*,#3311,.F.);
#4414=ORIENTED_EDGE('',*,*,#3079,.F.);
#4415=ORIENTED_EDGE('',*,*,#3311,.T.);
#4416=ORIENTED_EDGE('',*,*,#3312,.F.);
#4417=ORIENTED_EDGE('',*,*,#3313,.F.);
#4418=ORIENTED_EDGE('',*,*,#3080,.F.);
#4419=ORIENTED_EDGE('',*,*,#3313,.T.);
#4420=ORIENTED_EDGE('',*,*,#3314,.F.);
#4421=ORIENTED_EDGE('',*,*,#3315,.F.);
#4422=ORIENTED_EDGE('',*,*,#3081,.F.);
#4423=ORIENTED_EDGE('',*,*,#3315,.T.);
#4424=ORIENTED_EDGE('',*,*,#3316,.F.);
#4425=ORIENTED_EDGE('',*,*,#3317,.F.);
#4426=ORIENTED_EDGE('',*,*,#3082,.F.);
#4427=ORIENTED_EDGE('',*,*,#3317,.T.);
#4428=ORIENTED_EDGE('',*,*,#3318,.F.);
#4429=ORIENTED_EDGE('',*,*,#3319,.F.);
#4430=ORIENTED_EDGE('',*,*,#3083,.F.);
#4431=ORIENTED_EDGE('',*,*,#3319,.T.);
#4432=ORIENTED_EDGE('',*,*,#3320,.F.);
#4433=ORIENTED_EDGE('',*,*,#3321,.F.);
#4434=ORIENTED_EDGE('',*,*,#3084,.F.);
#4435=ORIENTED_EDGE('',*,*,#3321,.T.);
#4436=ORIENTED_EDGE('',*,*,#3322,.F.);
#4437=ORIENTED_EDGE('',*,*,#3323,.F.);
#4438=ORIENTED_EDGE('',*,*,#3085,.F.);
#4439=ORIENTED_EDGE('',*,*,#3323,.T.);
#4440=ORIENTED_EDGE('',*,*,#3324,.F.);
#4441=ORIENTED_EDGE('',*,*,#3325,.F.);
#4442=ORIENTED_EDGE('',*,*,#3086,.F.);
#4443=ORIENTED_EDGE('',*,*,#3325,.T.);
#4444=ORIENTED_EDGE('',*,*,#3326,.F.);
#4445=ORIENTED_EDGE('',*,*,#3327,.F.);
#4446=ORIENTED_EDGE('',*,*,#3087,.F.);
#4447=ORIENTED_EDGE('',*,*,#3327,.T.);
#4448=ORIENTED_EDGE('',*,*,#3328,.F.);
#4449=ORIENTED_EDGE('',*,*,#3329,.F.);
#4450=ORIENTED_EDGE('',*,*,#3088,.F.);
#4451=ORIENTED_EDGE('',*,*,#3329,.T.);
#4452=ORIENTED_EDGE('',*,*,#3330,.F.);
#4453=ORIENTED_EDGE('',*,*,#3331,.F.);
#4454=ORIENTED_EDGE('',*,*,#3089,.F.);
#4455=ORIENTED_EDGE('',*,*,#3331,.T.);
#4456=ORIENTED_EDGE('',*,*,#3332,.F.);
#4457=ORIENTED_EDGE('',*,*,#3333,.F.);
#4458=ORIENTED_EDGE('',*,*,#3090,.F.);
#4459=ORIENTED_EDGE('',*,*,#3333,.T.);
#4460=ORIENTED_EDGE('',*,*,#3334,.F.);
#4461=ORIENTED_EDGE('',*,*,#3335,.F.);
#4462=ORIENTED_EDGE('',*,*,#3091,.F.);
#4463=ORIENTED_EDGE('',*,*,#3335,.T.);
#4464=ORIENTED_EDGE('',*,*,#3336,.F.);
#4465=ORIENTED_EDGE('',*,*,#3337,.F.);
#4466=ORIENTED_EDGE('',*,*,#3092,.F.);
#4467=ORIENTED_EDGE('',*,*,#3337,.T.);
#4468=ORIENTED_EDGE('',*,*,#3338,.F.);
#4469=ORIENTED_EDGE('',*,*,#3339,.F.);
#4470=ORIENTED_EDGE('',*,*,#3093,.F.);
#4471=ORIENTED_EDGE('',*,*,#3339,.T.);
#4472=ORIENTED_EDGE('',*,*,#3340,.F.);
#4473=ORIENTED_EDGE('',*,*,#3341,.F.);
#4474=ORIENTED_EDGE('',*,*,#3094,.F.);
#4475=ORIENTED_EDGE('',*,*,#3341,.T.);
#4476=ORIENTED_EDGE('',*,*,#3342,.F.);
#4477=ORIENTED_EDGE('',*,*,#3343,.F.);
#4478=ORIENTED_EDGE('',*,*,#3095,.F.);
#4479=ORIENTED_EDGE('',*,*,#3343,.T.);
#4480=ORIENTED_EDGE('',*,*,#3344,.F.);
#4481=ORIENTED_EDGE('',*,*,#3345,.F.);
#4482=ORIENTED_EDGE('',*,*,#3096,.F.);
#4483=ORIENTED_EDGE('',*,*,#3345,.T.);
#4484=ORIENTED_EDGE('',*,*,#3346,.F.);
#4485=ORIENTED_EDGE('',*,*,#3347,.F.);
#4486=ORIENTED_EDGE('',*,*,#3097,.F.);
#4487=ORIENTED_EDGE('',*,*,#3347,.T.);
#4488=ORIENTED_EDGE('',*,*,#3348,.F.);
#4489=ORIENTED_EDGE('',*,*,#3305,.F.);
#4490=ORIENTED_EDGE('',*,*,#3348,.T.);
#4491=ORIENTED_EDGE('',*,*,#3346,.T.);
#4492=ORIENTED_EDGE('',*,*,#3344,.T.);
#4493=ORIENTED_EDGE('',*,*,#3342,.T.);
#4494=ORIENTED_EDGE('',*,*,#3340,.T.);
#4495=ORIENTED_EDGE('',*,*,#3338,.T.);
#4496=ORIENTED_EDGE('',*,*,#3336,.T.);
#4497=ORIENTED_EDGE('',*,*,#3334,.T.);
#4498=ORIENTED_EDGE('',*,*,#3332,.T.);
#4499=ORIENTED_EDGE('',*,*,#3330,.T.);
#4500=ORIENTED_EDGE('',*,*,#3328,.T.);
#4501=ORIENTED_EDGE('',*,*,#3326,.T.);
#4502=ORIENTED_EDGE('',*,*,#3324,.T.);
#4503=ORIENTED_EDGE('',*,*,#3322,.T.);
#4504=ORIENTED_EDGE('',*,*,#3320,.T.);
#4505=ORIENTED_EDGE('',*,*,#3318,.T.);
#4506=ORIENTED_EDGE('',*,*,#3316,.T.);
#4507=ORIENTED_EDGE('',*,*,#3314,.T.);
#4508=ORIENTED_EDGE('',*,*,#3312,.T.);
#4509=ORIENTED_EDGE('',*,*,#3310,.T.);
#4510=ORIENTED_EDGE('',*,*,#3308,.T.);
#4511=ORIENTED_EDGE('',*,*,#3306,.T.);
#4512=ORIENTED_EDGE('',*,*,#3349,.F.);
#4513=ORIENTED_EDGE('',*,*,#3350,.T.);
#4514=ORIENTED_EDGE('',*,*,#3351,.F.);
#4515=ORIENTED_EDGE('',*,*,#3352,.F.);
#4516=ORIENTED_EDGE('',*,*,#3353,.F.);
#4517=ORIENTED_EDGE('',*,*,#3352,.T.);
#4518=ORIENTED_EDGE('',*,*,#3354,.F.);
#4519=ORIENTED_EDGE('',*,*,#3355,.F.);
#4520=ORIENTED_EDGE('',*,*,#3356,.F.);
#4521=ORIENTED_EDGE('',*,*,#3355,.T.);
#4522=ORIENTED_EDGE('',*,*,#3357,.F.);
#4523=ORIENTED_EDGE('',*,*,#3358,.F.);
#4524=ORIENTED_EDGE('',*,*,#3359,.F.);
#4525=ORIENTED_EDGE('',*,*,#3358,.T.);
#4526=ORIENTED_EDGE('',*,*,#3360,.F.);
#4527=ORIENTED_EDGE('',*,*,#3361,.F.);
#4528=ORIENTED_EDGE('',*,*,#3362,.F.);
#4529=ORIENTED_EDGE('',*,*,#3361,.T.);
#4530=ORIENTED_EDGE('',*,*,#3363,.F.);
#4531=ORIENTED_EDGE('',*,*,#3364,.F.);
#4532=ORIENTED_EDGE('',*,*,#3365,.F.);
#4533=ORIENTED_EDGE('',*,*,#3364,.T.);
#4534=ORIENTED_EDGE('',*,*,#3366,.F.);
#4535=ORIENTED_EDGE('',*,*,#3367,.F.);
#4536=ORIENTED_EDGE('',*,*,#3368,.F.);
#4537=ORIENTED_EDGE('',*,*,#3367,.T.);
#4538=ORIENTED_EDGE('',*,*,#3369,.F.);
#4539=ORIENTED_EDGE('',*,*,#3370,.F.);
#4540=ORIENTED_EDGE('',*,*,#3371,.F.);
#4541=ORIENTED_EDGE('',*,*,#3370,.T.);
#4542=ORIENTED_EDGE('',*,*,#3372,.F.);
#4543=ORIENTED_EDGE('',*,*,#3373,.F.);
#4544=ORIENTED_EDGE('',*,*,#3374,.F.);
#4545=ORIENTED_EDGE('',*,*,#3373,.T.);
#4546=ORIENTED_EDGE('',*,*,#3375,.F.);
#4547=ORIENTED_EDGE('',*,*,#3376,.F.);
#4548=ORIENTED_EDGE('',*,*,#3377,.F.);
#4549=ORIENTED_EDGE('',*,*,#3376,.T.);
#4550=ORIENTED_EDGE('',*,*,#3378,.F.);
#4551=ORIENTED_EDGE('',*,*,#3350,.F.);
#4552=ORIENTED_EDGE('',*,*,#2930,.F.);
#4553=ORIENTED_EDGE('',*,*,#3379,.T.);
#4554=ORIENTED_EDGE('',*,*,#3380,.F.);
#4555=ORIENTED_EDGE('',*,*,#3381,.F.);
#4556=ORIENTED_EDGE('',*,*,#2931,.F.);
#4557=ORIENTED_EDGE('',*,*,#3381,.T.);
#4558=ORIENTED_EDGE('',*,*,#3382,.F.);
#4559=ORIENTED_EDGE('',*,*,#3383,.F.);
#4560=ORIENTED_EDGE('',*,*,#2932,.F.);
#4561=ORIENTED_EDGE('',*,*,#3383,.T.);
#4562=ORIENTED_EDGE('',*,*,#3384,.F.);
#4563=ORIENTED_EDGE('',*,*,#3385,.F.);
#4564=ORIENTED_EDGE('',*,*,#2933,.F.);
#4565=ORIENTED_EDGE('',*,*,#3385,.T.);
#4566=ORIENTED_EDGE('',*,*,#3386,.F.);
#4567=ORIENTED_EDGE('',*,*,#3387,.F.);
#4568=ORIENTED_EDGE('',*,*,#2934,.F.);
#4569=ORIENTED_EDGE('',*,*,#3387,.T.);
#4570=ORIENTED_EDGE('',*,*,#3388,.F.);
#4571=ORIENTED_EDGE('',*,*,#3389,.F.);
#4572=ORIENTED_EDGE('',*,*,#2935,.F.);
#4573=ORIENTED_EDGE('',*,*,#3389,.T.);
#4574=ORIENTED_EDGE('',*,*,#3390,.F.);
#4575=ORIENTED_EDGE('',*,*,#3391,.F.);
#4576=ORIENTED_EDGE('',*,*,#2936,.F.);
#4577=ORIENTED_EDGE('',*,*,#3391,.T.);
#4578=ORIENTED_EDGE('',*,*,#3392,.F.);
#4579=ORIENTED_EDGE('',*,*,#3393,.F.);
#4580=ORIENTED_EDGE('',*,*,#2937,.F.);
#4581=ORIENTED_EDGE('',*,*,#3393,.T.);
#4582=ORIENTED_EDGE('',*,*,#3394,.F.);
#4583=ORIENTED_EDGE('',*,*,#3395,.F.);
#4584=ORIENTED_EDGE('',*,*,#2938,.F.);
#4585=ORIENTED_EDGE('',*,*,#3395,.T.);
#4586=ORIENTED_EDGE('',*,*,#3396,.F.);
#4587=ORIENTED_EDGE('',*,*,#3397,.F.);
#4588=ORIENTED_EDGE('',*,*,#2939,.F.);
#4589=ORIENTED_EDGE('',*,*,#3397,.T.);
#4590=ORIENTED_EDGE('',*,*,#3398,.F.);
#4591=ORIENTED_EDGE('',*,*,#3399,.F.);
#4592=ORIENTED_EDGE('',*,*,#2940,.F.);
#4593=ORIENTED_EDGE('',*,*,#3399,.T.);
#4594=ORIENTED_EDGE('',*,*,#3400,.F.);
#4595=ORIENTED_EDGE('',*,*,#3401,.F.);
#4596=ORIENTED_EDGE('',*,*,#2941,.F.);
#4597=ORIENTED_EDGE('',*,*,#3401,.T.);
#4598=ORIENTED_EDGE('',*,*,#3402,.F.);
#4599=ORIENTED_EDGE('',*,*,#3379,.F.);
#4600=ORIENTED_EDGE('',*,*,#3402,.T.);
#4601=ORIENTED_EDGE('',*,*,#3400,.T.);
#4602=ORIENTED_EDGE('',*,*,#3398,.T.);
#4603=ORIENTED_EDGE('',*,*,#3396,.T.);
#4604=ORIENTED_EDGE('',*,*,#3394,.T.);
#4605=ORIENTED_EDGE('',*,*,#3392,.T.);
#4606=ORIENTED_EDGE('',*,*,#3390,.T.);
#4607=ORIENTED_EDGE('',*,*,#3388,.T.);
#4608=ORIENTED_EDGE('',*,*,#3386,.T.);
#4609=ORIENTED_EDGE('',*,*,#3384,.T.);
#4610=ORIENTED_EDGE('',*,*,#3382,.T.);
#4611=ORIENTED_EDGE('',*,*,#3380,.T.);
#4612=ORIENTED_EDGE('',*,*,#3378,.T.);
#4613=ORIENTED_EDGE('',*,*,#3375,.T.);
#4614=ORIENTED_EDGE('',*,*,#3372,.T.);
#4615=ORIENTED_EDGE('',*,*,#3369,.T.);
#4616=ORIENTED_EDGE('',*,*,#3366,.T.);
#4617=ORIENTED_EDGE('',*,*,#3363,.T.);
#4618=ORIENTED_EDGE('',*,*,#3360,.T.);
#4619=ORIENTED_EDGE('',*,*,#3357,.T.);
#4620=ORIENTED_EDGE('',*,*,#3354,.T.);
#4621=ORIENTED_EDGE('',*,*,#3351,.T.);
#4622=ORIENTED_EDGE('',*,*,#3221,.T.);
#4623=ORIENTED_EDGE('',*,*,#3225,.T.);
#4624=ORIENTED_EDGE('',*,*,#3228,.T.);
#4625=ORIENTED_EDGE('',*,*,#3231,.T.);
#4626=ORIENTED_EDGE('',*,*,#3234,.T.);
#4627=ORIENTED_EDGE('',*,*,#3237,.T.);
#4628=ORIENTED_EDGE('',*,*,#3240,.T.);
#4629=ORIENTED_EDGE('',*,*,#3243,.T.);
#4630=ORIENTED_EDGE('',*,*,#3246,.T.);
#4631=ORIENTED_EDGE('',*,*,#3249,.T.);
#4632=ORIENTED_EDGE('',*,*,#2942,.F.);
#4633=ORIENTED_EDGE('',*,*,#3403,.T.);
#4634=ORIENTED_EDGE('',*,*,#3404,.F.);
#4635=ORIENTED_EDGE('',*,*,#3405,.F.);
#4636=ORIENTED_EDGE('',*,*,#2943,.F.);
#4637=ORIENTED_EDGE('',*,*,#3405,.T.);
#4638=ORIENTED_EDGE('',*,*,#3406,.F.);
#4639=ORIENTED_EDGE('',*,*,#3407,.F.);
#4640=ORIENTED_EDGE('',*,*,#2944,.F.);
#4641=ORIENTED_EDGE('',*,*,#3407,.T.);
#4642=ORIENTED_EDGE('',*,*,#3408,.F.);
#4643=ORIENTED_EDGE('',*,*,#3409,.F.);
#4644=ORIENTED_EDGE('',*,*,#2945,.F.);
#4645=ORIENTED_EDGE('',*,*,#3409,.T.);
#4646=ORIENTED_EDGE('',*,*,#3410,.F.);
#4647=ORIENTED_EDGE('',*,*,#3411,.F.);
#4648=ORIENTED_EDGE('',*,*,#2946,.F.);
#4649=ORIENTED_EDGE('',*,*,#3411,.T.);
#4650=ORIENTED_EDGE('',*,*,#3412,.F.);
#4651=ORIENTED_EDGE('',*,*,#3413,.F.);
#4652=ORIENTED_EDGE('',*,*,#2947,.F.);
#4653=ORIENTED_EDGE('',*,*,#3413,.T.);
#4654=ORIENTED_EDGE('',*,*,#3414,.F.);
#4655=ORIENTED_EDGE('',*,*,#3415,.F.);
#4656=ORIENTED_EDGE('',*,*,#2948,.F.);
#4657=ORIENTED_EDGE('',*,*,#3415,.T.);
#4658=ORIENTED_EDGE('',*,*,#3416,.F.);
#4659=ORIENTED_EDGE('',*,*,#3417,.F.);
#4660=ORIENTED_EDGE('',*,*,#2949,.F.);
#4661=ORIENTED_EDGE('',*,*,#3417,.T.);
#4662=ORIENTED_EDGE('',*,*,#3418,.F.);
#4663=ORIENTED_EDGE('',*,*,#3419,.F.);
#4664=ORIENTED_EDGE('',*,*,#2950,.F.);
#4665=ORIENTED_EDGE('',*,*,#3419,.T.);
#4666=ORIENTED_EDGE('',*,*,#3420,.F.);
#4667=ORIENTED_EDGE('',*,*,#3421,.F.);
#4668=ORIENTED_EDGE('',*,*,#2951,.F.);
#4669=ORIENTED_EDGE('',*,*,#3421,.T.);
#4670=ORIENTED_EDGE('',*,*,#3422,.F.);
#4671=ORIENTED_EDGE('',*,*,#3403,.F.);
#4672=ORIENTED_EDGE('',*,*,#3422,.T.);
#4673=ORIENTED_EDGE('',*,*,#3420,.T.);
#4674=ORIENTED_EDGE('',*,*,#3418,.T.);
#4675=ORIENTED_EDGE('',*,*,#3416,.T.);
#4676=ORIENTED_EDGE('',*,*,#3414,.T.);
#4677=ORIENTED_EDGE('',*,*,#3412,.T.);
#4678=ORIENTED_EDGE('',*,*,#3410,.T.);
#4679=ORIENTED_EDGE('',*,*,#3408,.T.);
#4680=ORIENTED_EDGE('',*,*,#3406,.T.);
#4681=ORIENTED_EDGE('',*,*,#3404,.T.);
#4682=ORIENTED_EDGE('',*,*,#2952,.F.);
#4683=ORIENTED_EDGE('',*,*,#3423,.T.);
#4684=ORIENTED_EDGE('',*,*,#3424,.F.);
#4685=ORIENTED_EDGE('',*,*,#3425,.F.);
#4686=ORIENTED_EDGE('',*,*,#2953,.F.);
#4687=ORIENTED_EDGE('',*,*,#3425,.T.);
#4688=ORIENTED_EDGE('',*,*,#3426,.F.);
#4689=ORIENTED_EDGE('',*,*,#3427,.F.);
#4690=ORIENTED_EDGE('',*,*,#2954,.F.);
#4691=ORIENTED_EDGE('',*,*,#3427,.T.);
#4692=ORIENTED_EDGE('',*,*,#3428,.F.);
#4693=ORIENTED_EDGE('',*,*,#3429,.F.);
#4694=ORIENTED_EDGE('',*,*,#2955,.F.);
#4695=ORIENTED_EDGE('',*,*,#3429,.T.);
#4696=ORIENTED_EDGE('',*,*,#3430,.F.);
#4697=ORIENTED_EDGE('',*,*,#3431,.F.);
#4698=ORIENTED_EDGE('',*,*,#2956,.F.);
#4699=ORIENTED_EDGE('',*,*,#3431,.T.);
#4700=ORIENTED_EDGE('',*,*,#3432,.F.);
#4701=ORIENTED_EDGE('',*,*,#3433,.F.);
#4702=ORIENTED_EDGE('',*,*,#2957,.F.);
#4703=ORIENTED_EDGE('',*,*,#3433,.T.);
#4704=ORIENTED_EDGE('',*,*,#3434,.F.);
#4705=ORIENTED_EDGE('',*,*,#3435,.F.);
#4706=ORIENTED_EDGE('',*,*,#2958,.F.);
#4707=ORIENTED_EDGE('',*,*,#3435,.T.);
#4708=ORIENTED_EDGE('',*,*,#3436,.F.);
#4709=ORIENTED_EDGE('',*,*,#3437,.F.);
#4710=ORIENTED_EDGE('',*,*,#2959,.F.);
#4711=ORIENTED_EDGE('',*,*,#3437,.T.);
#4712=ORIENTED_EDGE('',*,*,#3438,.F.);
#4713=ORIENTED_EDGE('',*,*,#3439,.F.);
#4714=ORIENTED_EDGE('',*,*,#2960,.F.);
#4715=ORIENTED_EDGE('',*,*,#3439,.T.);
#4716=ORIENTED_EDGE('',*,*,#3440,.F.);
#4717=ORIENTED_EDGE('',*,*,#3441,.F.);
#4718=ORIENTED_EDGE('',*,*,#2961,.F.);
#4719=ORIENTED_EDGE('',*,*,#3441,.T.);
#4720=ORIENTED_EDGE('',*,*,#3442,.F.);
#4721=ORIENTED_EDGE('',*,*,#3443,.F.);
#4722=ORIENTED_EDGE('',*,*,#2962,.F.);
#4723=ORIENTED_EDGE('',*,*,#3443,.T.);
#4724=ORIENTED_EDGE('',*,*,#3444,.F.);
#4725=ORIENTED_EDGE('',*,*,#3445,.F.);
#4726=ORIENTED_EDGE('',*,*,#2963,.F.);
#4727=ORIENTED_EDGE('',*,*,#3445,.T.);
#4728=ORIENTED_EDGE('',*,*,#3446,.F.);
#4729=ORIENTED_EDGE('',*,*,#3447,.F.);
#4730=ORIENTED_EDGE('',*,*,#2964,.F.);
#4731=ORIENTED_EDGE('',*,*,#3447,.T.);
#4732=ORIENTED_EDGE('',*,*,#3448,.F.);
#4733=ORIENTED_EDGE('',*,*,#3449,.F.);
#4734=ORIENTED_EDGE('',*,*,#2965,.F.);
#4735=ORIENTED_EDGE('',*,*,#3449,.T.);
#4736=ORIENTED_EDGE('',*,*,#3450,.F.);
#4737=ORIENTED_EDGE('',*,*,#3451,.F.);
#4738=ORIENTED_EDGE('',*,*,#2966,.F.);
#4739=ORIENTED_EDGE('',*,*,#3451,.T.);
#4740=ORIENTED_EDGE('',*,*,#3452,.F.);
#4741=ORIENTED_EDGE('',*,*,#3453,.F.);
#4742=ORIENTED_EDGE('',*,*,#2967,.F.);
#4743=ORIENTED_EDGE('',*,*,#3453,.T.);
#4744=ORIENTED_EDGE('',*,*,#3454,.F.);
#4745=ORIENTED_EDGE('',*,*,#3455,.F.);
#4746=ORIENTED_EDGE('',*,*,#2968,.F.);
#4747=ORIENTED_EDGE('',*,*,#3455,.T.);
#4748=ORIENTED_EDGE('',*,*,#3456,.F.);
#4749=ORIENTED_EDGE('',*,*,#3457,.F.);
#4750=ORIENTED_EDGE('',*,*,#2969,.F.);
#4751=ORIENTED_EDGE('',*,*,#3457,.T.);
#4752=ORIENTED_EDGE('',*,*,#3458,.F.);
#4753=ORIENTED_EDGE('',*,*,#3459,.F.);
#4754=ORIENTED_EDGE('',*,*,#2970,.F.);
#4755=ORIENTED_EDGE('',*,*,#3459,.T.);
#4756=ORIENTED_EDGE('',*,*,#3460,.F.);
#4757=ORIENTED_EDGE('',*,*,#3461,.F.);
#4758=ORIENTED_EDGE('',*,*,#2971,.F.);
#4759=ORIENTED_EDGE('',*,*,#3461,.T.);
#4760=ORIENTED_EDGE('',*,*,#3462,.F.);
#4761=ORIENTED_EDGE('',*,*,#3463,.F.);
#4762=ORIENTED_EDGE('',*,*,#2972,.F.);
#4763=ORIENTED_EDGE('',*,*,#3463,.T.);
#4764=ORIENTED_EDGE('',*,*,#3464,.F.);
#4765=ORIENTED_EDGE('',*,*,#3465,.F.);
#4766=ORIENTED_EDGE('',*,*,#2973,.F.);
#4767=ORIENTED_EDGE('',*,*,#3465,.T.);
#4768=ORIENTED_EDGE('',*,*,#3466,.F.);
#4769=ORIENTED_EDGE('',*,*,#3467,.F.);
#4770=ORIENTED_EDGE('',*,*,#2974,.F.);
#4771=ORIENTED_EDGE('',*,*,#3467,.T.);
#4772=ORIENTED_EDGE('',*,*,#3468,.F.);
#4773=ORIENTED_EDGE('',*,*,#3469,.F.);
#4774=ORIENTED_EDGE('',*,*,#2975,.F.);
#4775=ORIENTED_EDGE('',*,*,#3469,.T.);
#4776=ORIENTED_EDGE('',*,*,#3470,.F.);
#4777=ORIENTED_EDGE('',*,*,#3471,.F.);
#4778=ORIENTED_EDGE('',*,*,#2976,.F.);
#4779=ORIENTED_EDGE('',*,*,#3471,.T.);
#4780=ORIENTED_EDGE('',*,*,#3472,.F.);
#4781=ORIENTED_EDGE('',*,*,#3473,.F.);
#4782=ORIENTED_EDGE('',*,*,#2977,.F.);
#4783=ORIENTED_EDGE('',*,*,#3473,.T.);
#4784=ORIENTED_EDGE('',*,*,#3474,.F.);
#4785=ORIENTED_EDGE('',*,*,#3475,.F.);
#4786=ORIENTED_EDGE('',*,*,#2978,.F.);
#4787=ORIENTED_EDGE('',*,*,#3475,.T.);
#4788=ORIENTED_EDGE('',*,*,#3476,.F.);
#4789=ORIENTED_EDGE('',*,*,#3477,.F.);
#4790=ORIENTED_EDGE('',*,*,#2979,.F.);
#4791=ORIENTED_EDGE('',*,*,#3477,.T.);
#4792=ORIENTED_EDGE('',*,*,#3478,.F.);
#4793=ORIENTED_EDGE('',*,*,#3479,.F.);
#4794=ORIENTED_EDGE('',*,*,#2980,.F.);
#4795=ORIENTED_EDGE('',*,*,#3479,.T.);
#4796=ORIENTED_EDGE('',*,*,#3480,.F.);
#4797=ORIENTED_EDGE('',*,*,#3423,.F.);
#4798=ORIENTED_EDGE('',*,*,#3480,.T.);
#4799=ORIENTED_EDGE('',*,*,#3478,.T.);
#4800=ORIENTED_EDGE('',*,*,#3476,.T.);
#4801=ORIENTED_EDGE('',*,*,#3474,.T.);
#4802=ORIENTED_EDGE('',*,*,#3472,.T.);
#4803=ORIENTED_EDGE('',*,*,#3470,.T.);
#4804=ORIENTED_EDGE('',*,*,#3468,.T.);
#4805=ORIENTED_EDGE('',*,*,#3466,.T.);
#4806=ORIENTED_EDGE('',*,*,#3464,.T.);
#4807=ORIENTED_EDGE('',*,*,#3462,.T.);
#4808=ORIENTED_EDGE('',*,*,#3460,.T.);
#4809=ORIENTED_EDGE('',*,*,#3458,.T.);
#4810=ORIENTED_EDGE('',*,*,#3456,.T.);
#4811=ORIENTED_EDGE('',*,*,#3454,.T.);
#4812=ORIENTED_EDGE('',*,*,#3452,.T.);
#4813=ORIENTED_EDGE('',*,*,#3450,.T.);
#4814=ORIENTED_EDGE('',*,*,#3448,.T.);
#4815=ORIENTED_EDGE('',*,*,#3446,.T.);
#4816=ORIENTED_EDGE('',*,*,#3444,.T.);
#4817=ORIENTED_EDGE('',*,*,#3442,.T.);
#4818=ORIENTED_EDGE('',*,*,#3440,.T.);
#4819=ORIENTED_EDGE('',*,*,#3438,.T.);
#4820=ORIENTED_EDGE('',*,*,#3436,.T.);
#4821=ORIENTED_EDGE('',*,*,#3434,.T.);
#4822=ORIENTED_EDGE('',*,*,#3432,.T.);
#4823=ORIENTED_EDGE('',*,*,#3430,.T.);
#4824=ORIENTED_EDGE('',*,*,#3428,.T.);
#4825=ORIENTED_EDGE('',*,*,#3426,.T.);
#4826=ORIENTED_EDGE('',*,*,#3424,.T.);
#4827=ORIENTED_EDGE('',*,*,#2981,.F.);
#4828=ORIENTED_EDGE('',*,*,#3481,.T.);
#4829=ORIENTED_EDGE('',*,*,#3482,.F.);
#4830=ORIENTED_EDGE('',*,*,#3483,.F.);
#4831=ORIENTED_EDGE('',*,*,#2982,.F.);
#4832=ORIENTED_EDGE('',*,*,#3483,.T.);
#4833=ORIENTED_EDGE('',*,*,#3484,.F.);
#4834=ORIENTED_EDGE('',*,*,#3485,.F.);
#4835=ORIENTED_EDGE('',*,*,#2983,.F.);
#4836=ORIENTED_EDGE('',*,*,#3485,.T.);
#4837=ORIENTED_EDGE('',*,*,#3486,.F.);
#4838=ORIENTED_EDGE('',*,*,#3487,.F.);
#4839=ORIENTED_EDGE('',*,*,#2984,.F.);
#4840=ORIENTED_EDGE('',*,*,#3487,.T.);
#4841=ORIENTED_EDGE('',*,*,#3488,.F.);
#4842=ORIENTED_EDGE('',*,*,#3489,.F.);
#4843=ORIENTED_EDGE('',*,*,#2985,.F.);
#4844=ORIENTED_EDGE('',*,*,#3489,.T.);
#4845=ORIENTED_EDGE('',*,*,#3490,.F.);
#4846=ORIENTED_EDGE('',*,*,#3491,.F.);
#4847=ORIENTED_EDGE('',*,*,#2986,.F.);
#4848=ORIENTED_EDGE('',*,*,#3491,.T.);
#4849=ORIENTED_EDGE('',*,*,#3492,.F.);
#4850=ORIENTED_EDGE('',*,*,#3493,.F.);
#4851=ORIENTED_EDGE('',*,*,#2987,.F.);
#4852=ORIENTED_EDGE('',*,*,#3493,.T.);
#4853=ORIENTED_EDGE('',*,*,#3494,.F.);
#4854=ORIENTED_EDGE('',*,*,#3495,.F.);
#4855=ORIENTED_EDGE('',*,*,#2988,.F.);
#4856=ORIENTED_EDGE('',*,*,#3495,.T.);
#4857=ORIENTED_EDGE('',*,*,#3496,.F.);
#4858=ORIENTED_EDGE('',*,*,#3497,.F.);
#4859=ORIENTED_EDGE('',*,*,#2989,.F.);
#4860=ORIENTED_EDGE('',*,*,#3497,.T.);
#4861=ORIENTED_EDGE('',*,*,#3498,.F.);
#4862=ORIENTED_EDGE('',*,*,#3499,.F.);
#4863=ORIENTED_EDGE('',*,*,#2990,.F.);
#4864=ORIENTED_EDGE('',*,*,#3499,.T.);
#4865=ORIENTED_EDGE('',*,*,#3500,.F.);
#4866=ORIENTED_EDGE('',*,*,#3501,.F.);
#4867=ORIENTED_EDGE('',*,*,#2991,.F.);
#4868=ORIENTED_EDGE('',*,*,#3501,.T.);
#4869=ORIENTED_EDGE('',*,*,#3502,.F.);
#4870=ORIENTED_EDGE('',*,*,#3503,.F.);
#4871=ORIENTED_EDGE('',*,*,#2992,.F.);
#4872=ORIENTED_EDGE('',*,*,#3503,.T.);
#4873=ORIENTED_EDGE('',*,*,#3504,.F.);
#4874=ORIENTED_EDGE('',*,*,#3505,.F.);
#4875=ORIENTED_EDGE('',*,*,#2993,.F.);
#4876=ORIENTED_EDGE('',*,*,#3505,.T.);
#4877=ORIENTED_EDGE('',*,*,#3506,.F.);
#4878=ORIENTED_EDGE('',*,*,#3507,.F.);
#4879=ORIENTED_EDGE('',*,*,#2994,.F.);
#4880=ORIENTED_EDGE('',*,*,#3507,.T.);
#4881=ORIENTED_EDGE('',*,*,#3508,.F.);
#4882=ORIENTED_EDGE('',*,*,#3509,.F.);
#4883=ORIENTED_EDGE('',*,*,#2995,.F.);
#4884=ORIENTED_EDGE('',*,*,#3509,.T.);
#4885=ORIENTED_EDGE('',*,*,#3510,.F.);
#4886=ORIENTED_EDGE('',*,*,#3511,.F.);
#4887=ORIENTED_EDGE('',*,*,#2996,.F.);
#4888=ORIENTED_EDGE('',*,*,#3511,.T.);
#4889=ORIENTED_EDGE('',*,*,#3512,.F.);
#4890=ORIENTED_EDGE('',*,*,#3513,.F.);
#4891=ORIENTED_EDGE('',*,*,#2997,.F.);
#4892=ORIENTED_EDGE('',*,*,#3513,.T.);
#4893=ORIENTED_EDGE('',*,*,#3514,.F.);
#4894=ORIENTED_EDGE('',*,*,#3515,.F.);
#4895=ORIENTED_EDGE('',*,*,#2998,.F.);
#4896=ORIENTED_EDGE('',*,*,#3515,.T.);
#4897=ORIENTED_EDGE('',*,*,#3516,.F.);
#4898=ORIENTED_EDGE('',*,*,#3517,.F.);
#4899=ORIENTED_EDGE('',*,*,#2999,.F.);
#4900=ORIENTED_EDGE('',*,*,#3517,.T.);
#4901=ORIENTED_EDGE('',*,*,#3518,.F.);
#4902=ORIENTED_EDGE('',*,*,#3519,.F.);
#4903=ORIENTED_EDGE('',*,*,#3000,.F.);
#4904=ORIENTED_EDGE('',*,*,#3519,.T.);
#4905=ORIENTED_EDGE('',*,*,#3520,.F.);
#4906=ORIENTED_EDGE('',*,*,#3521,.F.);
#4907=ORIENTED_EDGE('',*,*,#3001,.F.);
#4908=ORIENTED_EDGE('',*,*,#3521,.T.);
#4909=ORIENTED_EDGE('',*,*,#3522,.F.);
#4910=ORIENTED_EDGE('',*,*,#3523,.F.);
#4911=ORIENTED_EDGE('',*,*,#3002,.F.);
#4912=ORIENTED_EDGE('',*,*,#3523,.T.);
#4913=ORIENTED_EDGE('',*,*,#3524,.F.);
#4914=ORIENTED_EDGE('',*,*,#3481,.F.);
#4915=ORIENTED_EDGE('',*,*,#3524,.T.);
#4916=ORIENTED_EDGE('',*,*,#3522,.T.);
#4917=ORIENTED_EDGE('',*,*,#3520,.T.);
#4918=ORIENTED_EDGE('',*,*,#3518,.T.);
#4919=ORIENTED_EDGE('',*,*,#3516,.T.);
#4920=ORIENTED_EDGE('',*,*,#3514,.T.);
#4921=ORIENTED_EDGE('',*,*,#3512,.T.);
#4922=ORIENTED_EDGE('',*,*,#3510,.T.);
#4923=ORIENTED_EDGE('',*,*,#3508,.T.);
#4924=ORIENTED_EDGE('',*,*,#3506,.T.);
#4925=ORIENTED_EDGE('',*,*,#3504,.T.);
#4926=ORIENTED_EDGE('',*,*,#3502,.T.);
#4927=ORIENTED_EDGE('',*,*,#3500,.T.);
#4928=ORIENTED_EDGE('',*,*,#3498,.T.);
#4929=ORIENTED_EDGE('',*,*,#3496,.T.);
#4930=ORIENTED_EDGE('',*,*,#3494,.T.);
#4931=ORIENTED_EDGE('',*,*,#3492,.T.);
#4932=ORIENTED_EDGE('',*,*,#3490,.T.);
#4933=ORIENTED_EDGE('',*,*,#3488,.T.);
#4934=ORIENTED_EDGE('',*,*,#3486,.T.);
#4935=ORIENTED_EDGE('',*,*,#3484,.T.);
#4936=ORIENTED_EDGE('',*,*,#3482,.T.);
#4937=ORIENTED_EDGE('',*,*,#3003,.F.);
#4938=ORIENTED_EDGE('',*,*,#3525,.T.);
#4939=ORIENTED_EDGE('',*,*,#3526,.F.);
#4940=ORIENTED_EDGE('',*,*,#3527,.F.);
#4941=ORIENTED_EDGE('',*,*,#3004,.F.);
#4942=ORIENTED_EDGE('',*,*,#3527,.T.);
#4943=ORIENTED_EDGE('',*,*,#3528,.F.);
#4944=ORIENTED_EDGE('',*,*,#3529,.F.);
#4945=ORIENTED_EDGE('',*,*,#3005,.F.);
#4946=ORIENTED_EDGE('',*,*,#3529,.T.);
#4947=ORIENTED_EDGE('',*,*,#3530,.F.);
#4948=ORIENTED_EDGE('',*,*,#3531,.F.);
#4949=ORIENTED_EDGE('',*,*,#3006,.F.);
#4950=ORIENTED_EDGE('',*,*,#3531,.T.);
#4951=ORIENTED_EDGE('',*,*,#3532,.F.);
#4952=ORIENTED_EDGE('',*,*,#3533,.F.);
#4953=ORIENTED_EDGE('',*,*,#3007,.F.);
#4954=ORIENTED_EDGE('',*,*,#3533,.T.);
#4955=ORIENTED_EDGE('',*,*,#3534,.F.);
#4956=ORIENTED_EDGE('',*,*,#3535,.F.);
#4957=ORIENTED_EDGE('',*,*,#3008,.F.);
#4958=ORIENTED_EDGE('',*,*,#3535,.T.);
#4959=ORIENTED_EDGE('',*,*,#3536,.F.);
#4960=ORIENTED_EDGE('',*,*,#3537,.F.);
#4961=ORIENTED_EDGE('',*,*,#3009,.F.);
#4962=ORIENTED_EDGE('',*,*,#3537,.T.);
#4963=ORIENTED_EDGE('',*,*,#3538,.F.);
#4964=ORIENTED_EDGE('',*,*,#3539,.F.);
#4965=ORIENTED_EDGE('',*,*,#3010,.F.);
#4966=ORIENTED_EDGE('',*,*,#3539,.T.);
#4967=ORIENTED_EDGE('',*,*,#3540,.F.);
#4968=ORIENTED_EDGE('',*,*,#3541,.F.);
#4969=ORIENTED_EDGE('',*,*,#3011,.F.);
#4970=ORIENTED_EDGE('',*,*,#3541,.T.);
#4971=ORIENTED_EDGE('',*,*,#3542,.F.);
#4972=ORIENTED_EDGE('',*,*,#3543,.F.);
#4973=ORIENTED_EDGE('',*,*,#3012,.F.);
#4974=ORIENTED_EDGE('',*,*,#3543,.T.);
#4975=ORIENTED_EDGE('',*,*,#3544,.F.);
#4976=ORIENTED_EDGE('',*,*,#3545,.F.);
#4977=ORIENTED_EDGE('',*,*,#3013,.F.);
#4978=ORIENTED_EDGE('',*,*,#3545,.T.);
#4979=ORIENTED_EDGE('',*,*,#3546,.F.);
#4980=ORIENTED_EDGE('',*,*,#3547,.F.);
#4981=ORIENTED_EDGE('',*,*,#3014,.F.);
#4982=ORIENTED_EDGE('',*,*,#3547,.T.);
#4983=ORIENTED_EDGE('',*,*,#3548,.F.);
#4984=ORIENTED_EDGE('',*,*,#3549,.F.);
#4985=ORIENTED_EDGE('',*,*,#3015,.F.);
#4986=ORIENTED_EDGE('',*,*,#3549,.T.);
#4987=ORIENTED_EDGE('',*,*,#3550,.F.);
#4988=ORIENTED_EDGE('',*,*,#3551,.F.);
#4989=ORIENTED_EDGE('',*,*,#3016,.F.);
#4990=ORIENTED_EDGE('',*,*,#3551,.T.);
#4991=ORIENTED_EDGE('',*,*,#3552,.F.);
#4992=ORIENTED_EDGE('',*,*,#3553,.F.);
#4993=ORIENTED_EDGE('',*,*,#3017,.F.);
#4994=ORIENTED_EDGE('',*,*,#3553,.T.);
#4995=ORIENTED_EDGE('',*,*,#3554,.F.);
#4996=ORIENTED_EDGE('',*,*,#3555,.F.);
#4997=ORIENTED_EDGE('',*,*,#3018,.F.);
#4998=ORIENTED_EDGE('',*,*,#3555,.T.);
#4999=ORIENTED_EDGE('',*,*,#3556,.F.);
#5000=ORIENTED_EDGE('',*,*,#3557,.F.);
#5001=ORIENTED_EDGE('',*,*,#3019,.F.);
#5002=ORIENTED_EDGE('',*,*,#3557,.T.);
#5003=ORIENTED_EDGE('',*,*,#3558,.F.);
#5004=ORIENTED_EDGE('',*,*,#3559,.F.);
#5005=ORIENTED_EDGE('',*,*,#3020,.F.);
#5006=ORIENTED_EDGE('',*,*,#3559,.T.);
#5007=ORIENTED_EDGE('',*,*,#3560,.F.);
#5008=ORIENTED_EDGE('',*,*,#3561,.F.);
#5009=ORIENTED_EDGE('',*,*,#3021,.F.);
#5010=ORIENTED_EDGE('',*,*,#3561,.T.);
#5011=ORIENTED_EDGE('',*,*,#3562,.F.);
#5012=ORIENTED_EDGE('',*,*,#3563,.F.);
#5013=ORIENTED_EDGE('',*,*,#3022,.F.);
#5014=ORIENTED_EDGE('',*,*,#3563,.T.);
#5015=ORIENTED_EDGE('',*,*,#3564,.F.);
#5016=ORIENTED_EDGE('',*,*,#3565,.F.);
#5017=ORIENTED_EDGE('',*,*,#3023,.F.);
#5018=ORIENTED_EDGE('',*,*,#3565,.T.);
#5019=ORIENTED_EDGE('',*,*,#3566,.F.);
#5020=ORIENTED_EDGE('',*,*,#3567,.F.);
#5021=ORIENTED_EDGE('',*,*,#3024,.F.);
#5022=ORIENTED_EDGE('',*,*,#3567,.T.);
#5023=ORIENTED_EDGE('',*,*,#3568,.F.);
#5024=ORIENTED_EDGE('',*,*,#3525,.F.);
#5025=ORIENTED_EDGE('',*,*,#3568,.T.);
#5026=ORIENTED_EDGE('',*,*,#3566,.T.);
#5027=ORIENTED_EDGE('',*,*,#3564,.T.);
#5028=ORIENTED_EDGE('',*,*,#3562,.T.);
#5029=ORIENTED_EDGE('',*,*,#3560,.T.);
#5030=ORIENTED_EDGE('',*,*,#3558,.T.);
#5031=ORIENTED_EDGE('',*,*,#3556,.T.);
#5032=ORIENTED_EDGE('',*,*,#3554,.T.);
#5033=ORIENTED_EDGE('',*,*,#3552,.T.);
#5034=ORIENTED_EDGE('',*,*,#3550,.T.);
#5035=ORIENTED_EDGE('',*,*,#3548,.T.);
#5036=ORIENTED_EDGE('',*,*,#3546,.T.);
#5037=ORIENTED_EDGE('',*,*,#3544,.T.);
#5038=ORIENTED_EDGE('',*,*,#3542,.T.);
#5039=ORIENTED_EDGE('',*,*,#3540,.T.);
#5040=ORIENTED_EDGE('',*,*,#3538,.T.);
#5041=ORIENTED_EDGE('',*,*,#3536,.T.);
#5042=ORIENTED_EDGE('',*,*,#3534,.T.);
#5043=ORIENTED_EDGE('',*,*,#3532,.T.);
#5044=ORIENTED_EDGE('',*,*,#3530,.T.);
#5045=ORIENTED_EDGE('',*,*,#3528,.T.);
#5046=ORIENTED_EDGE('',*,*,#3526,.T.);
#5047=ORIENTED_EDGE('',*,*,#3025,.F.);
#5048=ORIENTED_EDGE('',*,*,#3569,.T.);
#5049=ORIENTED_EDGE('',*,*,#3570,.F.);
#5050=ORIENTED_EDGE('',*,*,#3571,.F.);
#5051=ORIENTED_EDGE('',*,*,#3026,.F.);
#5052=ORIENTED_EDGE('',*,*,#3571,.T.);
#5053=ORIENTED_EDGE('',*,*,#3572,.F.);
#5054=ORIENTED_EDGE('',*,*,#3573,.F.);
#5055=ORIENTED_EDGE('',*,*,#3027,.F.);
#5056=ORIENTED_EDGE('',*,*,#3573,.T.);
#5057=ORIENTED_EDGE('',*,*,#3574,.F.);
#5058=ORIENTED_EDGE('',*,*,#3575,.F.);
#5059=ORIENTED_EDGE('',*,*,#3028,.F.);
#5060=ORIENTED_EDGE('',*,*,#3575,.T.);
#5061=ORIENTED_EDGE('',*,*,#3576,.F.);
#5062=ORIENTED_EDGE('',*,*,#3577,.F.);
#5063=ORIENTED_EDGE('',*,*,#3029,.F.);
#5064=ORIENTED_EDGE('',*,*,#3577,.T.);
#5065=ORIENTED_EDGE('',*,*,#3578,.F.);
#5066=ORIENTED_EDGE('',*,*,#3579,.F.);
#5067=ORIENTED_EDGE('',*,*,#3030,.F.);
#5068=ORIENTED_EDGE('',*,*,#3579,.T.);
#5069=ORIENTED_EDGE('',*,*,#3580,.F.);
#5070=ORIENTED_EDGE('',*,*,#3581,.F.);
#5071=ORIENTED_EDGE('',*,*,#3031,.F.);
#5072=ORIENTED_EDGE('',*,*,#3581,.T.);
#5073=ORIENTED_EDGE('',*,*,#3582,.F.);
#5074=ORIENTED_EDGE('',*,*,#3583,.F.);
#5075=ORIENTED_EDGE('',*,*,#3032,.F.);
#5076=ORIENTED_EDGE('',*,*,#3583,.T.);
#5077=ORIENTED_EDGE('',*,*,#3584,.F.);
#5078=ORIENTED_EDGE('',*,*,#3585,.F.);
#5079=ORIENTED_EDGE('',*,*,#3033,.F.);
#5080=ORIENTED_EDGE('',*,*,#3585,.T.);
#5081=ORIENTED_EDGE('',*,*,#3586,.F.);
#5082=ORIENTED_EDGE('',*,*,#3587,.F.);
#5083=ORIENTED_EDGE('',*,*,#3034,.F.);
#5084=ORIENTED_EDGE('',*,*,#3587,.T.);
#5085=ORIENTED_EDGE('',*,*,#3588,.F.);
#5086=ORIENTED_EDGE('',*,*,#3589,.F.);
#5087=ORIENTED_EDGE('',*,*,#3035,.F.);
#5088=ORIENTED_EDGE('',*,*,#3589,.T.);
#5089=ORIENTED_EDGE('',*,*,#3590,.F.);
#5090=ORIENTED_EDGE('',*,*,#3591,.F.);
#5091=ORIENTED_EDGE('',*,*,#3036,.F.);
#5092=ORIENTED_EDGE('',*,*,#3591,.T.);
#5093=ORIENTED_EDGE('',*,*,#3592,.F.);
#5094=ORIENTED_EDGE('',*,*,#3593,.F.);
#5095=ORIENTED_EDGE('',*,*,#3037,.F.);
#5096=ORIENTED_EDGE('',*,*,#3593,.T.);
#5097=ORIENTED_EDGE('',*,*,#3594,.F.);
#5098=ORIENTED_EDGE('',*,*,#3595,.F.);
#5099=ORIENTED_EDGE('',*,*,#3038,.F.);
#5100=ORIENTED_EDGE('',*,*,#3595,.T.);
#5101=ORIENTED_EDGE('',*,*,#3596,.F.);
#5102=ORIENTED_EDGE('',*,*,#3597,.F.);
#5103=ORIENTED_EDGE('',*,*,#3039,.F.);
#5104=ORIENTED_EDGE('',*,*,#3597,.T.);
#5105=ORIENTED_EDGE('',*,*,#3598,.F.);
#5106=ORIENTED_EDGE('',*,*,#3599,.F.);
#5107=ORIENTED_EDGE('',*,*,#3040,.F.);
#5108=ORIENTED_EDGE('',*,*,#3599,.T.);
#5109=ORIENTED_EDGE('',*,*,#3600,.F.);
#5110=ORIENTED_EDGE('',*,*,#3601,.F.);
#5111=ORIENTED_EDGE('',*,*,#3041,.F.);
#5112=ORIENTED_EDGE('',*,*,#3601,.T.);
#5113=ORIENTED_EDGE('',*,*,#3602,.F.);
#5114=ORIENTED_EDGE('',*,*,#3603,.F.);
#5115=ORIENTED_EDGE('',*,*,#3042,.F.);
#5116=ORIENTED_EDGE('',*,*,#3603,.T.);
#5117=ORIENTED_EDGE('',*,*,#3604,.F.);
#5118=ORIENTED_EDGE('',*,*,#3605,.F.);
#5119=ORIENTED_EDGE('',*,*,#3043,.F.);
#5120=ORIENTED_EDGE('',*,*,#3605,.T.);
#5121=ORIENTED_EDGE('',*,*,#3606,.F.);
#5122=ORIENTED_EDGE('',*,*,#3607,.F.);
#5123=ORIENTED_EDGE('',*,*,#3044,.F.);
#5124=ORIENTED_EDGE('',*,*,#3607,.T.);
#5125=ORIENTED_EDGE('',*,*,#3608,.F.);
#5126=ORIENTED_EDGE('',*,*,#3609,.F.);
#5127=ORIENTED_EDGE('',*,*,#3045,.F.);
#5128=ORIENTED_EDGE('',*,*,#3609,.T.);
#5129=ORIENTED_EDGE('',*,*,#3610,.F.);
#5130=ORIENTED_EDGE('',*,*,#3611,.F.);
#5131=ORIENTED_EDGE('',*,*,#3046,.F.);
#5132=ORIENTED_EDGE('',*,*,#3611,.T.);
#5133=ORIENTED_EDGE('',*,*,#3612,.F.);
#5134=ORIENTED_EDGE('',*,*,#3613,.F.);
#5135=ORIENTED_EDGE('',*,*,#3047,.F.);
#5136=ORIENTED_EDGE('',*,*,#3613,.T.);
#5137=ORIENTED_EDGE('',*,*,#3614,.F.);
#5138=ORIENTED_EDGE('',*,*,#3615,.F.);
#5139=ORIENTED_EDGE('',*,*,#3048,.F.);
#5140=ORIENTED_EDGE('',*,*,#3615,.T.);
#5141=ORIENTED_EDGE('',*,*,#3616,.F.);
#5142=ORIENTED_EDGE('',*,*,#3617,.F.);
#5143=ORIENTED_EDGE('',*,*,#3049,.F.);
#5144=ORIENTED_EDGE('',*,*,#3617,.T.);
#5145=ORIENTED_EDGE('',*,*,#3618,.F.);
#5146=ORIENTED_EDGE('',*,*,#3619,.F.);
#5147=ORIENTED_EDGE('',*,*,#3050,.F.);
#5148=ORIENTED_EDGE('',*,*,#3619,.T.);
#5149=ORIENTED_EDGE('',*,*,#3620,.F.);
#5150=ORIENTED_EDGE('',*,*,#3621,.F.);
#5151=ORIENTED_EDGE('',*,*,#3051,.F.);
#5152=ORIENTED_EDGE('',*,*,#3621,.T.);
#5153=ORIENTED_EDGE('',*,*,#3622,.F.);
#5154=ORIENTED_EDGE('',*,*,#3623,.F.);
#5155=ORIENTED_EDGE('',*,*,#3052,.F.);
#5156=ORIENTED_EDGE('',*,*,#3623,.T.);
#5157=ORIENTED_EDGE('',*,*,#3624,.F.);
#5158=ORIENTED_EDGE('',*,*,#3625,.F.);
#5159=ORIENTED_EDGE('',*,*,#3053,.F.);
#5160=ORIENTED_EDGE('',*,*,#3625,.T.);
#5161=ORIENTED_EDGE('',*,*,#3626,.F.);
#5162=ORIENTED_EDGE('',*,*,#3627,.F.);
#5163=ORIENTED_EDGE('',*,*,#3054,.F.);
#5164=ORIENTED_EDGE('',*,*,#3627,.T.);
#5165=ORIENTED_EDGE('',*,*,#3628,.F.);
#5166=ORIENTED_EDGE('',*,*,#3629,.F.);
#5167=ORIENTED_EDGE('',*,*,#3055,.F.);
#5168=ORIENTED_EDGE('',*,*,#3629,.T.);
#5169=ORIENTED_EDGE('',*,*,#3630,.F.);
#5170=ORIENTED_EDGE('',*,*,#3631,.F.);
#5171=ORIENTED_EDGE('',*,*,#3056,.F.);
#5172=ORIENTED_EDGE('',*,*,#3631,.T.);
#5173=ORIENTED_EDGE('',*,*,#3632,.F.);
#5174=ORIENTED_EDGE('',*,*,#3633,.F.);
#5175=ORIENTED_EDGE('',*,*,#3057,.F.);
#5176=ORIENTED_EDGE('',*,*,#3633,.T.);
#5177=ORIENTED_EDGE('',*,*,#3634,.F.);
#5178=ORIENTED_EDGE('',*,*,#3635,.F.);
#5179=ORIENTED_EDGE('',*,*,#3058,.F.);
#5180=ORIENTED_EDGE('',*,*,#3635,.T.);
#5181=ORIENTED_EDGE('',*,*,#3636,.F.);
#5182=ORIENTED_EDGE('',*,*,#3637,.F.);
#5183=ORIENTED_EDGE('',*,*,#3059,.F.);
#5184=ORIENTED_EDGE('',*,*,#3637,.T.);
#5185=ORIENTED_EDGE('',*,*,#3638,.F.);
#5186=ORIENTED_EDGE('',*,*,#3569,.F.);
#5187=ORIENTED_EDGE('',*,*,#3638,.T.);
#5188=ORIENTED_EDGE('',*,*,#3636,.T.);
#5189=ORIENTED_EDGE('',*,*,#3634,.T.);
#5190=ORIENTED_EDGE('',*,*,#3632,.T.);
#5191=ORIENTED_EDGE('',*,*,#3630,.T.);
#5192=ORIENTED_EDGE('',*,*,#3628,.T.);
#5193=ORIENTED_EDGE('',*,*,#3626,.T.);
#5194=ORIENTED_EDGE('',*,*,#3624,.T.);
#5195=ORIENTED_EDGE('',*,*,#3622,.T.);
#5196=ORIENTED_EDGE('',*,*,#3620,.T.);
#5197=ORIENTED_EDGE('',*,*,#3618,.T.);
#5198=ORIENTED_EDGE('',*,*,#3616,.T.);
#5199=ORIENTED_EDGE('',*,*,#3614,.T.);
#5200=ORIENTED_EDGE('',*,*,#3612,.T.);
#5201=ORIENTED_EDGE('',*,*,#3610,.T.);
#5202=ORIENTED_EDGE('',*,*,#3608,.T.);
#5203=ORIENTED_EDGE('',*,*,#3606,.T.);
#5204=ORIENTED_EDGE('',*,*,#3604,.T.);
#5205=ORIENTED_EDGE('',*,*,#3602,.T.);
#5206=ORIENTED_EDGE('',*,*,#3600,.T.);
#5207=ORIENTED_EDGE('',*,*,#3598,.T.);
#5208=ORIENTED_EDGE('',*,*,#3596,.T.);
#5209=ORIENTED_EDGE('',*,*,#3594,.T.);
#5210=ORIENTED_EDGE('',*,*,#3592,.T.);
#5211=ORIENTED_EDGE('',*,*,#3590,.T.);
#5212=ORIENTED_EDGE('',*,*,#3588,.T.);
#5213=ORIENTED_EDGE('',*,*,#3586,.T.);
#5214=ORIENTED_EDGE('',*,*,#3584,.T.);
#5215=ORIENTED_EDGE('',*,*,#3582,.T.);
#5216=ORIENTED_EDGE('',*,*,#3580,.T.);
#5217=ORIENTED_EDGE('',*,*,#3578,.T.);
#5218=ORIENTED_EDGE('',*,*,#3576,.T.);
#5219=ORIENTED_EDGE('',*,*,#3574,.T.);
#5220=ORIENTED_EDGE('',*,*,#3572,.T.);
#5221=ORIENTED_EDGE('',*,*,#3570,.T.);
#5222=ORIENTED_EDGE('',*,*,#3639,.F.);
#5223=ORIENTED_EDGE('',*,*,#3640,.T.);
#5224=ORIENTED_EDGE('',*,*,#3641,.F.);
#5225=ORIENTED_EDGE('',*,*,#3642,.F.);
#5226=ORIENTED_EDGE('',*,*,#3643,.F.);
#5227=ORIENTED_EDGE('',*,*,#3642,.T.);
#5228=ORIENTED_EDGE('',*,*,#3644,.F.);
#5229=ORIENTED_EDGE('',*,*,#3645,.F.);
#5230=ORIENTED_EDGE('',*,*,#3646,.F.);
#5231=ORIENTED_EDGE('',*,*,#3645,.T.);
#5232=ORIENTED_EDGE('',*,*,#3647,.F.);
#5233=ORIENTED_EDGE('',*,*,#3648,.F.);
#5234=ORIENTED_EDGE('',*,*,#3649,.F.);
#5235=ORIENTED_EDGE('',*,*,#3648,.T.);
#5236=ORIENTED_EDGE('',*,*,#3650,.F.);
#5237=ORIENTED_EDGE('',*,*,#3651,.F.);
#5238=ORIENTED_EDGE('',*,*,#3652,.F.);
#5239=ORIENTED_EDGE('',*,*,#3651,.T.);
#5240=ORIENTED_EDGE('',*,*,#3653,.F.);
#5241=ORIENTED_EDGE('',*,*,#3640,.F.);
#5242=ORIENTED_EDGE('',*,*,#3068,.F.);
#5243=ORIENTED_EDGE('',*,*,#3654,.T.);
#5244=ORIENTED_EDGE('',*,*,#3655,.F.);
#5245=ORIENTED_EDGE('',*,*,#3656,.F.);
#5246=ORIENTED_EDGE('',*,*,#3069,.F.);
#5247=ORIENTED_EDGE('',*,*,#3656,.T.);
#5248=ORIENTED_EDGE('',*,*,#3657,.F.);
#5249=ORIENTED_EDGE('',*,*,#3658,.F.);
#5250=ORIENTED_EDGE('',*,*,#3070,.F.);
#5251=ORIENTED_EDGE('',*,*,#3658,.T.);
#5252=ORIENTED_EDGE('',*,*,#3659,.F.);
#5253=ORIENTED_EDGE('',*,*,#3660,.F.);
#5254=ORIENTED_EDGE('',*,*,#3071,.F.);
#5255=ORIENTED_EDGE('',*,*,#3660,.T.);
#5256=ORIENTED_EDGE('',*,*,#3661,.F.);
#5257=ORIENTED_EDGE('',*,*,#3662,.F.);
#5258=ORIENTED_EDGE('',*,*,#3072,.F.);
#5259=ORIENTED_EDGE('',*,*,#3662,.T.);
#5260=ORIENTED_EDGE('',*,*,#3663,.F.);
#5261=ORIENTED_EDGE('',*,*,#3664,.F.);
#5262=ORIENTED_EDGE('',*,*,#3073,.F.);
#5263=ORIENTED_EDGE('',*,*,#3664,.T.);
#5264=ORIENTED_EDGE('',*,*,#3665,.F.);
#5265=ORIENTED_EDGE('',*,*,#3666,.F.);
#5266=ORIENTED_EDGE('',*,*,#3074,.F.);
#5267=ORIENTED_EDGE('',*,*,#3666,.T.);
#5268=ORIENTED_EDGE('',*,*,#3667,.F.);
#5269=ORIENTED_EDGE('',*,*,#3668,.F.);
#5270=ORIENTED_EDGE('',*,*,#3075,.F.);
#5271=ORIENTED_EDGE('',*,*,#3668,.T.);
#5272=ORIENTED_EDGE('',*,*,#3669,.F.);
#5273=ORIENTED_EDGE('',*,*,#3654,.F.);
#5274=ORIENTED_EDGE('',*,*,#3669,.T.);
#5275=ORIENTED_EDGE('',*,*,#3667,.T.);
#5276=ORIENTED_EDGE('',*,*,#3665,.T.);
#5277=ORIENTED_EDGE('',*,*,#3663,.T.);
#5278=ORIENTED_EDGE('',*,*,#3661,.T.);
#5279=ORIENTED_EDGE('',*,*,#3659,.T.);
#5280=ORIENTED_EDGE('',*,*,#3657,.T.);
#5281=ORIENTED_EDGE('',*,*,#3655,.T.);
#5282=ORIENTED_EDGE('',*,*,#3653,.T.);
#5283=ORIENTED_EDGE('',*,*,#3650,.T.);
#5284=ORIENTED_EDGE('',*,*,#3647,.T.);
#5285=ORIENTED_EDGE('',*,*,#3644,.T.);
#5286=ORIENTED_EDGE('',*,*,#3641,.T.);
#5287=ORIENTED_EDGE('',*,*,#3349,.T.);
#5288=ORIENTED_EDGE('',*,*,#3353,.T.);
#5289=ORIENTED_EDGE('',*,*,#3356,.T.);
#5290=ORIENTED_EDGE('',*,*,#3359,.T.);
#5291=ORIENTED_EDGE('',*,*,#3362,.T.);
#5292=ORIENTED_EDGE('',*,*,#3365,.T.);
#5293=ORIENTED_EDGE('',*,*,#3368,.T.);
#5294=ORIENTED_EDGE('',*,*,#3371,.T.);
#5295=ORIENTED_EDGE('',*,*,#3374,.T.);
#5296=ORIENTED_EDGE('',*,*,#3377,.T.);
#5297=ORIENTED_EDGE('',*,*,#3061,.F.);
#5298=ORIENTED_EDGE('',*,*,#3670,.T.);
#5299=ORIENTED_EDGE('',*,*,#3671,.F.);
#5300=ORIENTED_EDGE('',*,*,#3672,.F.);
#5301=ORIENTED_EDGE('',*,*,#3673,.T.);
#5302=ORIENTED_EDGE('',*,*,#3671,.T.);
#5303=ORIENTED_EDGE('',*,*,#3674,.T.);
#5304=ORIENTED_EDGE('',*,*,#3675,.F.);
#5305=ORIENTED_EDGE('',*,*,#3639,.T.);
#5306=ORIENTED_EDGE('',*,*,#3643,.T.);
#5307=ORIENTED_EDGE('',*,*,#3646,.T.);
#5308=ORIENTED_EDGE('',*,*,#3649,.T.);
#5309=ORIENTED_EDGE('',*,*,#3652,.T.);
#5310=ORIENTED_EDGE('',*,*,#3063,.F.);
#5311=ORIENTED_EDGE('',*,*,#3676,.T.);
#5312=ORIENTED_EDGE('',*,*,#3677,.F.);
#5313=ORIENTED_EDGE('',*,*,#3678,.F.);
#5314=ORIENTED_EDGE('',*,*,#3060,.F.);
#5315=ORIENTED_EDGE('',*,*,#3678,.T.);
#5316=ORIENTED_EDGE('',*,*,#3679,.F.);
#5317=ORIENTED_EDGE('',*,*,#3680,.F.);
#5318=ORIENTED_EDGE('',*,*,#3674,.F.);
#5319=ORIENTED_EDGE('',*,*,#3670,.F.);
#5320=ORIENTED_EDGE('',*,*,#3675,.T.);
#5321=ORIENTED_EDGE('',*,*,#3680,.T.);
#5322=ORIENTED_EDGE('',*,*,#3681,.F.);
#5323=ORIENTED_EDGE('',*,*,#3682,.F.);
#5324=ORIENTED_EDGE('',*,*,#3062,.F.);
#5325=ORIENTED_EDGE('',*,*,#3672,.T.);
#5326=ORIENTED_EDGE('',*,*,#3673,.F.);
#5327=ORIENTED_EDGE('',*,*,#3682,.T.);
#5328=ORIENTED_EDGE('',*,*,#3683,.F.);
#5329=ORIENTED_EDGE('',*,*,#3676,.F.);
#5330=ORIENTED_EDGE('',*,*,#3683,.T.);
#5331=ORIENTED_EDGE('',*,*,#3681,.T.);
#5332=ORIENTED_EDGE('',*,*,#3679,.T.);
#5333=ORIENTED_EDGE('',*,*,#3677,.T.);
#5334=ORIENTED_EDGE('',*,*,#3684,.T.);
#5335=ORIENTED_EDGE('',*,*,#3685,.T.);
#5336=ORIENTED_EDGE('',*,*,#3686,.T.);
#5337=ORIENTED_EDGE('',*,*,#3687,.T.);
#5338=ORIENTED_EDGE('',*,*,#3684,.F.);
#5339=ORIENTED_EDGE('',*,*,#3688,.T.);
#5340=ORIENTED_EDGE('',*,*,#3689,.F.);
#5341=ORIENTED_EDGE('',*,*,#3690,.T.);
#5342=ORIENTED_EDGE('',*,*,#3691,.F.);
#5343=ORIENTED_EDGE('',*,*,#3692,.T.);
#5344=ORIENTED_EDGE('',*,*,#3693,.F.);
#5345=ORIENTED_EDGE('',*,*,#3694,.T.);
#5346=ORIENTED_EDGE('',*,*,#3695,.T.);
#5347=ORIENTED_EDGE('',*,*,#3696,.T.);
#5348=ORIENTED_EDGE('',*,*,#3697,.T.);
#5349=ORIENTED_EDGE('',*,*,#3698,.T.);
#5350=ORIENTED_EDGE('',*,*,#3687,.F.);
#5351=ORIENTED_EDGE('',*,*,#3699,.F.);
#5352=ORIENTED_EDGE('',*,*,#3700,.F.);
#5353=ORIENTED_EDGE('',*,*,#3688,.F.);
#5354=ORIENTED_EDGE('',*,*,#3689,.T.);
#5355=ORIENTED_EDGE('',*,*,#3700,.T.);
#5356=ORIENTED_EDGE('',*,*,#3701,.T.);
#5357=ORIENTED_EDGE('',*,*,#3702,.T.);
#5358=ORIENTED_EDGE('',*,*,#3693,.T.);
#5359=ORIENTED_EDGE('',*,*,#3703,.T.);
#5360=ORIENTED_EDGE('',*,*,#3704,.T.);
#5361=ORIENTED_EDGE('',*,*,#3705,.T.);
#5362=ORIENTED_EDGE('',*,*,#3703,.F.);
#5363=ORIENTED_EDGE('',*,*,#3692,.F.);
#5364=ORIENTED_EDGE('',*,*,#3706,.F.);
#5365=ORIENTED_EDGE('',*,*,#3707,.F.);
#5366=ORIENTED_EDGE('',*,*,#3691,.T.);
#5367=ORIENTED_EDGE('',*,*,#3708,.T.);
#5368=ORIENTED_EDGE('',*,*,#3709,.T.);
#5369=ORIENTED_EDGE('',*,*,#3706,.T.);
#5370=ORIENTED_EDGE('',*,*,#3710,.T.);
#5371=ORIENTED_EDGE('',*,*,#3711,.T.);
#5372=ORIENTED_EDGE('',*,*,#3712,.T.);
#5373=ORIENTED_EDGE('',*,*,#3711,.F.);
#5374=ORIENTED_EDGE('',*,*,#3712,.F.);
#5375=ORIENTED_EDGE('',*,*,#3713,.T.);
#5376=ORIENTED_EDGE('',*,*,#3695,.F.);
#5377=ORIENTED_EDGE('',*,*,#3713,.F.);
#5378=ORIENTED_EDGE('',*,*,#3710,.F.);
#5379=ORIENTED_EDGE('',*,*,#3714,.T.);
#5380=ORIENTED_EDGE('',*,*,#3715,.T.);
#5381=ORIENTED_EDGE('',*,*,#3716,.T.);
#5382=ORIENTED_EDGE('',*,*,#3715,.F.);
#5383=ORIENTED_EDGE('',*,*,#3716,.F.);
#5384=ORIENTED_EDGE('',*,*,#3717,.T.);
#5385=ORIENTED_EDGE('',*,*,#3697,.F.);
#5386=ORIENTED_EDGE('',*,*,#3717,.F.);
#5387=ORIENTED_EDGE('',*,*,#3714,.F.);
#5388=ORIENTED_EDGE('',*,*,#3718,.T.);
#5389=ORIENTED_EDGE('',*,*,#3719,.T.);
#5390=ORIENTED_EDGE('',*,*,#3720,.T.);
#5391=ORIENTED_EDGE('',*,*,#3719,.F.);
#5392=ORIENTED_EDGE('',*,*,#3720,.F.);
#5393=ORIENTED_EDGE('',*,*,#3721,.T.);
#5394=ORIENTED_EDGE('',*,*,#3698,.F.);
#5395=ORIENTED_EDGE('',*,*,#3721,.F.);
#5396=ORIENTED_EDGE('',*,*,#3718,.F.);
#5397=ORIENTED_EDGE('',*,*,#3722,.T.);
#5398=ORIENTED_EDGE('',*,*,#3723,.T.);
#5399=ORIENTED_EDGE('',*,*,#3724,.T.);
#5400=ORIENTED_EDGE('',*,*,#3723,.F.);
#5401=ORIENTED_EDGE('',*,*,#3724,.F.);
#5402=ORIENTED_EDGE('',*,*,#3725,.T.);
#5403=ORIENTED_EDGE('',*,*,#3696,.F.);
#5404=ORIENTED_EDGE('',*,*,#3725,.F.);
#5405=ORIENTED_EDGE('',*,*,#3722,.F.);
#5406=ORIENTED_EDGE('',*,*,#3702,.F.);
#5407=ORIENTED_EDGE('',*,*,#3726,.F.);
#5408=ORIENTED_EDGE('',*,*,#3708,.F.);
#5409=ORIENTED_EDGE('',*,*,#3690,.F.);
#5410=ORIENTED_EDGE('',*,*,#3707,.T.);
#5411=ORIENTED_EDGE('',*,*,#3709,.F.);
#5412=ORIENTED_EDGE('',*,*,#3726,.T.);
#5413=ORIENTED_EDGE('',*,*,#3701,.F.);
#5414=ORIENTED_EDGE('',*,*,#3699,.T.);
#5415=ORIENTED_EDGE('',*,*,#3686,.F.);
#5416=ORIENTED_EDGE('',*,*,#3727,.T.);
#5417=ORIENTED_EDGE('',*,*,#3728,.T.);
#5418=ORIENTED_EDGE('',*,*,#3729,.T.);
#5419=ORIENTED_EDGE('',*,*,#3730,.T.);
#5420=ORIENTED_EDGE('',*,*,#3731,.T.);
#5421=ORIENTED_EDGE('',*,*,#3704,.F.);
#5422=ORIENTED_EDGE('',*,*,#3732,.T.);
#5423=ORIENTED_EDGE('',*,*,#3733,.T.);
#5424=ORIENTED_EDGE('',*,*,#3734,.T.);
#5425=ORIENTED_EDGE('',*,*,#3735,.T.);
#5426=ORIENTED_EDGE('',*,*,#3732,.F.);
#5427=ORIENTED_EDGE('',*,*,#3736,.T.);
#5428=ORIENTED_EDGE('',*,*,#3067,.F.);
#5429=ORIENTED_EDGE('',*,*,#3736,.F.);
#5430=ORIENTED_EDGE('',*,*,#3733,.F.);
#5431=ORIENTED_EDGE('',*,*,#3737,.T.);
#5432=ORIENTED_EDGE('',*,*,#3066,.F.);
#5433=ORIENTED_EDGE('',*,*,#3737,.F.);
#5434=ORIENTED_EDGE('',*,*,#3734,.F.);
#5435=ORIENTED_EDGE('',*,*,#3738,.T.);
#5436=ORIENTED_EDGE('',*,*,#3065,.F.);
#5437=ORIENTED_EDGE('',*,*,#3738,.F.);
#5438=ORIENTED_EDGE('',*,*,#3735,.F.);
#5439=ORIENTED_EDGE('',*,*,#3739,.T.);
#5440=ORIENTED_EDGE('',*,*,#3064,.F.);
#5441=ORIENTED_EDGE('',*,*,#3739,.F.);
#5442=ORIENTED_EDGE('',*,*,#2890,.T.);
#5443=ORIENTED_EDGE('',*,*,#3740,.T.);
#5444=ORIENTED_EDGE('',*,*,#3730,.F.);
#5445=ORIENTED_EDGE('',*,*,#3741,.F.);
#5446=ORIENTED_EDGE('',*,*,#2891,.T.);
#5447=ORIENTED_EDGE('',*,*,#3741,.T.);
#5448=ORIENTED_EDGE('',*,*,#3729,.F.);
#5449=ORIENTED_EDGE('',*,*,#3742,.F.);
#5450=ORIENTED_EDGE('',*,*,#2892,.T.);
#5451=ORIENTED_EDGE('',*,*,#3742,.T.);
#5452=ORIENTED_EDGE('',*,*,#3728,.F.);
#5453=ORIENTED_EDGE('',*,*,#3743,.F.);
#5454=ORIENTED_EDGE('',*,*,#3685,.F.);
#5455=ORIENTED_EDGE('',*,*,#3694,.F.);
#5456=ORIENTED_EDGE('',*,*,#3705,.F.);
#5457=ORIENTED_EDGE('',*,*,#3731,.F.);
#5458=ORIENTED_EDGE('',*,*,#3740,.F.);
#5459=ORIENTED_EDGE('',*,*,#2889,.T.);
#5460=ORIENTED_EDGE('',*,*,#3743,.T.);
#5461=ORIENTED_EDGE('',*,*,#3727,.F.);
#5462=TOROIDAL_SURFACE('',#5826,0.925,0.5);
#5463=TOROIDAL_SURFACE('',#5841,0.925,0.5);
#5464=TOROIDAL_SURFACE('',#5847,0.925,0.5);
#5465=TOROIDAL_SURFACE('',#5853,0.925,0.5);
#5466=TOROIDAL_SURFACE('',#5859,0.225,0.2);
#5467=TOROIDAL_SURFACE('',#5863,0.225,0.2);
#5468=TOROIDAL_SURFACE('',#5867,0.225,0.2);
#5469=TOROIDAL_SURFACE('',#5871,0.225,0.2);
#5470=STYLED_ITEM('',(#11713),#5497);
#5471=STYLED_ITEM('',(#11714),#5498);
#5472=STYLED_ITEM('',(#11713),#5500);
#5473=STYLED_ITEM('',(#11713),#5502);
#5474=STYLED_ITEM('',(#11713),#5504);
#5475=STYLED_ITEM('',(#11713),#5549);
#5476=STYLED_ITEM('',(#11713),#5572);
#5477=STYLED_ITEM('',(#11713),#5579);
#5478=STYLED_ITEM('',(#11713),#5589);
#5479=STYLED_ITEM('',(#11713),#5612);
#5480=STYLED_ITEM('',(#11713),#5635);
#5481=STYLED_ITEM('',(#11713),#5647);
#5482=STYLED_ITEM('',(#11713),#5677);
#5483=STYLED_ITEM('',(#11713),#5700);
#5484=STYLED_ITEM('',(#11713),#5723);
#5485=STYLED_ITEM('',(#11713),#5759);
#5486=STYLED_ITEM('',(#11713),#5773);
#5487=STYLED_ITEM('',(#11715),#5776);
#5488=STYLED_ITEM('',(#11715),#5778);
#5489=STYLED_ITEM('',(#11715),#5779);
#5490=STYLED_ITEM('',(#11715),#5781);
#5491=STYLED_ITEM('',(#11716),#5782);
#5492=STYLED_ITEM('',(#11714),#5808);
#5493=STYLED_ITEM('',(#11714),#5809);
#5494=STYLED_ITEM('',(#11714),#5810);
#5495=STYLED_ITEM('',(#11714),#5811);
#5496=STYLED_ITEM('',(#11712),#13);
#5497=ADVANCED_FACE('',(#1605),#5462,.F.);
#5498=ADVANCED_FACE('',(#1606,#585,#586,#587,#588,#589,#590,#591,#592,#593,
#594,#595,#596,#597,#598,#599,#600,#601,#602,#603,#604,#605),#1499,.T.);
#5499=ADVANCED_FACE('',(#1607),#203,.T.);
#5500=ADVANCED_FACE('',(#1608),#5463,.F.);
#5501=ADVANCED_FACE('',(#1609),#204,.T.);
#5502=ADVANCED_FACE('',(#1610),#5464,.F.);
#5503=ADVANCED_FACE('',(#1611),#205,.T.);
#5504=ADVANCED_FACE('',(#1612),#5465,.F.);
#5505=ADVANCED_FACE('',(#1613),#206,.T.);
#5506=ADVANCED_FACE('',(#1614),#5466,.T.);
#5507=ADVANCED_FACE('',(#1615),#1500,.T.);
#5508=ADVANCED_FACE('',(#1616),#5467,.T.);
#5509=ADVANCED_FACE('',(#1617),#1501,.T.);
#5510=ADVANCED_FACE('',(#1618),#5468,.T.);
#5511=ADVANCED_FACE('',(#1619),#1502,.T.);
#5512=ADVANCED_FACE('',(#1620),#5469,.T.);
#5513=ADVANCED_FACE('',(#1621),#1503,.T.);
#5514=ADVANCED_FACE('',(#1622),#1504,.T.);
#5515=ADVANCED_FACE('',(#1623),#18,.T.);
#5516=ADVANCED_FACE('',(#1624),#19,.T.);
#5517=ADVANCED_FACE('',(#1625),#20,.T.);
#5518=ADVANCED_FACE('',(#1626),#21,.T.);
#5519=ADVANCED_FACE('',(#1627),#22,.T.);
#5520=ADVANCED_FACE('',(#1628),#23,.T.);
#5521=ADVANCED_FACE('',(#1629),#24,.T.);
#5522=ADVANCED_FACE('',(#1630),#25,.T.);
#5523=ADVANCED_FACE('',(#1631),#26,.T.);
#5524=ADVANCED_FACE('',(#1632),#27,.T.);
#5525=ADVANCED_FACE('',(#1633),#28,.T.);
#5526=ADVANCED_FACE('',(#1634),#29,.T.);
#5527=ADVANCED_FACE('',(#1635),#30,.T.);
#5528=ADVANCED_FACE('',(#1636),#31,.T.);
#5529=ADVANCED_FACE('',(#1637),#32,.T.);
#5530=ADVANCED_FACE('',(#1638),#33,.T.);
#5531=ADVANCED_FACE('',(#1639),#34,.T.);
#5532=ADVANCED_FACE('',(#1640),#35,.T.);
#5533=ADVANCED_FACE('',(#1641),#1505,.T.);
#5534=ADVANCED_FACE('',(#1642),#36,.T.);
#5535=ADVANCED_FACE('',(#1643),#37,.T.);
#5536=ADVANCED_FACE('',(#1644),#38,.T.);
#5537=ADVANCED_FACE('',(#1645),#39,.T.);
#5538=ADVANCED_FACE('',(#1646),#40,.T.);
#5539=ADVANCED_FACE('',(#1647),#41,.T.);
#5540=ADVANCED_FACE('',(#1648),#42,.T.);
#5541=ADVANCED_FACE('',(#1649),#43,.T.);
#5542=ADVANCED_FACE('',(#1650),#44,.T.);
#5543=ADVANCED_FACE('',(#1651),#45,.T.);
#5544=ADVANCED_FACE('',(#1652),#46,.T.);
#5545=ADVANCED_FACE('',(#1653),#47,.T.);
#5546=ADVANCED_FACE('',(#1654),#48,.T.);
#5547=ADVANCED_FACE('',(#1655),#49,.T.);
#5548=ADVANCED_FACE('',(#1656),#50,.T.);
#5549=ADVANCED_FACE('',(#1657),#1506,.T.);
#5550=ADVANCED_FACE('',(#1658),#1507,.T.);
#5551=ADVANCED_FACE('',(#1659),#51,.T.);
#5552=ADVANCED_FACE('',(#1660),#52,.T.);
#5553=ADVANCED_FACE('',(#1661),#53,.T.);
#5554=ADVANCED_FACE('',(#1662),#54,.T.);
#5555=ADVANCED_FACE('',(#1663),#55,.T.);
#5556=ADVANCED_FACE('',(#1664),#56,.T.);
#5557=ADVANCED_FACE('',(#1665),#57,.T.);
#5558=ADVANCED_FACE('',(#1666),#1508,.T.);
#5559=ADVANCED_FACE('',(#1667),#1509,.T.);
#5560=ADVANCED_FACE('',(#1668),#1510,.T.);
#5561=ADVANCED_FACE('',(#1669),#1511,.T.);
#5562=ADVANCED_FACE('',(#1670),#58,.T.);
#5563=ADVANCED_FACE('',(#1671),#59,.T.);
#5564=ADVANCED_FACE('',(#1672),#60,.T.);
#5565=ADVANCED_FACE('',(#1673),#61,.T.);
#5566=ADVANCED_FACE('',(#1674),#62,.T.);
#5567=ADVANCED_FACE('',(#1675),#63,.T.);
#5568=ADVANCED_FACE('',(#1676),#64,.T.);
#5569=ADVANCED_FACE('',(#1677),#65,.T.);
#5570=ADVANCED_FACE('',(#1678),#66,.T.);
#5571=ADVANCED_FACE('',(#1679),#1512,.T.);
#5572=ADVANCED_FACE('',(#1680,#606),#1513,.T.);
#5573=ADVANCED_FACE('',(#1681),#1514,.T.);
#5574=ADVANCED_FACE('',(#1682),#1515,.T.);
#5575=ADVANCED_FACE('',(#1683),#1516,.T.);
#5576=ADVANCED_FACE('',(#1684),#1517,.T.);
#5577=ADVANCED_FACE('',(#1685),#1518,.T.);
#5578=ADVANCED_FACE('',(#1686),#1519,.T.);
#5579=ADVANCED_FACE('',(#1687),#1520,.T.);
#5580=ADVANCED_FACE('',(#1688),#1521,.T.);
#5581=ADVANCED_FACE('',(#1689),#1522,.T.);
#5582=ADVANCED_FACE('',(#1690),#1523,.T.);
#5583=ADVANCED_FACE('',(#1691),#67,.T.);
#5584=ADVANCED_FACE('',(#1692),#68,.T.);
#5585=ADVANCED_FACE('',(#1693),#1524,.T.);
#5586=ADVANCED_FACE('',(#1694),#1525,.T.);
#5587=ADVANCED_FACE('',(#1695),#1526,.T.);
#5588=ADVANCED_FACE('',(#1696),#1527,.T.);
#5589=ADVANCED_FACE('',(#1697),#1528,.T.);
#5590=ADVANCED_FACE('',(#1698),#1529,.T.);
#5591=ADVANCED_FACE('',(#1699),#69,.T.);
#5592=ADVANCED_FACE('',(#1700),#70,.T.);
#5593=ADVANCED_FACE('',(#1701),#71,.T.);
#5594=ADVANCED_FACE('',(#1702),#72,.T.);
#5595=ADVANCED_FACE('',(#1703),#73,.T.);
#5596=ADVANCED_FACE('',(#1704),#74,.T.);
#5597=ADVANCED_FACE('',(#1705),#75,.T.);
#5598=ADVANCED_FACE('',(#1706),#76,.T.);
#5599=ADVANCED_FACE('',(#1707),#77,.T.);
#5600=ADVANCED_FACE('',(#1708),#78,.T.);
#5601=ADVANCED_FACE('',(#1709),#1530,.T.);
#5602=ADVANCED_FACE('',(#1710),#79,.T.);
#5603=ADVANCED_FACE('',(#1711),#80,.T.);
#5604=ADVANCED_FACE('',(#1712),#81,.T.);
#5605=ADVANCED_FACE('',(#1713),#82,.T.);
#5606=ADVANCED_FACE('',(#1714),#83,.T.);
#5607=ADVANCED_FACE('',(#1715),#84,.T.);
#5608=ADVANCED_FACE('',(#1716),#85,.T.);
#5609=ADVANCED_FACE('',(#1717),#86,.T.);
#5610=ADVANCED_FACE('',(#1718),#87,.T.);
#5611=ADVANCED_FACE('',(#1719),#88,.T.);
#5612=ADVANCED_FACE('',(#1720),#1531,.T.);
#5613=ADVANCED_FACE('',(#1721),#1532,.T.);
#5614=ADVANCED_FACE('',(#1722),#89,.T.);
#5615=ADVANCED_FACE('',(#1723),#90,.T.);
#5616=ADVANCED_FACE('',(#1724),#91,.T.);
#5617=ADVANCED_FACE('',(#1725),#92,.T.);
#5618=ADVANCED_FACE('',(#1726),#93,.T.);
#5619=ADVANCED_FACE('',(#1727),#94,.T.);
#5620=ADVANCED_FACE('',(#1728),#95,.T.);
#5621=ADVANCED_FACE('',(#1729),#1533,.T.);
#5622=ADVANCED_FACE('',(#1730),#1534,.T.);
#5623=ADVANCED_FACE('',(#1731),#1535,.T.);
#5624=ADVANCED_FACE('',(#1732),#1536,.T.);
#5625=ADVANCED_FACE('',(#1733),#96,.T.);
#5626=ADVANCED_FACE('',(#1734),#97,.T.);
#5627=ADVANCED_FACE('',(#1735),#98,.T.);
#5628=ADVANCED_FACE('',(#1736),#99,.T.);
#5629=ADVANCED_FACE('',(#1737),#100,.T.);
#5630=ADVANCED_FACE('',(#1738),#101,.T.);
#5631=ADVANCED_FACE('',(#1739),#102,.T.);
#5632=ADVANCED_FACE('',(#1740),#103,.T.);
#5633=ADVANCED_FACE('',(#1741),#104,.T.);
#5634=ADVANCED_FACE('',(#1742),#1537,.T.);
#5635=ADVANCED_FACE('',(#1743,#607),#1538,.T.);
#5636=ADVANCED_FACE('',(#1744),#1539,.T.);
#5637=ADVANCED_FACE('',(#1745),#1540,.T.);
#5638=ADVANCED_FACE('',(#1746),#1541,.T.);
#5639=ADVANCED_FACE('',(#1747),#1542,.T.);
#5640=ADVANCED_FACE('',(#1748),#1543,.T.);
#5641=ADVANCED_FACE('',(#1749),#1544,.T.);
#5642=ADVANCED_FACE('',(#1750),#1545,.T.);
#5643=ADVANCED_FACE('',(#1751),#1546,.T.);
#5644=ADVANCED_FACE('',(#1752),#1547,.T.);
#5645=ADVANCED_FACE('',(#1753),#1548,.T.);
#5646=ADVANCED_FACE('',(#1754),#1549,.T.);
#5647=ADVANCED_FACE('',(#1755),#1550,.T.);
#5648=ADVANCED_FACE('',(#1756),#1551,.T.);
#5649=ADVANCED_FACE('',(#1757),#1552,.T.);
#5650=ADVANCED_FACE('',(#1758),#1553,.T.);
#5651=ADVANCED_FACE('',(#1759),#105,.T.);
#5652=ADVANCED_FACE('',(#1760),#106,.T.);
#5653=ADVANCED_FACE('',(#1761),#107,.T.);
#5654=ADVANCED_FACE('',(#1762),#108,.T.);
#5655=ADVANCED_FACE('',(#1763),#109,.T.);
#5656=ADVANCED_FACE('',(#1764),#110,.T.);
#5657=ADVANCED_FACE('',(#1765),#111,.T.);
#5658=ADVANCED_FACE('',(#1766),#112,.T.);
#5659=ADVANCED_FACE('',(#1767),#113,.T.);
#5660=ADVANCED_FACE('',(#1768),#114,.T.);
#5661=ADVANCED_FACE('',(#1769),#115,.T.);
#5662=ADVANCED_FACE('',(#1770),#1554,.T.);
#5663=ADVANCED_FACE('',(#1771),#116,.T.);
#5664=ADVANCED_FACE('',(#1772),#117,.T.);
#5665=ADVANCED_FACE('',(#1773),#118,.T.);
#5666=ADVANCED_FACE('',(#1774),#119,.T.);
#5667=ADVANCED_FACE('',(#1775),#120,.T.);
#5668=ADVANCED_FACE('',(#1776),#121,.T.);
#5669=ADVANCED_FACE('',(#1777),#122,.T.);
#5670=ADVANCED_FACE('',(#1778),#123,.T.);
#5671=ADVANCED_FACE('',(#1779),#124,.T.);
#5672=ADVANCED_FACE('',(#1780),#125,.T.);
#5673=ADVANCED_FACE('',(#1781),#126,.T.);
#5674=ADVANCED_FACE('',(#1782),#127,.T.);
#5675=ADVANCED_FACE('',(#1783),#1555,.T.);
#5676=ADVANCED_FACE('',(#1784),#1556,.T.);
#5677=ADVANCED_FACE('',(#1785),#1557,.T.);
#5678=ADVANCED_FACE('',(#1786),#1558,.T.);
#5679=ADVANCED_FACE('',(#1787),#128,.T.);
#5680=ADVANCED_FACE('',(#1788),#129,.T.);
#5681=ADVANCED_FACE('',(#1789),#130,.T.);
#5682=ADVANCED_FACE('',(#1790),#131,.T.);
#5683=ADVANCED_FACE('',(#1791),#132,.T.);
#5684=ADVANCED_FACE('',(#1792),#133,.T.);
#5685=ADVANCED_FACE('',(#1793),#134,.T.);
#5686=ADVANCED_FACE('',(#1794),#135,.T.);
#5687=ADVANCED_FACE('',(#1795),#136,.T.);
#5688=ADVANCED_FACE('',(#1796),#137,.T.);
#5689=ADVANCED_FACE('',(#1797),#1559,.T.);
#5690=ADVANCED_FACE('',(#1798),#138,.T.);
#5691=ADVANCED_FACE('',(#1799),#139,.T.);
#5692=ADVANCED_FACE('',(#1800),#140,.T.);
#5693=ADVANCED_FACE('',(#1801),#141,.T.);
#5694=ADVANCED_FACE('',(#1802),#142,.T.);
#5695=ADVANCED_FACE('',(#1803),#143,.T.);
#5696=ADVANCED_FACE('',(#1804),#144,.T.);
#5697=ADVANCED_FACE('',(#1805),#145,.T.);
#5698=ADVANCED_FACE('',(#1806),#146,.T.);
#5699=ADVANCED_FACE('',(#1807),#147,.T.);
#5700=ADVANCED_FACE('',(#1808),#1560,.T.);
#5701=ADVANCED_FACE('',(#1809),#1561,.T.);
#5702=ADVANCED_FACE('',(#1810),#148,.T.);
#5703=ADVANCED_FACE('',(#1811),#149,.T.);
#5704=ADVANCED_FACE('',(#1812),#150,.T.);
#5705=ADVANCED_FACE('',(#1813),#151,.T.);
#5706=ADVANCED_FACE('',(#1814),#152,.T.);
#5707=ADVANCED_FACE('',(#1815),#153,.T.);
#5708=ADVANCED_FACE('',(#1816),#154,.T.);
#5709=ADVANCED_FACE('',(#1817),#155,.T.);
#5710=ADVANCED_FACE('',(#1818),#156,.T.);
#5711=ADVANCED_FACE('',(#1819),#157,.T.);
#5712=ADVANCED_FACE('',(#1820),#1562,.T.);
#5713=ADVANCED_FACE('',(#1821),#158,.T.);
#5714=ADVANCED_FACE('',(#1822),#159,.T.);
#5715=ADVANCED_FACE('',(#1823),#160,.T.);
#5716=ADVANCED_FACE('',(#1824),#161,.T.);
#5717=ADVANCED_FACE('',(#1825),#162,.T.);
#5718=ADVANCED_FACE('',(#1826),#163,.T.);
#5719=ADVANCED_FACE('',(#1827),#164,.T.);
#5720=ADVANCED_FACE('',(#1828),#165,.T.);
#5721=ADVANCED_FACE('',(#1829),#166,.T.);
#5722=ADVANCED_FACE('',(#1830),#167,.T.);
#5723=ADVANCED_FACE('',(#1831),#1563,.T.);
#5724=ADVANCED_FACE('',(#1832),#1564,.T.);
#5725=ADVANCED_FACE('',(#1833),#168,.T.);
#5726=ADVANCED_FACE('',(#1834),#169,.T.);
#5727=ADVANCED_FACE('',(#1835),#170,.T.);
#5728=ADVANCED_FACE('',(#1836),#171,.T.);
#5729=ADVANCED_FACE('',(#1837),#172,.T.);
#5730=ADVANCED_FACE('',(#1838),#173,.T.);
#5731=ADVANCED_FACE('',(#1839),#174,.T.);
#5732=ADVANCED_FACE('',(#1840),#175,.T.);
#5733=ADVANCED_FACE('',(#1841),#176,.T.);
#5734=ADVANCED_FACE('',(#1842),#177,.T.);
#5735=ADVANCED_FACE('',(#1843),#178,.T.);
#5736=ADVANCED_FACE('',(#1844),#179,.T.);
#5737=ADVANCED_FACE('',(#1845),#180,.T.);
#5738=ADVANCED_FACE('',(#1846),#181,.T.);
#5739=ADVANCED_FACE('',(#1847),#182,.T.);
#5740=ADVANCED_FACE('',(#1848),#183,.T.);
#5741=ADVANCED_FACE('',(#1849),#184,.T.);
#5742=ADVANCED_FACE('',(#1850),#185,.T.);
#5743=ADVANCED_FACE('',(#1851),#1565,.T.);
#5744=ADVANCED_FACE('',(#1852),#186,.T.);
#5745=ADVANCED_FACE('',(#1853),#187,.T.);
#5746=ADVANCED_FACE('',(#1854),#188,.T.);
#5747=ADVANCED_FACE('',(#1855),#189,.T.);
#5748=ADVANCED_FACE('',(#1856),#190,.T.);
#5749=ADVANCED_FACE('',(#1857),#191,.T.);
#5750=ADVANCED_FACE('',(#1858),#192,.T.);
#5751=ADVANCED_FACE('',(#1859),#193,.T.);
#5752=ADVANCED_FACE('',(#1860),#194,.T.);
#5753=ADVANCED_FACE('',(#1861),#195,.T.);
#5754=ADVANCED_FACE('',(#1862),#196,.T.);
#5755=ADVANCED_FACE('',(#1863),#197,.T.);
#5756=ADVANCED_FACE('',(#1864),#198,.T.);
#5757=ADVANCED_FACE('',(#1865),#199,.T.);
#5758=ADVANCED_FACE('',(#1866),#200,.T.);
#5759=ADVANCED_FACE('',(#1867),#1566,.T.);
#5760=ADVANCED_FACE('',(#1868),#1567,.T.);
#5761=ADVANCED_FACE('',(#1869),#1568,.T.);
#5762=ADVANCED_FACE('',(#1870),#201,.T.);
#5763=ADVANCED_FACE('',(#1871),#202,.T.);
#5764=ADVANCED_FACE('',(#1872),#1569,.T.);
#5765=ADVANCED_FACE('',(#1873),#1570,.T.);
#5766=ADVANCED_FACE('',(#1874),#1571,.T.);
#5767=ADVANCED_FACE('',(#1875),#1572,.T.);
#5768=ADVANCED_FACE('',(#1876),#1573,.T.);
#5769=ADVANCED_FACE('',(#1877),#1574,.T.);
#5770=ADVANCED_FACE('',(#1878),#1575,.T.);
#5771=ADVANCED_FACE('',(#1879),#1576,.T.);
#5772=ADVANCED_FACE('',(#1880),#1577,.T.);
#5773=ADVANCED_FACE('',(#1881,#608),#1578,.T.);
#5774=ADVANCED_FACE('',(#1882),#1579,.T.);
#5775=ADVANCED_FACE('',(#1883),#1580,.T.);
#5776=ADVANCED_FACE('',(#1884),#1581,.T.);
#5777=ADVANCED_FACE('',(#1885),#1582,.T.);
#5778=ADVANCED_FACE('',(#1886),#1583,.T.);
#5779=ADVANCED_FACE('',(#1887),#1584,.T.);
#5780=ADVANCED_FACE('',(#1888),#1585,.T.);
#5781=ADVANCED_FACE('',(#1889),#1586,.T.);
#5782=ADVANCED_FACE('',(#1890),#1587,.T.);
#5783=ADVANCED_FACE('',(#1891),#1588,.T.);
#5784=ADVANCED_FACE('',(#1892,#609,#610,#611,#612),#1589,.T.);
#5785=ADVANCED_FACE('',(#1893),#1590,.T.);
#5786=ADVANCED_FACE('',(#1894),#1591,.T.);
#5787=ADVANCED_FACE('',(#1895),#1592,.T.);
#5788=ADVANCED_FACE('',(#1896),#1593,.T.);
#5789=ADVANCED_FACE('',(#1897),#1594,.T.);
#5790=ADVANCED_FACE('',(#1898),#14,.T.);
#5791=ADVANCED_FACE('',(#1899),#207,.T.);
#5792=ADVANCED_FACE('',(#1900),#1595,.T.);
#5793=ADVANCED_FACE('',(#1901),#15,.T.);
#5794=ADVANCED_FACE('',(#1902),#208,.T.);
#5795=ADVANCED_FACE('',(#1903),#1596,.T.);
#5796=ADVANCED_FACE('',(#1904),#16,.T.);
#5797=ADVANCED_FACE('',(#1905),#209,.T.);
#5798=ADVANCED_FACE('',(#1906),#1597,.T.);
#5799=ADVANCED_FACE('',(#1907),#17,.T.);
#5800=ADVANCED_FACE('',(#1908),#210,.T.);
#5801=ADVANCED_FACE('',(#1909),#1598,.T.);
#5802=ADVANCED_FACE('',(#1910),#1599,.T.);
#5803=ADVANCED_FACE('',(#1911,#613,#614,#615,#616),#1600,.F.);
#5804=ADVANCED_FACE('',(#1912),#211,.F.);
#5805=ADVANCED_FACE('',(#1913),#212,.F.);
#5806=ADVANCED_FACE('',(#1914),#213,.F.);
#5807=ADVANCED_FACE('',(#1915),#214,.F.);
#5808=ADVANCED_FACE('',(#1916),#1601,.T.);
#5809=ADVANCED_FACE('',(#1917),#1602,.T.);
#5810=ADVANCED_FACE('',(#1918),#1603,.T.);
#5811=ADVANCED_FACE('',(#1919),#1604,.T.);
#5812=CLOSED_SHELL('',(#5497,#5498,#5499,#5500,#5501,#5502,#5503,#5504,
#5505,#5506,#5507,#5508,#5509,#5510,#5511,#5512,#5513,#5514,#5515,#5516,
#5517,#5518,#5519,#5520,#5521,#5522,#5523,#5524,#5525,#5526,#5527,#5528,
#5529,#5530,#5531,#5532,#5533,#5534,#5535,#5536,#5537,#5538,#5539,#5540,
#5541,#5542,#5543,#5544,#5545,#5546,#5547,#5548,#5549,#5550,#5551,#5552,
#5553,#5554,#5555,#5556,#5557,#5558,#5559,#5560,#5561,#5562,#5563,#5564,
#5565,#5566,#5567,#5568,#5569,#5570,#5571,#5572,#5573,#5574,#5575,#5576,
#5577,#5578,#5579,#5580,#5581,#5582,#5583,#5584,#5585,#5586,#5587,#5588,
#5589,#5590,#5591,#5592,#5593,#5594,#5595,#5596,#5597,#5598,#5599,#5600,
#5601,#5602,#5603,#5604,#5605,#5606,#5607,#5608,#5609,#5610,#5611,#5612,
#5613,#5614,#5615,#5616,#5617,#5618,#5619,#5620,#5621,#5622,#5623,#5624,
#5625,#5626,#5627,#5628,#5629,#5630,#5631,#5632,#5633,#5634,#5635,#5636,
#5637,#5638,#5639,#5640,#5641,#5642,#5643,#5644,#5645,#5646,#5647,#5648,
#5649,#5650,#5651,#5652,#5653,#5654,#5655,#5656,#5657,#5658,#5659,#5660,
#5661,#5662,#5663,#5664,#5665,#5666,#5667,#5668,#5669,#5670,#5671,#5672,
#5673,#5674,#5675,#5676,#5677,#5678,#5679,#5680,#5681,#5682,#5683,#5684,
#5685,#5686,#5687,#5688,#5689,#5690,#5691,#5692,#5693,#5694,#5695,#5696,
#5697,#5698,#5699,#5700,#5701,#5702,#5703,#5704,#5705,#5706,#5707,#5708,
#5709,#5710,#5711,#5712,#5713,#5714,#5715,#5716,#5717,#5718,#5719,#5720,
#5721,#5722,#5723,#5724,#5725,#5726,#5727,#5728,#5729,#5730,#5731,#5732,
#5733,#5734,#5735,#5736,#5737,#5738,#5739,#5740,#5741,#5742,#5743,#5744,
#5745,#5746,#5747,#5748,#5749,#5750,#5751,#5752,#5753,#5754,#5755,#5756,
#5757,#5758,#5759,#5760,#5761,#5762,#5763,#5764,#5765,#5766,#5767,#5768,
#5769,#5770,#5771,#5772,#5773,#5774,#5775,#5776,#5777,#5778,#5779,#5780,
#5781,#5782,#5783,#5784,#5785,#5786,#5787,#5788,#5789,#5790,#5791,#5792,
#5793,#5794,#5795,#5796,#5797,#5798,#5799,#5800,#5801,#5802,#5803,#5804,
#5805,#5806,#5807,#5808,#5809,#5810,#5811));
#5813=DERIVED_UNIT_ELEMENT(#5815,1.);
#5814=DERIVED_UNIT_ELEMENT(#11698,-3.);
#5815=(
MASS_UNIT()
NAMED_UNIT(*)
SI_UNIT(.KILO.,.GRAM.)
);
#5816=DERIVED_UNIT((#5813,#5814));
#5817=MEASURE_REPRESENTATION_ITEM('density measure',
POSITIVE_RATIO_MEASURE(1060.),#5816);
#5818=PROPERTY_DEFINITION_REPRESENTATION(#5823,#5820);
#5819=PROPERTY_DEFINITION_REPRESENTATION(#5824,#5821);
#5820=REPRESENTATION('material name',(#5822),#11695);
#5821=REPRESENTATION('density',(#5817),#11695);
#5822=DESCRIPTIVE_REPRESENTATION_ITEM('ABS-Kunststoff','ABS-Kunststoff');
#5823=PROPERTY_DEFINITION('material property','material name',#11705);
#5824=PROPERTY_DEFINITION('material property','density of part',#11705);
#5825=AXIS2_PLACEMENT_3D('',#6803,#6004,#6005);
#5826=AXIS2_PLACEMENT_3D('',#6804,#6006,#6007);
#5827=AXIS2_PLACEMENT_3D('',#6807,#6008,#6009);
#5828=AXIS2_PLACEMENT_3D('',#6809,#6010,#6011);
#5829=AXIS2_PLACEMENT_3D('',#6810,#6012,#6013);
#5830=AXIS2_PLACEMENT_3D('',#6811,#6014,#6015);
#5831=AXIS2_PLACEMENT_3D('',#6812,#6016,#6017);
#5832=AXIS2_PLACEMENT_3D('',#6822,#6022,#6023);
#5833=AXIS2_PLACEMENT_3D('',#6824,#6024,#6025);
#5834=AXIS2_PLACEMENT_3D('',#7716,#6057,#6058);
#5835=AXIS2_PLACEMENT_3D('',#7718,#6059,#6060);
#5836=AXIS2_PLACEMENT_3D('',#7720,#6061,#6062);
#5837=AXIS2_PLACEMENT_3D('',#7722,#6063,#6064);
#5838=AXIS2_PLACEMENT_3D('',#7962,#6091,#6092);
#5839=AXIS2_PLACEMENT_3D('',#7963,#6093,#6094);
#5840=AXIS2_PLACEMENT_3D('',#7965,#6095,#6096);
#5841=AXIS2_PLACEMENT_3D('',#7967,#6098,#6099);
#5842=AXIS2_PLACEMENT_3D('',#7970,#6100,#6101);
#5843=AXIS2_PLACEMENT_3D('',#7971,#6102,#6103);
#5844=AXIS2_PLACEMENT_3D('',#7972,#6104,#6105);
#5845=AXIS2_PLACEMENT_3D('',#7973,#6106,#6107);
#5846=AXIS2_PLACEMENT_3D('',#7975,#6108,#6109);
#5847=AXIS2_PLACEMENT_3D('',#7977,#6111,#6112);
#5848=AXIS2_PLACEMENT_3D('',#7980,#6113,#6114);
#5849=AXIS2_PLACEMENT_3D('',#7981,#6115,#6116);
#5850=AXIS2_PLACEMENT_3D('',#7982,#6117,#6118);
#5851=AXIS2_PLACEMENT_3D('',#7983,#6119,#6120);
#5852=AXIS2_PLACEMENT_3D('',#7985,#6121,#6122);
#5853=AXIS2_PLACEMENT_3D('',#7987,#6124,#6125);
#5854=AXIS2_PLACEMENT_3D('',#7990,#6126,#6127);
#5855=AXIS2_PLACEMENT_3D('',#7991,#6128,#6129);
#5856=AXIS2_PLACEMENT_3D('',#7992,#6130,#6131);
#5857=AXIS2_PLACEMENT_3D('',#7993,#6132,#6133);
#5858=AXIS2_PLACEMENT_3D('',#7995,#6134,#6135);
#5859=AXIS2_PLACEMENT_3D('',#7997,#6137,#6138);
#5860=AXIS2_PLACEMENT_3D('',#7999,#6139,#6140);
#5861=AXIS2_PLACEMENT_3D('',#8000,#6141,#6142);
#5862=AXIS2_PLACEMENT_3D('',#8001,#6143,#6144);
#5863=AXIS2_PLACEMENT_3D('',#8002,#6145,#6146);
#5864=AXIS2_PLACEMENT_3D('',#8004,#6147,#6148);
#5865=AXIS2_PLACEMENT_3D('',#8005,#6149,#6150);
#5866=AXIS2_PLACEMENT_3D('',#8006,#6151,#6152);
#5867=AXIS2_PLACEMENT_3D('',#8007,#6153,#6154);
#5868=AXIS2_PLACEMENT_3D('',#8009,#6155,#6156);
#5869=AXIS2_PLACEMENT_3D('',#8010,#6157,#6158);
#5870=AXIS2_PLACEMENT_3D('',#8011,#6159,#6160);
#5871=AXIS2_PLACEMENT_3D('',#8012,#6161,#6162);
#5872=AXIS2_PLACEMENT_3D('',#8014,#6163,#6164);
#5873=AXIS2_PLACEMENT_3D('',#8015,#6165,#6166);
#5874=AXIS2_PLACEMENT_3D('',#8016,#6167,#6168);
#5875=AXIS2_PLACEMENT_3D('',#8017,#6169,#6170);
#5876=AXIS2_PLACEMENT_3D('',#8329,#6192,#6193);
#5877=AXIS2_PLACEMENT_3D('',#8586,#6210,#6211);
#5878=AXIS2_PLACEMENT_3D('',#8587,#6212,#6213);
#5879=AXIS2_PLACEMENT_3D('',#8757,#6225,#6226);
#5880=AXIS2_PLACEMENT_3D('',#8763,#6230,#6231);
#5881=AXIS2_PLACEMENT_3D('',#8766,#6234,#6235);
#5882=AXIS2_PLACEMENT_3D('',#8772,#6239,#6240);
#5883=AXIS2_PLACEMENT_3D('',#8929,#6252,#6253);
#5884=AXIS2_PLACEMENT_3D('',#8931,#6255,#6256);
#5885=AXIS2_PLACEMENT_3D('',#8932,#6257,#6258);
#5886=AXIS2_PLACEMENT_3D('',#8938,#6262,#6263);
#5887=AXIS2_PLACEMENT_3D('',#8942,#6266,#6267);
#5888=AXIS2_PLACEMENT_3D('',#8946,#6270,#6271);
#5889=AXIS2_PLACEMENT_3D('',#8950,#6274,#6275);
#5890=AXIS2_PLACEMENT_3D('',#8954,#6278,#6279);
#5891=AXIS2_PLACEMENT_3D('',#8956,#6281,#6282);
#5892=AXIS2_PLACEMENT_3D('',#8957,#6283,#6284);
#5893=AXIS2_PLACEMENT_3D('',#8963,#6288,#6289);
#5894=AXIS2_PLACEMENT_3D('',#8967,#6292,#6293);
#5895=AXIS2_PLACEMENT_3D('',#9005,#6298,#6299);
#5896=AXIS2_PLACEMENT_3D('',#9009,#6302,#6303);
#5897=AXIS2_PLACEMENT_3D('',#9013,#6306,#6307);
#5898=AXIS2_PLACEMENT_3D('',#9017,#6310,#6311);
#5899=AXIS2_PLACEMENT_3D('',#9019,#6313,#6314);
#5900=AXIS2_PLACEMENT_3D('',#9020,#6315,#6316);
#5901=AXIS2_PLACEMENT_3D('',#9196,#6330,#6331);
#5902=AXIS2_PLACEMENT_3D('',#9368,#6343,#6344);
#5903=AXIS2_PLACEMENT_3D('',#9369,#6345,#6346);
#5904=AXIS2_PLACEMENT_3D('',#9539,#6358,#6359);
#5905=AXIS2_PLACEMENT_3D('',#9545,#6363,#6364);
#5906=AXIS2_PLACEMENT_3D('',#9548,#6367,#6368);
#5907=AXIS2_PLACEMENT_3D('',#9554,#6372,#6373);
#5908=AXIS2_PLACEMENT_3D('',#9711,#6385,#6386);
#5909=AXIS2_PLACEMENT_3D('',#9713,#6388,#6389);
#5910=AXIS2_PLACEMENT_3D('',#9714,#6390,#6391);
#5911=AXIS2_PLACEMENT_3D('',#9715,#6392,#6393);
#5912=AXIS2_PLACEMENT_3D('',#9721,#6397,#6398);
#5913=AXIS2_PLACEMENT_3D('',#9725,#6401,#6402);
#5914=AXIS2_PLACEMENT_3D('',#9729,#6405,#6406);
#5915=AXIS2_PLACEMENT_3D('',#9733,#6409,#6410);
#5916=AXIS2_PLACEMENT_3D('',#9737,#6413,#6414);
#5917=AXIS2_PLACEMENT_3D('',#9741,#6417,#6418);
#5918=AXIS2_PLACEMENT_3D('',#9745,#6421,#6422);
#5919=AXIS2_PLACEMENT_3D('',#9749,#6425,#6426);
#5920=AXIS2_PLACEMENT_3D('',#9753,#6429,#6430);
#5921=AXIS2_PLACEMENT_3D('',#9755,#6432,#6433);
#5922=AXIS2_PLACEMENT_3D('',#9756,#6434,#6435);
#5923=AXIS2_PLACEMENT_3D('',#9762,#6439,#6440);
#5924=AXIS2_PLACEMENT_3D('',#9766,#6443,#6444);
#5925=AXIS2_PLACEMENT_3D('',#9957,#6458,#6459);
#5926=AXIS2_PLACEMENT_3D('',#10165,#6474,#6475);
#5927=AXIS2_PLACEMENT_3D('',#10169,#6478,#6479);
#5928=AXIS2_PLACEMENT_3D('',#10171,#6481,#6482);
#5929=AXIS2_PLACEMENT_3D('',#10172,#6483,#6484);
#5930=AXIS2_PLACEMENT_3D('',#10348,#6498,#6499);
#5931=AXIS2_PLACEMENT_3D('',#10520,#6511,#6512);
#5932=AXIS2_PLACEMENT_3D('',#10521,#6513,#6514);
#5933=AXIS2_PLACEMENT_3D('',#10697,#6528,#6529);
#5934=AXIS2_PLACEMENT_3D('',#10869,#6541,#6542);
#5935=AXIS2_PLACEMENT_3D('',#10870,#6543,#6544);
#5936=AXIS2_PLACEMENT_3D('',#11182,#6566,#6567);
#5937=AXIS2_PLACEMENT_3D('',#11439,#6584,#6585);
#5938=AXIS2_PLACEMENT_3D('',#11440,#6586,#6587);
#5939=AXIS2_PLACEMENT_3D('',#11449,#6592,#6593);
#5940=AXIS2_PLACEMENT_3D('',#11501,#6599,#6600);
#5941=AXIS2_PLACEMENT_3D('',#11504,#6603,#6604);
#5942=AXIS2_PLACEMENT_3D('',#11510,#6608,#6609);
#5943=AXIS2_PLACEMENT_3D('',#11514,#6612,#6613);
#5944=AXIS2_PLACEMENT_3D('',#11518,#6616,#6617);
#5945=AXIS2_PLACEMENT_3D('',#11522,#6620,#6621);
#5946=AXIS2_PLACEMENT_3D('',#11526,#6624,#6625);
#5947=AXIS2_PLACEMENT_3D('',#11530,#6628,#6629);
#5948=AXIS2_PLACEMENT_3D('',#11534,#6632,#6633);
#5949=AXIS2_PLACEMENT_3D('',#11536,#6635,#6636);
#5950=AXIS2_PLACEMENT_3D('',#11537,#6637,#6638);
#5951=AXIS2_PLACEMENT_3D('',#11538,#6639,#6640);
#5952=AXIS2_PLACEMENT_3D('',#11544,#6644,#6645);
#5953=AXIS2_PLACEMENT_3D('',#11550,#6649,#6650);
#5954=AXIS2_PLACEMENT_3D('',#11551,#6651,#6652);
#5955=AXIS2_PLACEMENT_3D('',#11557,#6656,#6657);
#5956=AXIS2_PLACEMENT_3D('',#11561,#6660,#6661);
#5957=AXIS2_PLACEMENT_3D('',#11565,#6664,#6665);
#5958=AXIS2_PLACEMENT_3D('',#11567,#6667,#6668);
#5959=AXIS2_PLACEMENT_3D('',#11568,#6669,#6670);
#5960=AXIS2_PLACEMENT_3D('',#11577,#6675,#6676);
#5961=AXIS2_PLACEMENT_3D('',#11592,#6684,#6685);
#5962=AXIS2_PLACEMENT_3D('',#11594,#6686,#6687);
#5963=AXIS2_PLACEMENT_3D('',#11596,#6688,#6689);
#5964=AXIS2_PLACEMENT_3D('',#11598,#6690,#6691);
#5965=AXIS2_PLACEMENT_3D('',#11599,#6692,#6693);
#5966=AXIS2_PLACEMENT_3D('',#11603,#6696,#6697);
#5967=AXIS2_PLACEMENT_3D('',#11607,#6700,#6701);
#5968=AXIS2_PLACEMENT_3D('',#11613,#6705,#6706);
#5969=AXIS2_PLACEMENT_3D('',#11617,#6709,#6710);
#5970=AXIS2_PLACEMENT_3D('',#11621,#6713,#6714);
#5971=AXIS2_PLACEMENT_3D('',#11623,#6715,#6716);
#5972=AXIS2_PLACEMENT_3D('',#11626,#6718,#6719);
#5973=AXIS2_PLACEMENT_3D('',#11627,#6720,#6721);
#5974=AXIS2_PLACEMENT_3D('',#11629,#6723,#6724);
#5975=AXIS2_PLACEMENT_3D('',#11630,#6725,#6726);
#5976=AXIS2_PLACEMENT_3D('',#11632,#6727,#6728);
#5977=AXIS2_PLACEMENT_3D('',#11635,#6730,#6731);
#5978=AXIS2_PLACEMENT_3D('',#11636,#6732,#6733);
#5979=AXIS2_PLACEMENT_3D('',#11638,#6735,#6736);
#5980=AXIS2_PLACEMENT_3D('',#11639,#6737,#6738);
#5981=AXIS2_PLACEMENT_3D('',#11641,#6739,#6740);
#5982=AXIS2_PLACEMENT_3D('',#11644,#6742,#6743);
#5983=AXIS2_PLACEMENT_3D('',#11645,#6744,#6745);
#5984=AXIS2_PLACEMENT_3D('',#11647,#6747,#6748);
#5985=AXIS2_PLACEMENT_3D('',#11648,#6749,#6750);
#5986=AXIS2_PLACEMENT_3D('',#11650,#6751,#6752);
#5987=AXIS2_PLACEMENT_3D('',#11653,#6754,#6755);
#5988=AXIS2_PLACEMENT_3D('',#11654,#6756,#6757);
#5989=AXIS2_PLACEMENT_3D('',#11656,#6759,#6760);
#5990=AXIS2_PLACEMENT_3D('',#11657,#6761,#6762);
#5991=AXIS2_PLACEMENT_3D('',#11659,#6764,#6765);
#5992=AXIS2_PLACEMENT_3D('',#11670,#6771,#6772);
#5993=AXIS2_PLACEMENT_3D('',#11672,#6773,#6774);
#5994=AXIS2_PLACEMENT_3D('',#11674,#6775,#6776);
#5995=AXIS2_PLACEMENT_3D('',#11676,#6777,#6778);
#5996=AXIS2_PLACEMENT_3D('',#11677,#6779,#6780);
#5997=AXIS2_PLACEMENT_3D('',#11679,#6782,#6783);
#5998=AXIS2_PLACEMENT_3D('',#11681,#6785,#6786);
#5999=AXIS2_PLACEMENT_3D('',#11683,#6788,#6789);
#6000=AXIS2_PLACEMENT_3D('',#11685,#6791,#6792);
#6001=AXIS2_PLACEMENT_3D('',#11688,#6795,#6796);
#6002=AXIS2_PLACEMENT_3D('',#11690,#6798,#6799);
#6003=AXIS2_PLACEMENT_3D('',#11692,#6801,#6802);
#6004=DIRECTION('axis',(0.,0.,1.));
#6005=DIRECTION('refdir',(1.,0.,0.));
#6006=DIRECTION('center_axis',(0.,0.,-1.));
#6007=DIRECTION('ref_axis',(-1.,0.,0.));
#6008=DIRECTION('center_axis',(0.,0.,-1.));
#6009=DIRECTION('ref_axis',(1.,0.,0.));
#6010=DIRECTION('center_axis',(0.,-1.,0.));
#6011=DIRECTION('ref_axis',(1.,0.,0.));
#6012=DIRECTION('center_axis',(0.,0.,1.));
#6013=DIRECTION('ref_axis',(1.,0.,0.));
#6014=DIRECTION('center_axis',(0.,0.,-1.));
#6015=DIRECTION('ref_axis',(1.,0.,0.));
#6016=DIRECTION('center_axis',(0.,0.,1.));
#6017=DIRECTION('ref_axis',(1.,0.,0.));
#6018=DIRECTION('',(1.,0.,0.));
#6019=DIRECTION('',(0.,1.,0.));
#6020=DIRECTION('',(-1.,0.,0.));
#6021=DIRECTION('',(0.,-1.,0.));
#6022=DIRECTION('center_axis',(0.,0.,1.));
#6023=DIRECTION('ref_axis',(1.,0.,0.));
#6024=DIRECTION('center_axis',(0.,0.,1.));
#6025=DIRECTION('ref_axis',(1.,0.,0.));
#6026=DIRECTION('',(0.996199635306725,0.0870992917006109,0.));
#6027=DIRECTION('',(-0.997179289364412,-0.0750564112030819,0.));
#6028=DIRECTION('',(0.,1.,0.));
#6029=DIRECTION('',(1.,0.,0.));
#6030=DIRECTION('',(-1.,0.,0.));
#6031=DIRECTION('',(0.,1.,0.));
#6032=DIRECTION('',(1.,0.,0.));
#6033=DIRECTION('',(0.556032653391607,-0.831160446822567,0.));
#6034=DIRECTION('',(0.,1.,0.));
#6035=DIRECTION('',(1.,0.,0.));
#6036=DIRECTION('',(0.,-1.,0.));
#6037=DIRECTION('',(-1.,0.,0.));
#6038=DIRECTION('',(-0.555699092741014,0.831383496544654,0.));
#6039=DIRECTION('',(0.,-1.,0.));
#6040=DIRECTION('',(-1.,0.,0.));
#6041=DIRECTION('',(0.,1.,0.));
#6042=DIRECTION('',(0.999998703362799,0.00161036415781845,0.));
#6043=DIRECTION('',(0.,-1.,0.));
#6044=DIRECTION('',(-0.96438134936387,-0.26451580859964,0.));
#6045=DIRECTION('',(0.,1.,0.));
#6046=DIRECTION('',(-1.,0.,0.));
#6047=DIRECTION('',(0.969551756619306,-0.244886486430792,0.));
#6048=DIRECTION('',(-0.973350275002346,-0.229323444403005,0.));
#6049=DIRECTION('',(0.969551756619306,-0.244886486430792,0.));
#6050=DIRECTION('',(-0.973350275002346,-0.229323444403005,0.));
#6051=DIRECTION('',(0.996199635306725,0.0870992917006109,0.));
#6052=DIRECTION('',(-0.997179289364412,-0.0750564112030819,0.));
#6053=DIRECTION('',(0.,-1.,0.));
#6054=DIRECTION('',(-1.,0.,0.));
#6055=DIRECTION('',(0.,1.,0.));
#6056=DIRECTION('',(1.,0.,0.));
#6057=DIRECTION('center_axis',(0.,0.,-1.));
#6058=DIRECTION('ref_axis',(1.,0.,0.));
#6059=DIRECTION('center_axis',(0.,0.,-1.));
#6060=DIRECTION('ref_axis',(1.,0.,0.));
#6061=DIRECTION('center_axis',(0.,0.,-1.));
#6062=DIRECTION('ref_axis',(1.,0.,0.));
#6063=DIRECTION('center_axis',(0.,0.,-1.));
#6064=DIRECTION('ref_axis',(1.,0.,0.));
#6065=DIRECTION('',(0.358509700519151,0.933526001048535,0.));
#6066=DIRECTION('',(1.,0.,0.));
#6067=DIRECTION('',(0.378780370656244,-0.925486591369923,0.));
#6068=DIRECTION('',(-1.,0.,0.));
#6069=DIRECTION('',(-0.359401621816033,0.933182980039823,0.));
#6070=DIRECTION('',(-1.,0.,0.));
#6071=DIRECTION('',(-0.340892834884636,-0.940102162067675,0.));
#6072=DIRECTION('',(-1.,0.,0.));
#6073=DIRECTION('',(0.969551756619306,-0.244886486430792,0.));
#6074=DIRECTION('',(-0.973350275002346,-0.229323444403005,0.));
#6075=DIRECTION('',(-0.361279585747234,0.93245753840178,0.));
#6076=DIRECTION('',(1.,0.,0.));
#6077=DIRECTION('',(0.336840367597026,-0.941561770016763,0.));
#6078=DIRECTION('',(0.348517987087226,0.937302092538296,0.));
#6079=DIRECTION('',(1.,0.,0.));
#6080=DIRECTION('',(-0.364590910331925,-0.931167798038215,0.));
#6081=DIRECTION('',(-1.,0.,0.));
#6082=DIRECTION('',(0.,1.,0.));
#6083=DIRECTION('',(1.,0.,0.));
#6084=DIRECTION('',(0.,-1.,0.));
#6085=DIRECTION('',(1.,0.,0.));
#6086=DIRECTION('',(0.,-1.,0.));
#6087=DIRECTION('',(-1.,0.,0.));
#6088=DIRECTION('',(0.,1.,0.));
#6089=DIRECTION('',(1.,0.,0.));
#6090=DIRECTION('',(-1.,0.,0.));
#6091=DIRECTION('center_axis',(0.,0.,1.));
#6092=DIRECTION('ref_axis',(1.,0.,0.));
#6093=DIRECTION('center_axis',(0.,0.,1.));
#6094=DIRECTION('ref_axis',(1.,0.,0.));
#6095=DIRECTION('center_axis',(0.,0.,1.));
#6096=DIRECTION('ref_axis',(1.,0.,0.));
#6097=DIRECTION('',(0.,0.,-1.));
#6098=DIRECTION('center_axis',(0.,0.,-1.));
#6099=DIRECTION('ref_axis',(-1.,0.,0.));
#6100=DIRECTION('center_axis',(0.,0.,-1.));
#6101=DIRECTION('ref_axis',(1.,0.,0.));
#6102=DIRECTION('center_axis',(0.,-1.,0.));
#6103=DIRECTION('ref_axis',(1.,0.,0.));
#6104=DIRECTION('center_axis',(0.,0.,-1.));
#6105=DIRECTION('ref_axis',(1.,0.,0.));
#6106=DIRECTION('center_axis',(0.,0.,1.));
#6107=DIRECTION('ref_axis',(1.,0.,0.));
#6108=DIRECTION('center_axis',(0.,0.,1.));
#6109=DIRECTION('ref_axis',(1.,0.,0.));
#6110=DIRECTION('',(0.,0.,-1.));
#6111=DIRECTION('center_axis',(0.,0.,-1.));
#6112=DIRECTION('ref_axis',(-1.,0.,0.));
#6113=DIRECTION('center_axis',(0.,0.,-1.));
#6114=DIRECTION('ref_axis',(1.,0.,0.));
#6115=DIRECTION('center_axis',(0.,-1.,0.));
#6116=DIRECTION('ref_axis',(1.,0.,0.));
#6117=DIRECTION('center_axis',(0.,0.,-1.));
#6118=DIRECTION('ref_axis',(1.,0.,0.));
#6119=DIRECTION('center_axis',(0.,0.,1.));
#6120=DIRECTION('ref_axis',(1.,0.,0.));
#6121=DIRECTION('center_axis',(0.,0.,1.));
#6122=DIRECTION('ref_axis',(1.,0.,0.));
#6123=DIRECTION('',(0.,0.,-1.));
#6124=DIRECTION('center_axis',(0.,0.,-1.));
#6125=DIRECTION('ref_axis',(-1.,0.,0.));
#6126=DIRECTION('center_axis',(0.,0.,-1.));
#6127=DIRECTION('ref_axis',(1.,0.,0.));
#6128=DIRECTION('center_axis',(0.,-1.,0.));
#6129=DIRECTION('ref_axis',(1.,0.,0.));
#6130=DIRECTION('center_axis',(0.,0.,-1.));
#6131=DIRECTION('ref_axis',(1.,0.,0.));
#6132=DIRECTION('center_axis',(0.,0.,1.));
#6133=DIRECTION('ref_axis',(1.,0.,0.));
#6134=DIRECTION('center_axis',(0.,0.,1.));
#6135=DIRECTION('ref_axis',(1.,0.,0.));
#6136=DIRECTION('',(0.,0.,-1.));
#6137=DIRECTION('center_axis',(0.,0.,1.));
#6138=DIRECTION('ref_axis',(1.,0.,0.));
#6139=DIRECTION('center_axis',(0.,0.,-1.));
#6140=DIRECTION('ref_axis',(1.,0.,0.));
#6141=DIRECTION('center_axis',(0.,-1.,0.));
#6142=DIRECTION('ref_axis',(-1.,0.,0.));
#6143=DIRECTION('center_axis',(0.,0.,1.));
#6144=DIRECTION('ref_axis',(1.,0.,0.));
#6145=DIRECTION('center_axis',(0.,0.,1.));
#6146=DIRECTION('ref_axis',(1.,0.,0.));
#6147=DIRECTION('center_axis',(0.,0.,-1.));
#6148=DIRECTION('ref_axis',(1.,0.,0.));
#6149=DIRECTION('center_axis',(0.,-1.,0.));
#6150=DIRECTION('ref_axis',(-1.,0.,0.));
#6151=DIRECTION('center_axis',(0.,0.,1.));
#6152=DIRECTION('ref_axis',(1.,0.,0.));
#6153=DIRECTION('center_axis',(0.,0.,1.));
#6154=DIRECTION('ref_axis',(1.,0.,0.));
#6155=DIRECTION('center_axis',(0.,0.,-1.));
#6156=DIRECTION('ref_axis',(1.,0.,0.));
#6157=DIRECTION('center_axis',(0.,-1.,0.));
#6158=DIRECTION('ref_axis',(-1.,0.,0.));
#6159=DIRECTION('center_axis',(0.,0.,1.));
#6160=DIRECTION('ref_axis',(1.,0.,0.));
#6161=DIRECTION('center_axis',(0.,0.,1.));
#6162=DIRECTION('ref_axis',(1.,0.,0.));
#6163=DIRECTION('center_axis',(0.,0.,-1.));
#6164=DIRECTION('ref_axis',(1.,0.,0.));
#6165=DIRECTION('center_axis',(0.,-1.,0.));
#6166=DIRECTION('ref_axis',(-1.,0.,0.));
#6167=DIRECTION('center_axis',(0.,0.,1.));
#6168=DIRECTION('ref_axis',(1.,0.,0.));
#6169=DIRECTION('center_axis',(-0.0870992917006109,0.996199635306725,0.));
#6170=DIRECTION('ref_axis',(-0.996199635306725,-0.0870992917006109,0.));
#6171=DIRECTION('',(0.,0.,1.));
#6172=DIRECTION('',(-0.996199635306725,-0.0870992917006109,0.));
#6173=DIRECTION('',(0.,0.,1.));
#6174=DIRECTION('',(0.,0.,1.));
#6175=DIRECTION('',(0.,0.,1.));
#6176=DIRECTION('',(0.,0.,1.));
#6177=DIRECTION('',(0.,0.,1.));
#6178=DIRECTION('',(0.,0.,1.));
#6179=DIRECTION('',(0.,0.,1.));
#6180=DIRECTION('',(0.,0.,1.));
#6181=DIRECTION('',(0.,0.,1.));
#6182=DIRECTION('',(0.,0.,1.));
#6183=DIRECTION('',(0.,0.,1.));
#6184=DIRECTION('',(0.,0.,1.));
#6185=DIRECTION('',(0.,0.,1.));
#6186=DIRECTION('',(0.,0.,1.));
#6187=DIRECTION('',(0.,0.,1.));
#6188=DIRECTION('',(0.,0.,1.));
#6189=DIRECTION('',(0.,0.,1.));
#6190=DIRECTION('',(0.,0.,1.));
#6191=DIRECTION('',(0.,0.,1.));
#6192=DIRECTION('center_axis',(0.0750564112030819,-0.997179289364412,0.));
#6193=DIRECTION('ref_axis',(0.997179289364412,0.0750564112030819,0.));
#6194=DIRECTION('',(0.997179289364412,0.0750564112030819,0.));
#6195=DIRECTION('',(0.,0.,1.));
#6196=DIRECTION('',(0.,0.,1.));
#6197=DIRECTION('',(0.,0.,1.));
#6198=DIRECTION('',(0.,0.,1.));
#6199=DIRECTION('',(0.,0.,1.));
#6200=DIRECTION('',(0.,0.,1.));
#6201=DIRECTION('',(0.,0.,1.));
#6202=DIRECTION('',(0.,0.,1.));
#6203=DIRECTION('',(0.,0.,1.));
#6204=DIRECTION('',(0.,0.,1.));
#6205=DIRECTION('',(0.,0.,1.));
#6206=DIRECTION('',(0.,0.,1.));
#6207=DIRECTION('',(0.,0.,1.));
#6208=DIRECTION('',(0.,0.,1.));
#6209=DIRECTION('',(0.,0.,1.));
#6210=DIRECTION('center_axis',(0.,0.,1.));
#6211=DIRECTION('ref_axis',(1.,0.,0.));
#6212=DIRECTION('center_axis',(0.,1.,0.));
#6213=DIRECTION('ref_axis',(-1.,0.,0.));
#6214=DIRECTION('',(1.,0.,0.));
#6215=DIRECTION('',(0.,0.,1.));
#6216=DIRECTION('',(-1.,0.,0.));
#6217=DIRECTION('',(0.,0.,1.));
#6218=DIRECTION('',(0.,0.,1.));
#6219=DIRECTION('',(0.,0.,1.));
#6220=DIRECTION('',(0.,0.,1.));
#6221=DIRECTION('',(0.,0.,1.));
#6222=DIRECTION('',(0.,0.,1.));
#6223=DIRECTION('',(0.,0.,1.));
#6224=DIRECTION('',(0.,0.,1.));
#6225=DIRECTION('center_axis',(0.,-1.,0.));
#6226=DIRECTION('ref_axis',(1.,0.,0.));
#6227=DIRECTION('',(-1.,0.,0.));
#6228=DIRECTION('',(1.,0.,0.));
#6229=DIRECTION('',(0.,0.,1.));
#6230=DIRECTION('center_axis',(1.,0.,0.));
#6231=DIRECTION('ref_axis',(0.,1.,0.));
#6232=DIRECTION('',(0.,-1.,0.));
#6233=DIRECTION('',(0.,1.,0.));
#6234=DIRECTION('center_axis',(-1.,0.,0.));
#6235=DIRECTION('ref_axis',(0.,-1.,0.));
#6236=DIRECTION('',(0.,0.,1.));
#6237=DIRECTION('',(0.,-1.,0.));
#6238=DIRECTION('',(0.,0.,1.));
#6239=DIRECTION('center_axis',(0.,1.,0.));
#6240=DIRECTION('ref_axis',(-1.,0.,0.));
#6241=DIRECTION('',(-1.,0.,0.));
#6242=DIRECTION('',(0.,0.,1.));
#6243=DIRECTION('',(0.,0.,1.));
#6244=DIRECTION('',(0.,0.,1.));
#6245=DIRECTION('',(0.,0.,1.));
#6246=DIRECTION('',(0.,0.,1.));
#6247=DIRECTION('',(0.,0.,1.));
#6248=DIRECTION('',(0.,0.,1.));
#6249=DIRECTION('',(0.,0.,1.));
#6250=DIRECTION('',(0.,0.,1.));
#6251=DIRECTION('',(0.,0.,1.));
#6252=DIRECTION('center_axis',(0.,-1.,0.));
#6253=DIRECTION('ref_axis',(1.,0.,0.));
#6254=DIRECTION('',(1.,0.,0.));
#6255=DIRECTION('center_axis',(0.,0.,1.));
#6256=DIRECTION('ref_axis',(1.,0.,0.));
#6257=DIRECTION('center_axis',(-1.,0.,0.));
#6258=DIRECTION('ref_axis',(0.,-1.,0.));
#6259=DIRECTION('',(0.,0.,1.));
#6260=DIRECTION('',(0.,-1.,0.));
#6261=DIRECTION('',(0.,0.,1.));
#6262=DIRECTION('center_axis',(0.,1.,0.));
#6263=DIRECTION('ref_axis',(-1.,0.,0.));
#6264=DIRECTION('',(-1.,0.,0.));
#6265=DIRECTION('',(0.,0.,1.));
#6266=DIRECTION('center_axis',(1.,0.,0.));
#6267=DIRECTION('ref_axis',(0.,1.,0.));
#6268=DIRECTION('',(0.,1.,0.));
#6269=DIRECTION('',(0.,0.,1.));
#6270=DIRECTION('center_axis',(0.,1.,0.));
#6271=DIRECTION('ref_axis',(-1.,0.,0.));
#6272=DIRECTION('',(-1.,0.,0.));
#6273=DIRECTION('',(0.,0.,1.));
#6274=DIRECTION('center_axis',(1.,0.,0.));
#6275=DIRECTION('ref_axis',(0.,1.,0.));
#6276=DIRECTION('',(0.,1.,0.));
#6277=DIRECTION('',(0.,0.,1.));
#6278=DIRECTION('center_axis',(0.,-1.,0.));
#6279=DIRECTION('ref_axis',(1.,0.,0.));
#6280=DIRECTION('',(1.,0.,0.));
#6281=DIRECTION('center_axis',(0.,0.,1.));
#6282=DIRECTION('ref_axis',(1.,0.,0.));
#6283=DIRECTION('center_axis',(-0.93245753840178,-0.361279585747234,0.));
#6284=DIRECTION('ref_axis',(0.361279585747234,-0.93245753840178,0.));
#6285=DIRECTION('',(0.,0.,1.));
#6286=DIRECTION('',(0.361279585747234,-0.93245753840178,0.));
#6287=DIRECTION('',(0.,0.,1.));
#6288=DIRECTION('center_axis',(0.,1.,0.));
#6289=DIRECTION('ref_axis',(-1.,0.,0.));
#6290=DIRECTION('',(-1.,0.,0.));
#6291=DIRECTION('',(0.,0.,1.));
#6292=DIRECTION('center_axis',(0.941561770016763,0.336840367597026,0.));
#6293=DIRECTION('ref_axis',(-0.336840367597026,0.941561770016763,0.));
#6294=DIRECTION('',(-0.336840367597026,0.941561770016763,0.));
#6295=DIRECTION('',(0.,0.,1.));
#6296=DIRECTION('',(0.,0.,1.));
#6297=DIRECTION('',(0.,0.,1.));
#6298=DIRECTION('center_axis',(-0.937302092538296,0.348517987087226,0.));
#6299=DIRECTION('ref_axis',(-0.348517987087226,-0.937302092538296,0.));
#6300=DIRECTION('',(-0.348517987087226,-0.937302092538296,0.));
#6301=DIRECTION('',(0.,0.,1.));
#6302=DIRECTION('center_axis',(0.,1.,0.));
#6303=DIRECTION('ref_axis',(-1.,0.,0.));
#6304=DIRECTION('',(-1.,0.,0.));
#6305=DIRECTION('',(0.,0.,1.));
#6306=DIRECTION('center_axis',(0.931167798038215,-0.364590910331925,0.));
#6307=DIRECTION('ref_axis',(0.364590910331925,0.931167798038215,0.));
#6308=DIRECTION('',(0.364590910331925,0.931167798038215,0.));
#6309=DIRECTION('',(0.,0.,1.));
#6310=DIRECTION('center_axis',(0.,-1.,0.));
#6311=DIRECTION('ref_axis',(1.,0.,0.));
#6312=DIRECTION('',(1.,0.,0.));
#6313=DIRECTION('center_axis',(0.,0.,1.));
#6314=DIRECTION('ref_axis',(1.,0.,0.));
#6315=DIRECTION('center_axis',(0.244886486430792,0.969551756619306,0.));
#6316=DIRECTION('ref_axis',(-0.969551756619306,0.244886486430792,0.));
#6317=DIRECTION('',(0.,0.,1.));
#6318=DIRECTION('',(-0.969551756619306,0.244886486430792,0.));
#6319=DIRECTION('',(0.,0.,1.));
#6320=DIRECTION('',(0.,0.,1.));
#6321=DIRECTION('',(0.,0.,1.));
#6322=DIRECTION('',(0.,0.,1.));
#6323=DIRECTION('',(0.,0.,1.));
#6324=DIRECTION('',(0.,0.,1.));
#6325=DIRECTION('',(0.,0.,1.));
#6326=DIRECTION('',(0.,0.,1.));
#6327=DIRECTION('',(0.,0.,1.));
#6328=DIRECTION('',(0.,0.,1.));
#6329=DIRECTION('',(0.,0.,1.));
#6330=DIRECTION('center_axis',(0.229323444403005,-0.973350275002346,0.));
#6331=DIRECTION('ref_axis',(0.973350275002346,0.229323444403005,0.));
#6332=DIRECTION('',(0.973350275002346,0.229323444403005,0.));
#6333=DIRECTION('',(0.,0.,1.));
#6334=DIRECTION('',(0.,0.,1.));
#6335=DIRECTION('',(0.,0.,1.));
#6336=DIRECTION('',(0.,0.,1.));
#6337=DIRECTION('',(0.,0.,1.));
#6338=DIRECTION('',(0.,0.,1.));
#6339=DIRECTION('',(0.,0.,1.));
#6340=DIRECTION('',(0.,0.,1.));
#6341=DIRECTION('',(0.,0.,1.));
#6342=DIRECTION('',(0.,0.,1.));
#6343=DIRECTION('center_axis',(0.,0.,1.));
#6344=DIRECTION('ref_axis',(1.,0.,0.));
#6345=DIRECTION('center_axis',(0.,1.,0.));
#6346=DIRECTION('ref_axis',(-1.,0.,0.));
#6347=DIRECTION('',(1.,0.,0.));
#6348=DIRECTION('',(0.,0.,1.));
#6349=DIRECTION('',(-1.,0.,0.));
#6350=DIRECTION('',(0.,0.,1.));
#6351=DIRECTION('',(0.,0.,1.));
#6352=DIRECTION('',(0.,0.,1.));
#6353=DIRECTION('',(0.,0.,1.));
#6354=DIRECTION('',(0.,0.,1.));
#6355=DIRECTION('',(0.,0.,1.));
#6356=DIRECTION('',(0.,0.,1.));
#6357=DIRECTION('',(0.,0.,1.));
#6358=DIRECTION('center_axis',(0.,-1.,0.));
#6359=DIRECTION('ref_axis',(1.,0.,0.));
#6360=DIRECTION('',(-1.,0.,0.));
#6361=DIRECTION('',(1.,0.,0.));
#6362=DIRECTION('',(0.,0.,1.));
#6363=DIRECTION('center_axis',(1.,0.,0.));
#6364=DIRECTION('ref_axis',(0.,1.,0.));
#6365=DIRECTION('',(0.,-1.,0.));
#6366=DIRECTION('',(0.,1.,0.));
#6367=DIRECTION('center_axis',(-1.,0.,0.));
#6368=DIRECTION('ref_axis',(0.,-1.,0.));
#6369=DIRECTION('',(0.,0.,1.));
#6370=DIRECTION('',(0.,-1.,0.));
#6371=DIRECTION('',(0.,0.,1.));
#6372=DIRECTION('center_axis',(0.,1.,0.));
#6373=DIRECTION('ref_axis',(-1.,0.,0.));
#6374=DIRECTION('',(-1.,0.,0.));
#6375=DIRECTION('',(0.,0.,1.));
#6376=DIRECTION('',(0.,0.,1.));
#6377=DIRECTION('',(0.,0.,1.));
#6378=DIRECTION('',(0.,0.,1.));
#6379=DIRECTION('',(0.,0.,1.));
#6380=DIRECTION('',(0.,0.,1.));
#6381=DIRECTION('',(0.,0.,1.));
#6382=DIRECTION('',(0.,0.,1.));
#6383=DIRECTION('',(0.,0.,1.));
#6384=DIRECTION('',(0.,0.,1.));
#6385=DIRECTION('center_axis',(0.,-1.,0.));
#6386=DIRECTION('ref_axis',(1.,0.,0.));
#6387=DIRECTION('',(1.,0.,0.));
#6388=DIRECTION('center_axis',(0.,0.,1.));
#6389=DIRECTION('ref_axis',(1.,0.,0.));
#6390=DIRECTION('center_axis',(0.,0.,1.));
#6391=DIRECTION('ref_axis',(1.,0.,0.));
#6392=DIRECTION('center_axis',(-1.,0.,0.));
#6393=DIRECTION('ref_axis',(0.,-1.,0.));
#6394=DIRECTION('',(0.,0.,1.));
#6395=DIRECTION('',(0.,-1.,0.));
#6396=DIRECTION('',(0.,0.,1.));
#6397=DIRECTION('center_axis',(0.,1.,0.));
#6398=DIRECTION('ref_axis',(-1.,0.,0.));
#6399=DIRECTION('',(-1.,0.,0.));
#6400=DIRECTION('',(0.,0.,1.));
#6401=DIRECTION('center_axis',(0.831160446822567,0.556032653391607,0.));
#6402=DIRECTION('ref_axis',(-0.556032653391607,0.831160446822567,0.));
#6403=DIRECTION('',(-0.556032653391607,0.831160446822567,0.));
#6404=DIRECTION('',(0.,0.,1.));
#6405=DIRECTION('center_axis',(-1.,0.,0.));
#6406=DIRECTION('ref_axis',(0.,-1.,0.));
#6407=DIRECTION('',(0.,-1.,0.));
#6408=DIRECTION('',(0.,0.,1.));
#6409=DIRECTION('center_axis',(0.,1.,0.));
#6410=DIRECTION('ref_axis',(-1.,0.,0.));
#6411=DIRECTION('',(-1.,0.,0.));
#6412=DIRECTION('',(0.,0.,1.));
#6413=DIRECTION('center_axis',(1.,0.,0.));
#6414=DIRECTION('ref_axis',(0.,1.,0.));
#6415=DIRECTION('',(0.,1.,0.));
#6416=DIRECTION('',(0.,0.,1.));
#6417=DIRECTION('center_axis',(0.,-1.,0.));
#6418=DIRECTION('ref_axis',(1.,0.,0.));
#6419=DIRECTION('',(1.,0.,0.));
#6420=DIRECTION('',(0.,0.,1.));
#6421=DIRECTION('center_axis',(-0.831383496544654,-0.555699092741014,0.));
#6422=DIRECTION('ref_axis',(0.555699092741014,-0.831383496544654,0.));
#6423=DIRECTION('',(0.555699092741014,-0.831383496544654,0.));
#6424=DIRECTION('',(0.,0.,1.));
#6425=DIRECTION('center_axis',(1.,0.,0.));
#6426=DIRECTION('ref_axis',(0.,1.,0.));
#6427=DIRECTION('',(0.,1.,0.));
#6428=DIRECTION('',(0.,0.,1.));
#6429=DIRECTION('center_axis',(0.,-1.,0.));
#6430=DIRECTION('ref_axis',(1.,0.,0.));
#6431=DIRECTION('',(1.,0.,0.));
#6432=DIRECTION('center_axis',(0.,0.,1.));
#6433=DIRECTION('ref_axis',(1.,0.,0.));
#6434=DIRECTION('center_axis',(-1.,0.,0.));
#6435=DIRECTION('ref_axis',(0.,-1.,0.));
#6436=DIRECTION('',(0.,0.,1.));
#6437=DIRECTION('',(0.,-1.,0.));
#6438=DIRECTION('',(0.,0.,1.));
#6439=DIRECTION('center_axis',(-0.00161036415781845,0.999998703362799,0.));
#6440=DIRECTION('ref_axis',(-0.999998703362799,-0.00161036415781845,0.));
#6441=DIRECTION('',(-0.999998703362799,-0.00161036415781845,0.));
#6442=DIRECTION('',(0.,0.,1.));
#6443=DIRECTION('center_axis',(1.,0.,0.));
#6444=DIRECTION('ref_axis',(0.,1.,0.));
#6445=DIRECTION('',(0.,1.,0.));
#6446=DIRECTION('',(0.,0.,1.));
#6447=DIRECTION('',(0.,0.,1.));
#6448=DIRECTION('',(0.,0.,1.));
#6449=DIRECTION('',(0.,0.,1.));
#6450=DIRECTION('',(0.,0.,1.));
#6451=DIRECTION('',(0.,0.,1.));
#6452=DIRECTION('',(0.,0.,1.));
#6453=DIRECTION('',(0.,0.,1.));
#6454=DIRECTION('',(0.,0.,1.));
#6455=DIRECTION('',(0.,0.,1.));
#6456=DIRECTION('',(0.,0.,1.));
#6457=DIRECTION('',(0.,0.,1.));
#6458=DIRECTION('center_axis',(0.26451580859964,-0.96438134936387,0.));
#6459=DIRECTION('ref_axis',(0.96438134936387,0.26451580859964,0.));
#6460=DIRECTION('',(0.96438134936387,0.26451580859964,0.));
#6461=DIRECTION('',(0.,0.,1.));
#6462=DIRECTION('',(0.,0.,1.));
#6463=DIRECTION('',(0.,0.,1.));
#6464=DIRECTION('',(0.,0.,1.));
#6465=DIRECTION('',(0.,0.,1.));
#6466=DIRECTION('',(0.,0.,1.));
#6467=DIRECTION('',(0.,0.,1.));
#6468=DIRECTION('',(0.,0.,1.));
#6469=DIRECTION('',(0.,0.,1.));
#6470=DIRECTION('',(0.,0.,1.));
#6471=DIRECTION('',(0.,0.,1.));
#6472=DIRECTION('',(0.,0.,1.));
#6473=DIRECTION('',(0.,0.,1.));
#6474=DIRECTION('center_axis',(-1.,0.,0.));
#6475=DIRECTION('ref_axis',(0.,-1.,0.));
#6476=DIRECTION('',(0.,-1.,0.));
#6477=DIRECTION('',(0.,0.,1.));
#6478=DIRECTION('center_axis',(0.,-1.,0.));
#6479=DIRECTION('ref_axis',(1.,0.,0.));
#6480=DIRECTION('',(1.,0.,0.));
#6481=DIRECTION('center_axis',(0.,0.,1.));
#6482=DIRECTION('ref_axis',(1.,0.,0.));
#6483=DIRECTION('center_axis',(0.244886486430792,0.969551756619306,0.));
#6484=DIRECTION('ref_axis',(-0.969551756619306,0.244886486430792,0.));
#6485=DIRECTION('',(0.,0.,1.));
#6486=DIRECTION('',(-0.969551756619306,0.244886486430792,0.));
#6487=DIRECTION('',(0.,0.,1.));
#6488=DIRECTION('',(0.,0.,1.));
#6489=DIRECTION('',(0.,0.,1.));
#6490=DIRECTION('',(0.,0.,1.));
#6491=DIRECTION('',(0.,0.,1.));
#6492=DIRECTION('',(0.,0.,1.));
#6493=DIRECTION('',(0.,0.,1.));
#6494=DIRECTION('',(0.,0.,1.));
#6495=DIRECTION('',(0.,0.,1.));
#6496=DIRECTION('',(0.,0.,1.));
#6497=DIRECTION('',(0.,0.,1.));
#6498=DIRECTION('center_axis',(0.229323444403005,-0.973350275002346,0.));
#6499=DIRECTION('ref_axis',(0.973350275002346,0.229323444403005,0.));
#6500=DIRECTION('',(0.973350275002346,0.229323444403005,0.));
#6501=DIRECTION('',(0.,0.,1.));
#6502=DIRECTION('',(0.,0.,1.));
#6503=DIRECTION('',(0.,0.,1.));
#6504=DIRECTION('',(0.,0.,1.));
#6505=DIRECTION('',(0.,0.,1.));
#6506=DIRECTION('',(0.,0.,1.));
#6507=DIRECTION('',(0.,0.,1.));
#6508=DIRECTION('',(0.,0.,1.));
#6509=DIRECTION('',(0.,0.,1.));
#6510=DIRECTION('',(0.,0.,1.));
#6511=DIRECTION('center_axis',(0.,0.,1.));
#6512=DIRECTION('ref_axis',(1.,0.,0.));
#6513=DIRECTION('center_axis',(0.244886486430792,0.969551756619306,0.));
#6514=DIRECTION('ref_axis',(-0.969551756619306,0.244886486430792,0.));
#6515=DIRECTION('',(0.,0.,1.));
#6516=DIRECTION('',(-0.969551756619306,0.244886486430792,0.));
#6517=DIRECTION('',(0.,0.,1.));
#6518=DIRECTION('',(0.,0.,1.));
#6519=DIRECTION('',(0.,0.,1.));
#6520=DIRECTION('',(0.,0.,1.));
#6521=DIRECTION('',(0.,0.,1.));
#6522=DIRECTION('',(0.,0.,1.));
#6523=DIRECTION('',(0.,0.,1.));
#6524=DIRECTION('',(0.,0.,1.));
#6525=DIRECTION('',(0.,0.,1.));
#6526=DIRECTION('',(0.,0.,1.));
#6527=DIRECTION('',(0.,0.,1.));
#6528=DIRECTION('center_axis',(0.229323444403005,-0.973350275002346,0.));
#6529=DIRECTION('ref_axis',(0.973350275002346,0.229323444403005,0.));
#6530=DIRECTION('',(0.973350275002346,0.229323444403005,0.));
#6531=DIRECTION('',(0.,0.,1.));
#6532=DIRECTION('',(0.,0.,1.));
#6533=DIRECTION('',(0.,0.,1.));
#6534=DIRECTION('',(0.,0.,1.));
#6535=DIRECTION('',(0.,0.,1.));
#6536=DIRECTION('',(0.,0.,1.));
#6537=DIRECTION('',(0.,0.,1.));
#6538=DIRECTION('',(0.,0.,1.));
#6539=DIRECTION('',(0.,0.,1.));
#6540=DIRECTION('',(0.,0.,1.));
#6541=DIRECTION('center_axis',(0.,0.,1.));
#6542=DIRECTION('ref_axis',(1.,0.,0.));
#6543=DIRECTION('center_axis',(-0.0870992917006109,0.996199635306725,0.));
#6544=DIRECTION('ref_axis',(-0.996199635306725,-0.0870992917006109,0.));
#6545=DIRECTION('',(0.,0.,1.));
#6546=DIRECTION('',(-0.996199635306725,-0.0870992917006109,0.));
#6547=DIRECTION('',(0.,0.,1.));
#6548=DIRECTION('',(0.,0.,1.));
#6549=DIRECTION('',(0.,0.,1.));
#6550=DIRECTION('',(0.,0.,1.));
#6551=DIRECTION('',(0.,0.,1.));
#6552=DIRECTION('',(0.,0.,1.));
#6553=DIRECTION('',(0.,0.,1.));
#6554=DIRECTION('',(0.,0.,1.));
#6555=DIRECTION('',(0.,0.,1.));
#6556=DIRECTION('',(0.,0.,1.));
#6557=DIRECTION('',(0.,0.,1.));
#6558=DIRECTION('',(0.,0.,1.));
#6559=DIRECTION('',(0.,0.,1.));
#6560=DIRECTION('',(0.,0.,1.));
#6561=DIRECTION('',(0.,0.,1.));
#6562=DIRECTION('',(0.,0.,1.));
#6563=DIRECTION('',(0.,0.,1.));
#6564=DIRECTION('',(0.,0.,1.));
#6565=DIRECTION('',(0.,0.,1.));
#6566=DIRECTION('center_axis',(0.0750564112030819,-0.997179289364412,0.));
#6567=DIRECTION('ref_axis',(0.997179289364412,0.0750564112030819,0.));
#6568=DIRECTION('',(0.997179289364412,0.0750564112030819,0.));
#6569=DIRECTION('',(0.,0.,1.));
#6570=DIRECTION('',(0.,0.,1.));
#6571=DIRECTION('',(0.,0.,1.));
#6572=DIRECTION('',(0.,0.,1.));
#6573=DIRECTION('',(0.,0.,1.));
#6574=DIRECTION('',(0.,0.,1.));
#6575=DIRECTION('',(0.,0.,1.));
#6576=DIRECTION('',(0.,0.,1.));
#6577=DIRECTION('',(0.,0.,1.));
#6578=DIRECTION('',(0.,0.,1.));
#6579=DIRECTION('',(0.,0.,1.));
#6580=DIRECTION('',(0.,0.,1.));
#6581=DIRECTION('',(0.,0.,1.));
#6582=DIRECTION('',(0.,0.,1.));
#6583=DIRECTION('',(0.,0.,1.));
#6584=DIRECTION('center_axis',(0.,0.,1.));
#6585=DIRECTION('ref_axis',(1.,0.,0.));
#6586=DIRECTION('center_axis',(0.,1.,0.));
#6587=DIRECTION('ref_axis',(-1.,0.,0.));
#6588=DIRECTION('',(1.,0.,0.));
#6589=DIRECTION('',(0.,0.,1.));
#6590=DIRECTION('',(-1.,0.,0.));
#6591=DIRECTION('',(0.,0.,1.));
#6592=DIRECTION('center_axis',(-0.935759668218638,-0.352638403092098,0.));
#6593=DIRECTION('ref_axis',(0.352638403092098,-0.935759668218638,0.));
#6594=DIRECTION('',(-0.352638403092098,0.935759668218638,0.));
#6595=DIRECTION('',(0.352638403092097,-0.935759668218638,0.));
#6596=DIRECTION('',(0.,0.,1.));
#6597=DIRECTION('',(0.,0.,1.));
#6598=DIRECTION('',(0.,0.,1.));
#6599=DIRECTION('center_axis',(0.936508091122001,-0.350645968553791,0.));
#6600=DIRECTION('ref_axis',(0.350645968553791,0.936508091122001,0.));
#6601=DIRECTION('',(-0.350645968553791,-0.936508091122001,0.));
#6602=DIRECTION('',(0.350645968553791,0.936508091122001,0.));
#6603=DIRECTION('center_axis',(-0.933526001048535,0.358509700519151,0.));
#6604=DIRECTION('ref_axis',(-0.358509700519151,-0.933526001048535,0.));
#6605=DIRECTION('',(0.,0.,1.));
#6606=DIRECTION('',(-0.358509700519151,-0.933526001048535,0.));
#6607=DIRECTION('',(0.,0.,1.));
#6608=DIRECTION('center_axis',(0.,1.,0.));
#6609=DIRECTION('ref_axis',(-1.,0.,0.));
#6610=DIRECTION('',(-1.,0.,0.));
#6611=DIRECTION('',(0.,0.,1.));
#6612=DIRECTION('center_axis',(0.925486591369923,0.378780370656244,0.));
#6613=DIRECTION('ref_axis',(-0.378780370656244,0.925486591369923,0.));
#6614=DIRECTION('',(-0.378780370656244,0.925486591369923,0.));
#6615=DIRECTION('',(0.,0.,1.));
#6616=DIRECTION('center_axis',(0.,-1.,0.));
#6617=DIRECTION('ref_axis',(1.,0.,0.));
#6618=DIRECTION('',(1.,0.,0.));
#6619=DIRECTION('',(0.,0.,1.));
#6620=DIRECTION('center_axis',(-0.933182980039823,-0.359401621816033,0.));
#6621=DIRECTION('ref_axis',(0.359401621816033,-0.933182980039823,0.));
#6622=DIRECTION('',(0.359401621816033,-0.933182980039823,0.));
#6623=DIRECTION('',(0.,0.,1.));
#6624=DIRECTION('center_axis',(0.,-1.,0.));
#6625=DIRECTION('ref_axis',(1.,0.,0.));
#6626=DIRECTION('',(1.,0.,0.));
#6627=DIRECTION('',(0.,0.,1.));
#6628=DIRECTION('center_axis',(0.940102162067675,-0.340892834884636,0.));
#6629=DIRECTION('ref_axis',(0.340892834884636,0.940102162067675,0.));
#6630=DIRECTION('',(0.340892834884636,0.940102162067675,0.));
#6631=DIRECTION('',(0.,0.,1.));
#6632=DIRECTION('center_axis',(0.,-1.,0.));
#6633=DIRECTION('ref_axis',(1.,0.,0.));
#6634=DIRECTION('',(1.,0.,0.));
#6635=DIRECTION('center_axis',(0.,0.,1.));
#6636=DIRECTION('ref_axis',(1.,0.,0.));
#6637=DIRECTION('center_axis',(0.,0.,1.));
#6638=DIRECTION('ref_axis',(1.,0.,0.));
#6639=DIRECTION('center_axis',(0.,-1.,0.));
#6640=DIRECTION('ref_axis',(1.,0.,0.));
#6641=DIRECTION('',(0.,0.,1.));
#6642=DIRECTION('',(1.,0.,0.));
#6643=DIRECTION('',(0.,0.,1.));
#6644=DIRECTION('center_axis',(0.,0.,1.));
#6645=DIRECTION('ref_axis',(1.,0.,0.));
#6646=DIRECTION('',(0.,-1.,0.));
#6647=DIRECTION('',(0.,1.,0.));
#6648=DIRECTION('',(1.,0.,0.));
#6649=DIRECTION('center_axis',(0.,0.,1.));
#6650=DIRECTION('ref_axis',(1.,0.,0.));
#6651=DIRECTION('center_axis',(0.,1.,0.));
#6652=DIRECTION('ref_axis',(-1.,0.,0.));
#6653=DIRECTION('',(0.,0.,1.));
#6654=DIRECTION('',(-1.,0.,0.));
#6655=DIRECTION('',(0.,0.,1.));
#6656=DIRECTION('center_axis',(1.,0.,0.));
#6657=DIRECTION('ref_axis',(0.,1.,0.));
#6658=DIRECTION('',(0.,1.,0.));
#6659=DIRECTION('',(0.,0.,1.));
#6660=DIRECTION('center_axis',(0.,-1.,0.));
#6661=DIRECTION('ref_axis',(1.,0.,0.));
#6662=DIRECTION('',(1.,0.,0.));
#6663=DIRECTION('',(0.,0.,1.));
#6664=DIRECTION('center_axis',(-1.,0.,0.));
#6665=DIRECTION('ref_axis',(0.,-1.,0.));
#6666=DIRECTION('',(0.,-1.,0.));
#6667=DIRECTION('center_axis',(0.,0.,1.));
#6668=DIRECTION('ref_axis',(1.,0.,0.));
#6669=DIRECTION('center_axis',(0.707106781186548,0.707106781186548,0.));
#6670=DIRECTION('ref_axis',(0.,0.,-1.));
#6671=DIRECTION('',(-0.707106781186548,0.707106781186548,0.));
#6672=DIRECTION('',(0.,0.,1.));
#6673=DIRECTION('',(-0.707106781186548,0.707106781186548,0.));
#6674=DIRECTION('',(0.,0.,-1.));
#6675=DIRECTION('center_axis',(0.,0.,-1.));
#6676=DIRECTION('ref_axis',(-1.,0.,0.));
#6677=DIRECTION('',(0.,-1.,0.));
#6678=DIRECTION('',(0.707106781186547,0.707106781186547,0.));
#6679=DIRECTION('',(-1.,0.,0.));
#6680=DIRECTION('',(0.707106781186547,-0.707106781186547,0.));
#6681=DIRECTION('',(0.,1.,0.));
#6682=DIRECTION('',(-0.707106781186548,-0.707106781186548,0.));
#6683=DIRECTION('',(1.,0.,0.));
#6684=DIRECTION('center_axis',(0.,0.,1.));
#6685=DIRECTION('ref_axis',(1.,0.,0.));
#6686=DIRECTION('center_axis',(0.,0.,1.));
#6687=DIRECTION('ref_axis',(1.,0.,0.));
#6688=DIRECTION('center_axis',(0.,0.,1.));
#6689=DIRECTION('ref_axis',(1.,0.,0.));
#6690=DIRECTION('center_axis',(0.,0.,1.));
#6691=DIRECTION('ref_axis',(1.,0.,0.));
#6692=DIRECTION('center_axis',(1.,0.,0.));
#6693=DIRECTION('ref_axis',(0.,-1.,0.));
#6694=DIRECTION('',(0.,1.,0.));
#6695=DIRECTION('',(0.,0.,1.));
#6696=DIRECTION('center_axis',(0.707106781186548,-0.707106781186548,0.));
#6697=DIRECTION('ref_axis',(0.,0.,-1.));
#6698=DIRECTION('',(0.707106781186548,0.707106781186548,0.));
#6699=DIRECTION('',(0.,0.,-1.));
#6700=DIRECTION('center_axis',(-0.707106781186548,0.707106781186548,0.));
#6701=DIRECTION('ref_axis',(0.,0.,1.));
#6702=DIRECTION('',(0.,0.,1.));
#6703=DIRECTION('',(-0.707106781186548,-0.707106781186548,0.));
#6704=DIRECTION('',(0.,0.,-1.));
#6705=DIRECTION('center_axis',(-1.,0.,0.));
#6706=DIRECTION('ref_axis',(0.,1.,0.));
#6707=DIRECTION('',(0.,0.,-1.));
#6708=DIRECTION('',(0.,-1.,0.));
#6709=DIRECTION('center_axis',(-0.707106781186548,-0.707106781186548,0.));
#6710=DIRECTION('ref_axis',(0.,0.,1.));
#6711=DIRECTION('',(0.,0.,1.));
#6712=DIRECTION('',(0.707106781186548,-0.707106781186548,0.));
#6713=DIRECTION('center_axis',(0.,0.,1.));
#6714=DIRECTION('ref_axis',(1.,0.,0.));
#6715=DIRECTION('center_axis',(0.,0.,1.));
#6716=DIRECTION('ref_axis',(1.,0.,0.));
#6717=DIRECTION('',(-0.707106781186548,8.65956056235493E-17,0.707106781186548));
#6718=DIRECTION('center_axis',(0.,0.,-1.));
#6719=DIRECTION('ref_axis',(1.,0.,0.));
#6720=DIRECTION('center_axis',(0.,0.,-1.));
#6721=DIRECTION('ref_axis',(1.,0.,0.));
#6722=DIRECTION('',(0.,0.,1.));
#6723=DIRECTION('center_axis',(0.,0.,-1.));
#6724=DIRECTION('ref_axis',(-1.,0.,0.));
#6725=DIRECTION('center_axis',(0.,0.,1.));
#6726=DIRECTION('ref_axis',(1.,0.,0.));
#6727=DIRECTION('center_axis',(0.,0.,1.));
#6728=DIRECTION('ref_axis',(1.,0.,0.));
#6729=DIRECTION('',(-0.707106781186547,8.65956056235493E-17,0.707106781186548));
#6730=DIRECTION('center_axis',(0.,0.,-1.));
#6731=DIRECTION('ref_axis',(1.,0.,0.));
#6732=DIRECTION('center_axis',(0.,0.,-1.));
#6733=DIRECTION('ref_axis',(1.,0.,0.));
#6734=DIRECTION('',(0.,0.,1.));
#6735=DIRECTION('center_axis',(0.,0.,-1.));
#6736=DIRECTION('ref_axis',(-1.,0.,0.));
#6737=DIRECTION('center_axis',(0.,0.,1.));
#6738=DIRECTION('ref_axis',(1.,0.,0.));
#6739=DIRECTION('center_axis',(0.,0.,1.));
#6740=DIRECTION('ref_axis',(1.,0.,0.));
#6741=DIRECTION('',(-0.707106781186547,8.65956056235493E-17,0.707106781186548));
#6742=DIRECTION('center_axis',(0.,0.,-1.));
#6743=DIRECTION('ref_axis',(1.,0.,0.));
#6744=DIRECTION('center_axis',(0.,0.,-1.));
#6745=DIRECTION('ref_axis',(1.,0.,0.));
#6746=DIRECTION('',(0.,0.,1.));
#6747=DIRECTION('center_axis',(0.,0.,-1.));
#6748=DIRECTION('ref_axis',(-1.,0.,0.));
#6749=DIRECTION('center_axis',(0.,0.,1.));
#6750=DIRECTION('ref_axis',(1.,0.,0.));
#6751=DIRECTION('center_axis',(0.,0.,1.));
#6752=DIRECTION('ref_axis',(1.,0.,0.));
#6753=DIRECTION('',(-0.707106781186548,8.65956056235493E-17,0.707106781186548));
#6754=DIRECTION('center_axis',(0.,0.,-1.));
#6755=DIRECTION('ref_axis',(1.,0.,0.));
#6756=DIRECTION('center_axis',(0.,0.,-1.));
#6757=DIRECTION('ref_axis',(1.,0.,0.));
#6758=DIRECTION('',(0.,0.,1.));
#6759=DIRECTION('center_axis',(0.,0.,-1.));
#6760=DIRECTION('ref_axis',(-1.,0.,0.));
#6761=DIRECTION('center_axis',(0.,-1.,0.));
#6762=DIRECTION('ref_axis',(-1.,0.,0.));
#6763=DIRECTION('',(1.,0.,0.));
#6764=DIRECTION('center_axis',(0.,0.,1.));
#6765=DIRECTION('ref_axis',(1.,0.,0.));
#6766=DIRECTION('',(1.,0.,0.));
#6767=DIRECTION('',(0.,-1.,0.));
#6768=DIRECTION('',(-1.,0.,0.));
#6769=DIRECTION('',(0.,1.,0.));
#6770=DIRECTION('',(1.,0.,0.));
#6771=DIRECTION('center_axis',(0.,0.,1.));
#6772=DIRECTION('ref_axis',(1.,0.,0.));
#6773=DIRECTION('center_axis',(0.,0.,1.));
#6774=DIRECTION('ref_axis',(1.,0.,0.));
#6775=DIRECTION('center_axis',(0.,0.,1.));
#6776=DIRECTION('ref_axis',(1.,0.,0.));
#6777=DIRECTION('center_axis',(0.,0.,1.));
#6778=DIRECTION('ref_axis',(1.,0.,0.));
#6779=DIRECTION('center_axis',(0.,0.,-1.));
#6780=DIRECTION('ref_axis',(1.,0.,0.));
#6781=DIRECTION('',(0.,0.,1.));
#6782=DIRECTION('center_axis',(0.,0.,-1.));
#6783=DIRECTION('ref_axis',(1.,0.,0.));
#6784=DIRECTION('',(0.,0.,1.));
#6785=DIRECTION('center_axis',(0.,0.,-1.));
#6786=DIRECTION('ref_axis',(1.,0.,0.));
#6787=DIRECTION('',(0.,0.,1.));
#6788=DIRECTION('center_axis',(0.,0.,-1.));
#6789=DIRECTION('ref_axis',(1.,0.,0.));
#6790=DIRECTION('',(0.,0.,1.));
#6791=DIRECTION('center_axis',(-1.,0.,0.));
#6792=DIRECTION('ref_axis',(0.,1.,0.));
#6793=DIRECTION('',(0.,0.,-1.));
#6794=DIRECTION('',(0.,0.,-1.));
#6795=DIRECTION('center_axis',(0.,-1.,0.));
#6796=DIRECTION('ref_axis',(-1.,0.,0.));
#6797=DIRECTION('',(0.,0.,-1.));
#6798=DIRECTION('center_axis',(1.,0.,0.));
#6799=DIRECTION('ref_axis',(0.,-1.,0.));
#6800=DIRECTION('',(0.,0.,-1.));
#6801=DIRECTION('center_axis',(0.,1.,0.));
#6802=DIRECTION('ref_axis',(1.,0.,0.));
#6803=CARTESIAN_POINT('',(0.,0.,0.));
#6804=CARTESIAN_POINT('Origin',(3.81,12.1,0.5));
#6805=CARTESIAN_POINT('',(3.385,12.1,0.5));
#6806=CARTESIAN_POINT('',(4.235,12.1,0.5));
#6807=CARTESIAN_POINT('Origin',(3.81,12.1,0.5));
#6808=CARTESIAN_POINT('',(4.735,12.1,0.));
#6809=CARTESIAN_POINT('Origin',(4.735,12.1,0.5));
#6810=CARTESIAN_POINT('Origin',(3.81,12.1,0.));
#6811=CARTESIAN_POINT('Origin',(3.81,12.1,0.5));
#6812=CARTESIAN_POINT('Origin',(0.,0.,0.));
#6813=CARTESIAN_POINT('',(-13.1,13.1,0.));
#6814=CARTESIAN_POINT('',(13.1,13.1,0.));
#6815=CARTESIAN_POINT('',(-13.1,13.1,0.));
#6816=CARTESIAN_POINT('',(-13.1,-13.1,0.));
#6817=CARTESIAN_POINT('',(-13.1,-13.1,0.));
#6818=CARTESIAN_POINT('',(13.1,-13.1,0.));
#6819=CARTESIAN_POINT('',(13.1,-13.1,0.));
#6820=CARTESIAN_POINT('',(13.1,13.1,0.));
#6821=CARTESIAN_POINT('',(2.195,12.1,0.));
#6822=CARTESIAN_POINT('Origin',(1.27,12.1,0.));
#6823=CARTESIAN_POINT('',(-2.885,12.1,0.));
#6824=CARTESIAN_POINT('Origin',(-3.81,12.1,0.));
#6825=CARTESIAN_POINT('',(2.86229093289605,10.0064766024356,0.));
#6826=CARTESIAN_POINT('',(2.94967156565419,10.0141164277797,0.));
#6827=CARTESIAN_POINT('',(1.05157046754955,9.84816248103873,0.));
#6828=CARTESIAN_POINT('',(2.97855969248941,9.9279295270448,0.));
#6829=CARTESIAN_POINT('Ctrl Pts',(2.94967156565419,10.0141164277797,0.));
#6830=CARTESIAN_POINT('Ctrl Pts',(2.95213651888512,9.99784382336877,0.));
#6831=CARTESIAN_POINT('Ctrl Pts',(2.95674996257421,9.96738777122851,0.));
#6832=CARTESIAN_POINT('Ctrl Pts',(2.97163001887867,9.94046671822091,0.));
#6833=CARTESIAN_POINT('Ctrl Pts',(2.97855969248941,9.9279295270448,0.));
#6834=CARTESIAN_POINT('',(3.04898945345214,9.87349565970948,0.));
#6835=CARTESIAN_POINT('Ctrl Pts',(2.97855969248941,9.9279295270448,0.));
#6836=CARTESIAN_POINT('Ctrl Pts',(2.98763174682169,9.91705045437393,0.));
#6837=CARTESIAN_POINT('Ctrl Pts',(3.00705319607214,9.89376054119324,0.));
#6838=CARTESIAN_POINT('Ctrl Pts',(3.03441093204517,9.88054044689313,0.));
#6839=CARTESIAN_POINT('Ctrl Pts',(3.04898945345214,9.87349565970948,0.));
#6840=CARTESIAN_POINT('',(3.1564246277385,9.85272485661557,0.));
#6841=CARTESIAN_POINT('Ctrl Pts',(3.04898945345214,9.87349565970948,0.));
#6842=CARTESIAN_POINT('Ctrl Pts',(3.06573035707361,9.86743956690956,0.));
#6843=CARTESIAN_POINT('Ctrl Pts',(3.10043231548543,9.85488598645578,0.));
#6844=CARTESIAN_POINT('Ctrl Pts',(3.13732809438301,9.85346192365957,0.));
#6845=CARTESIAN_POINT('Ctrl Pts',(3.1564246277385,9.85272485661557,0.));
#6846=CARTESIAN_POINT('',(3.25001263721517,9.8684820150142,0.));
#6847=CARTESIAN_POINT('Ctrl Pts',(3.1564246277385,9.85272485661557,0.));
#6848=CARTESIAN_POINT('Ctrl Pts',(3.17319557409738,9.85323889661811,0.));
#6849=CARTESIAN_POINT('Ctrl Pts',(3.2051316564988,9.85421775753196,0.));
#6850=CARTESIAN_POINT('Ctrl Pts',(3.23556234907461,9.86388936513357,0.));
#6851=CARTESIAN_POINT('Ctrl Pts',(3.25001263721517,9.8684820150142,0.));
#6852=CARTESIAN_POINT('',(3.31041509016088,9.91169486093571,0.));
#6853=CARTESIAN_POINT('Ctrl Pts',(3.25001263721517,9.8684820150142,0.));
#6854=CARTESIAN_POINT('Ctrl Pts',(3.2624169797502,9.87387886660047,0.));
#6855=CARTESIAN_POINT('Ctrl Pts',(3.2856789616276,9.88399963385922,0.));
#6856=CARTESIAN_POINT('Ctrl Pts',(3.30254349156924,9.90288160989859,0.));
#6857=CARTESIAN_POINT('Ctrl Pts',(3.31041509016088,9.91169486093571,0.));
#6858=CARTESIAN_POINT('',(3.33023091508677,9.97161980617097,0.));
#6859=CARTESIAN_POINT('Ctrl Pts',(3.31041509016088,9.91169486093571,0.));
#6860=CARTESIAN_POINT('Ctrl Pts',(3.3161944884872,9.92099327220977,0.));
#6861=CARTESIAN_POINT('Ctrl Pts',(3.32762433333315,9.93938262559492,0.));
#6862=CARTESIAN_POINT('Ctrl Pts',(3.32936861417617,9.96095520678622,0.));
#6863=CARTESIAN_POINT('Ctrl Pts',(3.33023091508677,9.97161980617097,0.));
#6864=CARTESIAN_POINT('',(3.31113131447366,10.0291573618655,0.));
#6865=CARTESIAN_POINT('Ctrl Pts',(3.33023091508677,9.97161980617097,0.));
#6866=CARTESIAN_POINT('Ctrl Pts',(3.32948504049482,9.98218894590827,0.));
#6867=CARTESIAN_POINT('Ctrl Pts',(3.32801581380731,10.0030080786869,0.));
#6868=CARTESIAN_POINT('Ctrl Pts',(3.31670166755277,10.0205304705854,0.));
#6869=CARTESIAN_POINT('Ctrl Pts',(3.31113131447366,10.0291573618655,0.));
#6870=CARTESIAN_POINT('',(3.24810268087914,10.0704601769452,0.));
#6871=CARTESIAN_POINT('Ctrl Pts',(3.31113131447366,10.0291573618655,0.));
#6872=CARTESIAN_POINT('Ctrl Pts',(3.30307589166857,10.0372599491931,0.));
#6873=CARTESIAN_POINT('Ctrl Pts',(3.28503067155838,10.0554108241163,0.));
#6874=CARTESIAN_POINT('Ctrl Pts',(3.26126133658125,10.0650975983491,0.));
#6875=CARTESIAN_POINT('Ctrl Pts',(3.24810268087914,10.0704601769452,0.));
#6876=CARTESIAN_POINT('',(3.12347782506278,10.1046007116442,0.));
#6877=CARTESIAN_POINT('Ctrl Pts',(3.24810268087914,10.0704601769452,0.));
#6878=CARTESIAN_POINT('Ctrl Pts',(3.2330630729873,10.0752816960659,0.));
#6879=CARTESIAN_POINT('Ctrl Pts',(3.19202172553006,10.0884390631281,0.));
#6880=CARTESIAN_POINT('Ctrl Pts',(3.15006163448887,10.0983326384643,0.));
#6881=CARTESIAN_POINT('Ctrl Pts',(3.12347782506278,10.1046007116442,0.));
#6882=CARTESIAN_POINT('',(2.9883482466512,10.1482910280233,0.));
#6883=CARTESIAN_POINT('Ctrl Pts',(3.12347782506278,10.1046007116442,0.));
#6884=CARTESIAN_POINT('Ctrl Pts',(3.09584052513481,10.1112039399479,0.));
#6885=CARTESIAN_POINT('Ctrl Pts',(3.04961669927425,10.1222479448262,0.));
#6886=CARTESIAN_POINT('Ctrl Pts',(3.00591901508588,10.1408223069345,0.));
#6887=CARTESIAN_POINT('Ctrl Pts',(2.9883482466512,10.1482910280233,0.));
#6888=CARTESIAN_POINT('',(2.91362108393243,10.213468371809,0.));
#6889=CARTESIAN_POINT('Ctrl Pts',(2.9883482466512,10.1482910280233,0.));
#6890=CARTESIAN_POINT('Ctrl Pts',(2.97295460361613,10.1571838405484,0.));
#6891=CARTESIAN_POINT('Ctrl Pts',(2.94374961271507,10.1740553834503,0.));
#6892=CARTESIAN_POINT('Ctrl Pts',(2.92329451508985,10.2008139593634,0.));
#6893=CARTESIAN_POINT('Ctrl Pts',(2.91362108393243,10.213468371809,0.));
#6894=CARTESIAN_POINT('',(2.88903035885325,10.3006102879648,0.));
#6895=CARTESIAN_POINT('Ctrl Pts',(2.91362108393243,10.213468371809,0.));
#6896=CARTESIAN_POINT('Ctrl Pts',(2.90644909650972,10.2269250818693,0.));
#6897=CARTESIAN_POINT('Ctrl Pts',(2.891925815723,10.2541749314788,0.));
#6898=CARTESIAN_POINT('Ctrl Pts',(2.890003422499,10.2850049588901,0.));
#6899=CARTESIAN_POINT('Ctrl Pts',(2.88903035885325,10.3006102879648,0.));
#6900=CARTESIAN_POINT('',(2.91911221771172,10.3996894125943,0.));
#6901=CARTESIAN_POINT('Ctrl Pts',(2.88903035885325,10.3006102879648,0.));
#6902=CARTESIAN_POINT('Ctrl Pts',(2.89033310483489,10.3180640634722,0.));
#6903=CARTESIAN_POINT('Ctrl Pts',(2.8929648858509,10.3533238268378,0.));
#6904=CARTESIAN_POINT('Ctrl Pts',(2.91033859135382,10.3841316368542,0.));
#6905=CARTESIAN_POINT('Ctrl Pts',(2.91911221771172,10.3996894125943,0.));
#6906=CARTESIAN_POINT('',(3.00697033955386,10.4696416472202,0.));
#6907=CARTESIAN_POINT('Ctrl Pts',(2.91911221771172,10.3996894125943,0.));
#6908=CARTESIAN_POINT('Ctrl Pts',(2.93060253647637,10.4142481030713,0.));
#6909=CARTESIAN_POINT('Ctrl Pts',(2.95439389569634,10.4443927006236,0.));
#6910=CARTESIAN_POINT('Ctrl Pts',(2.9890511940078,10.4610362810951,0.));
#6911=CARTESIAN_POINT('Ctrl Pts',(3.00697033955386,10.4696416472202,0.));
#6912=CARTESIAN_POINT('',(3.13541507078937,10.4935161386733,0.));
#6913=CARTESIAN_POINT('Ctrl Pts',(3.00697033955386,10.4696416472202,0.));
#6914=CARTESIAN_POINT('Ctrl Pts',(3.02711569626306,10.4766031262451,0.));
#6915=CARTESIAN_POINT('Ctrl Pts',(3.06871701796375,10.4909789813174,0.));
#6916=CARTESIAN_POINT('Ctrl Pts',(3.11272029336557,10.4926528417847,0.));
#6917=CARTESIAN_POINT('Ctrl Pts',(3.13541507078937,10.4935161386733,0.));
#6918=CARTESIAN_POINT('',(3.2726933966451,10.4684479151969,0.));
#6919=CARTESIAN_POINT('Ctrl Pts',(3.13541507078937,10.4935161386733,0.));
#6920=CARTESIAN_POINT('Ctrl Pts',(3.16006332980201,10.4926881925474,0.));
#6921=CARTESIAN_POINT('Ctrl Pts',(3.20709408929632,10.4911084081455,0.));
#6922=CARTESIAN_POINT('Ctrl Pts',(3.2515407158916,10.4757548547429,0.));
#6923=CARTESIAN_POINT('Ctrl Pts',(3.2726933966451,10.4684479151969,0.));
#6924=CARTESIAN_POINT('',(3.36413269593051,10.3946757678991,0.));
#6925=CARTESIAN_POINT('Ctrl Pts',(3.2726933966451,10.4684479151969,0.));
#6926=CARTESIAN_POINT('Ctrl Pts',(3.29121063640945,10.4593382406905,0.));
#6927=CARTESIAN_POINT('Ctrl Pts',(3.3272661007001,10.441600524484,0.));
#6928=CARTESIAN_POINT('Ctrl Pts',(3.3520683159831,10.4100316229446,0.));
#6929=CARTESIAN_POINT('Ctrl Pts',(3.36413269593051,10.3946757678991,0.));
#6930=CARTESIAN_POINT('',(3.3985119472318,10.2843756218558,0.));
#6931=CARTESIAN_POINT('Ctrl Pts',(3.36413269593051,10.3946757678991,0.));
#6932=CARTESIAN_POINT('Ctrl Pts',(3.37356831783418,10.3777556658111,0.));
#6933=CARTESIAN_POINT('Ctrl Pts',(3.39272413317974,10.3434051635829,0.));
#6934=CARTESIAN_POINT('Ctrl Pts',(3.39656366301406,10.3042460467679,0.));
#6935=CARTESIAN_POINT('Ctrl Pts',(3.3985119472318,10.2843756218558,0.));
#6936=CARTESIAN_POINT('',(3.30969886584809,10.2776907746797,0.));
#6937=CARTESIAN_POINT('',(1.27955663393556,10.1248845624124,0.));
#6938=CARTESIAN_POINT('',(3.26123365862897,10.3779636313324,0.));
#6939=CARTESIAN_POINT('Ctrl Pts',(3.30969886584809,10.2776907746797,0.));
#6940=CARTESIAN_POINT('Ctrl Pts',(3.30636060183779,10.298053720833,0.));
#6941=CARTESIAN_POINT('Ctrl Pts',(3.30007395873001,10.3364013693992,0.));
#6942=CARTESIAN_POINT('Ctrl Pts',(3.27363383768782,10.3646944369976,0.));
#6943=CARTESIAN_POINT('Ctrl Pts',(3.26123365862897,10.3779636313324,0.));
#6944=CARTESIAN_POINT('',(3.13923502071431,10.4118653749233,0.));
#6945=CARTESIAN_POINT('Ctrl Pts',(3.26123365862897,10.3779636313324,0.));
#6946=CARTESIAN_POINT('Ctrl Pts',(3.24459578923199,10.3878204301502,0.));
#6947=CARTESIAN_POINT('Ctrl Pts',(3.2071751209628,10.4099896147949,0.));
#6948=CARTESIAN_POINT('Ctrl Pts',(3.16349449370055,10.4111955944549,0.));
#6949=CARTESIAN_POINT('Ctrl Pts',(3.13923502071431,10.4118653749233,0.));
#6950=CARTESIAN_POINT('',(3.0167588750892,10.3810673196917,0.));
#6951=CARTESIAN_POINT('Ctrl Pts',(3.13923502071431,10.4118653749233,0.));
#6952=CARTESIAN_POINT('Ctrl Pts',(3.11441681130116,10.4114883830385,0.));
#6953=CARTESIAN_POINT('Ctrl Pts',(3.07093506550586,10.4108278895667,0.));
#6954=CARTESIAN_POINT('Ctrl Pts',(3.03302912546799,10.3900050452785,0.));
#6955=CARTESIAN_POINT('Ctrl Pts',(3.0167588750892,10.3810673196917,0.));
#6956=CARTESIAN_POINT('',(2.97832095726064,10.3068176274305,0.));
#6957=CARTESIAN_POINT('Ctrl Pts',(3.0167588750892,10.3810673196917,0.));
#6958=CARTESIAN_POINT('Ctrl Pts',(3.00555221949742,10.3705560967754,0.));
#6959=CARTESIAN_POINT('Ctrl Pts',(2.98392604805519,10.3502719444703,0.));
#6960=CARTESIAN_POINT('Ctrl Pts',(2.98014342815489,10.3209466096249,0.));
#6961=CARTESIAN_POINT('Ctrl Pts',(2.97832095726064,10.3068176274305,0.));
#6962=CARTESIAN_POINT('',(3.00553785367539,10.244743972004,0.));
#6963=CARTESIAN_POINT('Ctrl Pts',(2.97832095726064,10.3068176274305,0.));
#6964=CARTESIAN_POINT('Ctrl Pts',(2.97941248912185,10.2948391086081,0.));
#6965=CARTESIAN_POINT('Ctrl Pts',(2.98157556365954,10.2711014331589,0.));
#6966=CARTESIAN_POINT('Ctrl Pts',(2.9975997841364,10.2534754980551,0.));
#6967=CARTESIAN_POINT('Ctrl Pts',(3.00553785367539,10.244743972004,0.));
#6968=CARTESIAN_POINT('',(3.1452036063247,10.1948462789064,0.));
#6969=CARTESIAN_POINT('Ctrl Pts',(3.00553785367539,10.244743972004,0.));
#6970=CARTESIAN_POINT('Ctrl Pts',(3.02139249401948,10.2359079240638,0.));
#6971=CARTESIAN_POINT('Ctrl Pts',(3.06497173640302,10.2116205062137,0.));
#6972=CARTESIAN_POINT('Ctrl Pts',(3.11400757920358,10.2013684907223,0.));
#6973=CARTESIAN_POINT('Ctrl Pts',(3.1452036063247,10.1948462789064,0.));
#6974=CARTESIAN_POINT('',(3.30014908416799,10.1502009843593,0.));
#6975=CARTESIAN_POINT('Ctrl Pts',(3.1452036063247,10.1948462789064,0.));
#6976=CARTESIAN_POINT('Ctrl Pts',(3.17718534293111,10.1877011649556,0.));
#6977=CARTESIAN_POINT('Ctrl Pts',(3.22976903087344,10.1759533212745,0.));
#6978=CARTESIAN_POINT('Ctrl Pts',(3.28033691271887,10.1574503354225,0.));
#6979=CARTESIAN_POINT('Ctrl Pts',(3.30014908416799,10.1502009843593,0.));
#6980=CARTESIAN_POINT('',(3.39039465143016,10.0788163011079,0.));
#6981=CARTESIAN_POINT('Ctrl Pts',(3.30014908416799,10.1502009843593,0.));
#6982=CARTESIAN_POINT('Ctrl Pts',(3.31880281580172,10.1407313437768,0.));
#6983=CARTESIAN_POINT('Ctrl Pts',(3.35376086748301,10.1229847506884,0.));
#6984=CARTESIAN_POINT('Ctrl Pts',(3.37874304581997,10.0928643545568,0.));
#6985=CARTESIAN_POINT('Ctrl Pts',(3.39039465143016,10.0788163011079,0.));
#6986=CARTESIAN_POINT('',(3.41952150418094,9.97925963151505,0.));
#6987=CARTESIAN_POINT('Ctrl Pts',(3.39039465143016,10.0788163011079,0.));
#6988=CARTESIAN_POINT('Ctrl Pts',(3.39888895083948,10.0636767280971,0.));
#6989=CARTESIAN_POINT('Ctrl Pts',(3.41623912739406,10.0327531342797,0.));
#6990=CARTESIAN_POINT('Ctrl Pts',(3.41841228239951,9.99733682444074,0.));
#6991=CARTESIAN_POINT('Ctrl Pts',(3.41952150418094,9.97925963151505,0.));
#6992=CARTESIAN_POINT('',(3.38752967967322,9.87397316741994,0.));
#6993=CARTESIAN_POINT('Ctrl Pts',(3.41952150418094,9.97925963151505,0.));
#6994=CARTESIAN_POINT('Ctrl Pts',(3.41811574031222,9.96079461637733,0.));
#6995=CARTESIAN_POINT('Ctrl Pts',(3.41526448440927,9.92334274797948,0.));
#6996=CARTESIAN_POINT('Ctrl Pts',(3.39686009418744,9.890581852983,0.));
#6997=CARTESIAN_POINT('Ctrl Pts',(3.38752967967322,9.87397316741994,0.));
#6998=CARTESIAN_POINT('',(3.29561290993026,9.79709733176282,0.));
#6999=CARTESIAN_POINT('Ctrl Pts',(3.38752967967322,9.87397316741994,0.));
#7000=CARTESIAN_POINT('Ctrl Pts',(3.37541786475086,9.85828736297704,0.));
#7001=CARTESIAN_POINT('Ctrl Pts',(3.35044565698159,9.82594628361884,0.));
#7002=CARTESIAN_POINT('Ctrl Pts',(3.31425214319654,9.8069039231165,0.));
#7003=CARTESIAN_POINT('Ctrl Pts',(3.29561290993026,9.79709733176282,0.));
#7004=CARTESIAN_POINT('',(3.160722048121,9.76964164423993,0.));
#7005=CARTESIAN_POINT('Ctrl Pts',(3.29561290993026,9.79709733176282,0.));
#7006=CARTESIAN_POINT('Ctrl Pts',(3.2746211675089,9.78909187124238,0.));
#7007=CARTESIAN_POINT('Ctrl Pts',(3.23119364516993,9.7725302486478,0.));
#7008=CARTESIAN_POINT('Ctrl Pts',(3.18472760489787,9.77062562303455,0.));
#7009=CARTESIAN_POINT('Ctrl Pts',(3.160722048121,9.76964164423993,0.));
#7010=CARTESIAN_POINT('',(3.00147920577457,9.79733604836514,0.));
#7011=CARTESIAN_POINT('Ctrl Pts',(3.160722048121,9.76964164423993,0.));
#7012=CARTESIAN_POINT('Ctrl Pts',(3.13133063562148,9.77038762434593,0.));
#7013=CARTESIAN_POINT('Ctrl Pts',(3.07682050281889,9.77177113984206,0.));
#7014=CARTESIAN_POINT('Ctrl Pts',(3.02524542736281,9.7892716626341,0.));
#7015=CARTESIAN_POINT('Ctrl Pts',(3.00147920577457,9.79733604836514,0.));
#7016=CARTESIAN_POINT('',(2.90072886003783,9.88065805184891,0.));
#7017=CARTESIAN_POINT('Ctrl Pts',(3.00147920577457,9.79733604836514,0.));
#7018=CARTESIAN_POINT('Ctrl Pts',(2.98130885515656,9.80760579444922,0.));
#7019=CARTESIAN_POINT('Ctrl Pts',(2.94149529029463,9.82787689481714,0.));
#7020=CARTESIAN_POINT('Ctrl Pts',(2.91419719343121,9.86322031655264,0.));
#7021=CARTESIAN_POINT('Ctrl Pts',(2.90072886003783,9.88065805184891,0.));
#7022=CARTESIAN_POINT('Ctrl Pts',(2.90072886003783,9.88065805184891,0.));
#7023=CARTESIAN_POINT('Ctrl Pts',(2.88999146877314,9.89996916277399,0.));
#7024=CARTESIAN_POINT('Ctrl Pts',(2.86820718871662,9.93914801341137,0.));
#7025=CARTESIAN_POINT('Ctrl Pts',(2.86428160890322,9.98382217185785,0.));
#7026=CARTESIAN_POINT('Ctrl Pts',(2.86229093289605,10.0064766024356,0.));
#7027=CARTESIAN_POINT('',(-3.35170502375388,9.78157888996652,0.));
#7028=CARTESIAN_POINT('',(-3.35170502375388,10.4815788929468,0.));
#7029=CARTESIAN_POINT('',(-3.35170502375388,5.24078944647338,0.));
#7030=CARTESIAN_POINT('',(-3.11057264517569,10.4815788929468,0.));
#7031=CARTESIAN_POINT('',(-1.55528632258785,10.4815788929468,0.));
#7032=CARTESIAN_POINT('',(-2.98594782661223,10.4715516035562,0.));
#7033=CARTESIAN_POINT('Ctrl Pts',(-3.11057264517569,10.4815788929468,0.));
#7034=CARTESIAN_POINT('Ctrl Pts',(-3.0865135742949,10.481479539602,0.));
#7035=CARTESIAN_POINT('Ctrl Pts',(-3.04469117806146,10.4813068315631,0.));
#7036=CARTESIAN_POINT('Ctrl Pts',(-3.00346002980994,10.4744597715596,0.));
#7037=CARTESIAN_POINT('Ctrl Pts',(-2.98594782661223,10.4715516035562,0.));
#7038=CARTESIAN_POINT('',(-2.88328761767172,10.4214151566034,0.));
#7039=CARTESIAN_POINT('Ctrl Pts',(-2.98594782661223,10.4715516035562,0.));
#7040=CARTESIAN_POINT('Ctrl Pts',(-2.96682430601132,10.4661650508104,0.));
#7041=CARTESIAN_POINT('Ctrl Pts',(-2.92954602311227,10.4556648170251,0.));
#7042=CARTESIAN_POINT('Ctrl Pts',(-2.89843761262648,10.4326321922459,0.));
#7043=CARTESIAN_POINT('Ctrl Pts',(-2.88328761767172,10.4214151566034,0.));
#7044=CARTESIAN_POINT('',(-2.80044312189841,10.3018039827352,0.));
#7045=CARTESIAN_POINT('Ctrl Pts',(-2.88328761767172,10.4214151566034,0.));
#7046=CARTESIAN_POINT('Ctrl Pts',(-2.86590756443296,10.4045152296591,0.));
#7047=CARTESIAN_POINT('Ctrl Pts',(-2.83049054380616,10.3700766089626,0.));
#7048=CARTESIAN_POINT('Ctrl Pts',(-2.81058201684661,10.3248411999475,0.));
#7049=CARTESIAN_POINT('Ctrl Pts',(-2.80044312189841,10.3018039827352,0.));
#7050=CARTESIAN_POINT('',(-2.77298743437552,10.1353988041287,0.));
#7051=CARTESIAN_POINT('Ctrl Pts',(-2.80044312189841,10.3018039827352,0.));
#7052=CARTESIAN_POINT('Ctrl Pts',(-2.79243999215951,10.2759936353687,0.));
#7053=CARTESIAN_POINT('Ctrl Pts',(-2.77564222053139,10.2218202888342,0.));
#7054=CARTESIAN_POINT('Ctrl Pts',(-2.77389973182326,10.1650969023173,0.));
#7055=CARTESIAN_POINT('Ctrl Pts',(-2.77298743437552,10.1353988041287,0.));
#7056=CARTESIAN_POINT('',(-2.79160956453108,9.99406184899858,0.));
#7057=CARTESIAN_POINT('Ctrl Pts',(-2.77298743437552,10.1353988041287,0.));
#7058=CARTESIAN_POINT('Ctrl Pts',(-2.77358043448862,10.1102003752041,0.));
#7059=CARTESIAN_POINT('Ctrl Pts',(-2.77470538205826,10.0623978356235,0.));
#7060=CARTESIAN_POINT('Ctrl Pts',(-2.78618246339957,10.0160011714669,0.));
#7061=CARTESIAN_POINT('Ctrl Pts',(-2.79160956453108,9.99406184899858,0.));
#7062=CARTESIAN_POINT('',(-2.83935854743742,9.89211778986505,0.));
#7063=CARTESIAN_POINT('Ctrl Pts',(-2.79160956453108,9.99406184899858,0.));
#7064=CARTESIAN_POINT('Ctrl Pts',(-2.79789776398347,9.97492309192313,0.));
#7065=CARTESIAN_POINT('Ctrl Pts',(-2.8097040261753,9.93898956504169,0.));
#7066=CARTESIAN_POINT('Ctrl Pts',(-2.82991312838176,9.90704716790197,0.));
#7067=CARTESIAN_POINT('Ctrl Pts',(-2.83935854743742,9.89211778986505,0.));
#7068=CARTESIAN_POINT('',(-2.90310333083891,9.82861164856008,0.));
#7069=CARTESIAN_POINT('Ctrl Pts',(-2.83935854743742,9.89211778986505,0.));
#7070=CARTESIAN_POINT('Ctrl Pts',(-2.84901020385234,9.87957991221543,0.));
#7071=CARTESIAN_POINT('Ctrl Pts',(-2.86747454028929,9.85559401993168,0.));
#7072=CARTESIAN_POINT('Ctrl Pts',(-2.89159235304711,9.83732913441456,0.));
#7073=CARTESIAN_POINT('Ctrl Pts',(-2.90310333083891,9.82861164856008,0.));
#7074=CARTESIAN_POINT('',(-2.98666412543082,9.7935161356931,0.));
#7075=CARTESIAN_POINT('Ctrl Pts',(-2.90310333083891,9.82861164856008,0.));
#7076=CARTESIAN_POINT('Ctrl Pts',(-2.91560137186003,9.82127429480721,0.));
#7077=CARTESIAN_POINT('Ctrl Pts',(-2.94187198494333,9.80585133522729,0.));
#7078=CARTESIAN_POINT('Ctrl Pts',(-2.97125818355976,9.79775874086721,0.));
#7079=CARTESIAN_POINT('Ctrl Pts',(-2.98666412543082,9.7935161356931,0.));
#7080=CARTESIAN_POINT('',(-3.09911290715956,9.78157888996652,0.));
#7081=CARTESIAN_POINT('Ctrl Pts',(-2.98666412543082,9.7935161356931,0.));
#7082=CARTESIAN_POINT('Ctrl Pts',(-3.00413776934297,9.79003763829205,0.));
#7083=CARTESIAN_POINT('Ctrl Pts',(-3.04124693409636,9.78265027628566,0.));
#7084=CARTESIAN_POINT('Ctrl Pts',(-3.07908938410759,9.7819496247442,0.));
#7085=CARTESIAN_POINT('Ctrl Pts',(-3.09911290715956,9.78157888996652,0.));
#7086=CARTESIAN_POINT('',(-1.67585251187694,9.78157888996652,0.));
#7087=CARTESIAN_POINT('',(-4.05886734436774,9.78157888996652,0.));
#7088=CARTESIAN_POINT('',(-4.05886734436774,10.4815788929468,0.));
#7089=CARTESIAN_POINT('',(-4.05886734436774,5.24078944647338,0.));
#7090=CARTESIAN_POINT('',(-3.96384688626551,10.4815788929468,0.));
#7091=CARTESIAN_POINT('',(-1.98192344313276,10.4815788929468,0.));
#7092=CARTESIAN_POINT('',(-3.59617973278784,9.93198815631917,0.));
#7093=CARTESIAN_POINT('',(-0.745214305704209,5.67035049206201,0.));
#7094=CARTESIAN_POINT('',(-3.59617973278784,10.4815788929468,0.));
#7095=CARTESIAN_POINT('',(-3.59617973278784,5.24078944647338,0.));
#7096=CARTESIAN_POINT('',(-3.50736672590994,10.4815788929468,0.));
#7097=CARTESIAN_POINT('',(-1.75368336295497,10.4815788929468,0.));
#7098=CARTESIAN_POINT('',(-3.50736672590994,9.78157888996652,0.));
#7099=CARTESIAN_POINT('',(-3.50736672590994,4.89078944498326,0.));
#7100=CARTESIAN_POINT('',(-3.60238710950636,9.78157888996652,0.));
#7101=CARTESIAN_POINT('',(-1.80119355475318,9.78157888996652,0.));
#7102=CARTESIAN_POINT('',(-3.97005426298403,10.3316470970517,0.));
#7103=CARTESIAN_POINT('',(-0.97046934719507,5.84395685597098,0.));
#7104=CARTESIAN_POINT('',(-3.97005426298403,9.78157888996652,0.));
#7105=CARTESIAN_POINT('',(-3.97005426298403,4.89078944498326,0.));
#7106=CARTESIAN_POINT('',(-2.02943367218387,9.78157888996652,0.));
#7107=CARTESIAN_POINT('',(-4.49099558006548,10.0561355044251,0.));
#7108=CARTESIAN_POINT('',(-4.49099558006548,10.1382637386327,0.));
#7109=CARTESIAN_POINT('',(-4.49099558006548,5.06913186931635,0.));
#7110=CARTESIAN_POINT('',(-4.19447439323687,10.1387412463432,0.));
#7111=CARTESIAN_POINT('',(-2.10540615749556,10.1421054113153,0.));
#7112=CARTESIAN_POINT('',(-4.19447439323687,9.87898681211522,0.));
#7113=CARTESIAN_POINT('',(-4.19447439323687,4.93949340605761,0.));
#7114=CARTESIAN_POINT('',(-4.33533387790942,9.79709733176282,0.));
#7115=CARTESIAN_POINT('Ctrl Pts',(-4.19447439323687,9.87898681211522,0.));
#7116=CARTESIAN_POINT('Ctrl Pts',(-4.21702847506997,9.86211427256481,0.));
#7117=CARTESIAN_POINT('Ctrl Pts',(-4.26082173600088,9.82935286234354,0.));
#7118=CARTESIAN_POINT('Ctrl Pts',(-4.3109986887906,9.80763178180954,0.));
#7119=CARTESIAN_POINT('Ctrl Pts',(-4.33533387790942,9.79709733176282,0.));
#7120=CARTESIAN_POINT('',(-4.48431069563651,9.76964164423993,0.));
#7121=CARTESIAN_POINT('Ctrl Pts',(-4.33533387790942,9.79709733176282,0.));
#7122=CARTESIAN_POINT('Ctrl Pts',(-4.35963462865087,9.78908945950523,0.));
#7123=CARTESIAN_POINT('Ctrl Pts',(-4.40804289535959,9.77313739200989,0.));
#7124=CARTESIAN_POINT('Ctrl Pts',(-4.45895583983664,9.77080378842527,0.));
#7125=CARTESIAN_POINT('Ctrl Pts',(-4.48431069563651,9.76964164423993,0.));
#7126=CARTESIAN_POINT('',(-4.67172546844506,9.81380943107656,0.));
#7127=CARTESIAN_POINT('Ctrl Pts',(-4.48431069563651,9.76964164423993,0.));
#7128=CARTESIAN_POINT('Ctrl Pts',(-4.51759507761679,9.7713220796717,0.));
#7129=CARTESIAN_POINT('Ctrl Pts',(-4.58279182687565,9.77461368134709,0.));
#7130=CARTESIAN_POINT('Ctrl Pts',(-4.64249975684989,9.80092877470024,0.));
#7131=CARTESIAN_POINT('Ctrl Pts',(-4.67172546844506,9.81380943107656,0.));
#7132=CARTESIAN_POINT('',(-4.798976495597,9.94153793799928,0.));
#7133=CARTESIAN_POINT('Ctrl Pts',(-4.67172546844506,9.81380943107656,0.));
#7134=CARTESIAN_POINT('Ctrl Pts',(-4.69807252996128,9.83012626790356,0.));
#7135=CARTESIAN_POINT('Ctrl Pts',(-4.7505899410705,9.86265050318186,0.));
#7136=CARTESIAN_POINT('Ctrl Pts',(-4.78288386522782,9.91530117983965,0.));
#7137=CARTESIAN_POINT('Ctrl Pts',(-4.798976495597,9.94153793799928,0.));
#7138=CARTESIAN_POINT('',(-4.84195057835006,10.1282364492421,0.));
#7139=CARTESIAN_POINT('Ctrl Pts',(-4.798976495597,9.94153793799928,0.));
#7140=CARTESIAN_POINT('Ctrl Pts',(-4.81150854328147,9.97060573027138,0.));
#7141=CARTESIAN_POINT('Ctrl Pts',(-4.83719630807361,10.0301879014945,0.));
#7142=CARTESIAN_POINT('Ctrl Pts',(-4.84034037679883,10.0950288454461,0.));
#7143=CARTESIAN_POINT('Ctrl Pts',(-4.84195057835006,10.1282364492421,0.));
#7144=CARTESIAN_POINT('',(-4.799215240139,10.3189936270123,0.));
#7145=CARTESIAN_POINT('Ctrl Pts',(-4.84195057835006,10.1282364492421,0.));
#7146=CARTESIAN_POINT('Ctrl Pts',(-4.84024180038637,10.161580572607,0.));
#7147=CARTESIAN_POINT('Ctrl Pts',(-4.83685787912324,10.2276124915876,0.));
#7148=CARTESIAN_POINT('Ctrl Pts',(-4.81167936541112,10.2887357611937,0.));
#7149=CARTESIAN_POINT('Ctrl Pts',(-4.799215240139,10.3189936270123,0.));
#7150=CARTESIAN_POINT('',(-4.67626160542988,10.45054208386,0.));
#7151=CARTESIAN_POINT('Ctrl Pts',(-4.799215240139,10.3189936270123,0.));
#7152=CARTESIAN_POINT('Ctrl Pts',(-4.78369806352149,10.346460742674,0.));
#7153=CARTESIAN_POINT('Ctrl Pts',(-4.75329855460175,10.4002712294746,0.));
#7154=CARTESIAN_POINT('Ctrl Pts',(-4.7015805731703,10.4340200622308,0.));
#7155=CARTESIAN_POINT('Ctrl Pts',(-4.67626160542988,10.45054208386,0.));
#7156=CARTESIAN_POINT('',(-4.49147308777594,10.4935161386733,0.));
#7157=CARTESIAN_POINT('Ctrl Pts',(-4.67626160542988,10.45054208386,0.));
#7158=CARTESIAN_POINT('Ctrl Pts',(-4.64791675941809,10.4630716320272,0.));
#7159=CARTESIAN_POINT('Ctrl Pts',(-4.58909231907703,10.4890743719383,0.));
#7160=CARTESIAN_POINT('Ctrl Pts',(-4.52479067056798,10.4920001573553,0.));
#7161=CARTESIAN_POINT('Ctrl Pts',(-4.49147308777594,10.4935161386733,0.));
#7162=CARTESIAN_POINT('',(-4.35419472466731,10.4689254229074,0.));
#7163=CARTESIAN_POINT('Ctrl Pts',(-4.49147308777594,10.4935161386733,0.));
#7164=CARTESIAN_POINT('Ctrl Pts',(-4.46716453574433,10.4926451505106,0.));
#7165=CARTESIAN_POINT('Ctrl Pts',(-4.42021513574371,10.4909629288959,0.));
#7166=CARTESIAN_POINT('Ctrl Pts',(-4.37567414360378,10.476095218062,0.));
#7167=CARTESIAN_POINT('Ctrl Pts',(-4.35419472466731,10.4689254229074,0.));
#7168=CARTESIAN_POINT('',(-4.25798053454184,10.4004056369071,0.));
#7169=CARTESIAN_POINT('Ctrl Pts',(-4.35419472466731,10.4689254229074,0.));
#7170=CARTESIAN_POINT('Ctrl Pts',(-4.33512394484016,10.4602639352337,0.));
#7171=CARTESIAN_POINT('Ctrl Pts',(-4.29855970855784,10.4436573420724,0.));
#7172=CARTESIAN_POINT('Ctrl Pts',(-4.27111224582451,10.4144021984066,0.));
#7173=CARTESIAN_POINT('Ctrl Pts',(-4.25798053454184,10.4004056369071,0.));
#7174=CARTESIAN_POINT('',(-4.20497911583209,10.2858081077342,0.));
#7175=CARTESIAN_POINT('Ctrl Pts',(-4.25798053454184,10.4004056369071,0.));
#7176=CARTESIAN_POINT('Ctrl Pts',(-4.24688540365697,10.3839437012164,0.));
#7177=CARTESIAN_POINT('Ctrl Pts',(-4.22308670008458,10.3486333716856,0.));
#7178=CARTESIAN_POINT('Ctrl Pts',(-4.21128094235679,10.3076726430179,0.));
#7179=CARTESIAN_POINT('Ctrl Pts',(-4.20497911583209,10.2858081077342,0.));
#7180=CARTESIAN_POINT('',(-4.28853991042399,10.2628885944491,0.));
#7181=CARTESIAN_POINT('',(-3.60330277833472,10.4508391953153,0.));
#7182=CARTESIAN_POINT('',(-4.32769405256533,10.3469267849927,0.));
#7183=CARTESIAN_POINT('Ctrl Pts',(-4.28853991042399,10.2628885944491,0.));
#7184=CARTESIAN_POINT('Ctrl Pts',(-4.2936748625461,10.279164060923,0.));
#7185=CARTESIAN_POINT('Ctrl Pts',(-4.30306335748753,10.3089213266241,0.));
#7186=CARTESIAN_POINT('Ctrl Pts',(-4.32001428228318,10.3350768071981,0.));
#7187=CARTESIAN_POINT('Ctrl Pts',(-4.32769405256533,10.3469267849927,0.));
#7188=CARTESIAN_POINT('',(-4.39454259883189,10.3958694999223,0.));
#7189=CARTESIAN_POINT('Ctrl Pts',(-4.32769405256533,10.3469267849927,0.));
#7190=CARTESIAN_POINT('Ctrl Pts',(-4.33668027490079,10.3567500131618,0.));
#7191=CARTESIAN_POINT('Ctrl Pts',(-4.35566519706579,10.3775032524249,0.));
#7192=CARTESIAN_POINT('Ctrl Pts',(-4.38113076678119,10.3895335562726,0.));
#7193=CARTESIAN_POINT('Ctrl Pts',(-4.39454259883189,10.3958694999223,0.));
#7194=CARTESIAN_POINT('',(-4.49099558006548,10.4142528389697,0.));
#7195=CARTESIAN_POINT('Ctrl Pts',(-4.39454259883189,10.3958694999223,0.));
#7196=CARTESIAN_POINT('Ctrl Pts',(-4.40967413781269,10.401229974036,0.));
#7197=CARTESIAN_POINT('Ctrl Pts',(-4.44087117957159,10.4122817867421,0.));
#7198=CARTESIAN_POINT('Ctrl Pts',(-4.47395727408188,10.4135828381192,0.));
#7199=CARTESIAN_POINT('Ctrl Pts',(-4.49099558006548,10.4142528389697,0.));
#7200=CARTESIAN_POINT('',(-4.60081821839833,10.3949144845014,0.));
#7201=CARTESIAN_POINT('Ctrl Pts',(-4.49099558006548,10.4142528389697,0.));
#7202=CARTESIAN_POINT('Ctrl Pts',(-4.51091749086045,10.4136600540936,0.));
#7203=CARTESIAN_POINT('Ctrl Pts',(-4.54849607845946,10.4125418873363,0.));
#7204=CARTESIAN_POINT('Ctrl Pts',(-4.58409276004159,10.4005493150415,0.));
#7205=CARTESIAN_POINT('Ctrl Pts',(-4.60081821839833,10.3949144845014,0.));
#7206=CARTESIAN_POINT('',(-4.6755453811171,10.3440618504887,0.));
#7207=CARTESIAN_POINT('Ctrl Pts',(-4.60081821839833,10.3949144845014,0.));
#7208=CARTESIAN_POINT('Ctrl Pts',(-4.61528357767203,10.388208008601,0.));
#7209=CARTESIAN_POINT('Ctrl Pts',(-4.64300950717012,10.3753536249332,0.));
#7210=CARTESIAN_POINT('Ctrl Pts',(-4.6650188847291,10.354185837052,0.));
#7211=CARTESIAN_POINT('Ctrl Pts',(-4.6755453811171,10.3440618504887,0.));
#7212=CARTESIAN_POINT('',(-4.71971318658018,10.2748258401757,0.));
#7213=CARTESIAN_POINT('Ctrl Pts',(-4.6755453811171,10.3440618504887,0.));
#7214=CARTESIAN_POINT('Ctrl Pts',(-4.68446283264346,10.3333592738356,0.));
#7215=CARTESIAN_POINT('Ctrl Pts',(-4.70212986703118,10.3121555937026,0.));
#7216=CARTESIAN_POINT('Ctrl Pts',(-4.71388932541275,10.2871900187,0.));
#7217=CARTESIAN_POINT('Ctrl Pts',(-4.71971318658018,10.2748258401757,0.));
#7218=CARTESIAN_POINT('',(-4.74645261253738,10.1339663555031,0.));
#7219=CARTESIAN_POINT('Ctrl Pts',(-4.71971318658018,10.2748258401757,0.));
#7220=CARTESIAN_POINT('Ctrl Pts',(-4.72751130390742,10.2524780549285,0.));
#7221=CARTESIAN_POINT('Ctrl Pts',(-4.74342648105517,10.206868461466,0.));
#7222=CARTESIAN_POINT('Ctrl Pts',(-4.74543051499822,10.1585895629026,0.));
#7223=CARTESIAN_POINT('Ctrl Pts',(-4.74645261253738,10.1339663555031,0.));
#7224=CARTESIAN_POINT('',(-4.71422205280089,9.97734967517903,0.));
#7225=CARTESIAN_POINT('Ctrl Pts',(-4.74645261253738,10.1339663555031,0.));
#7226=CARTESIAN_POINT('Ctrl Pts',(-4.74554325829581,10.1049354768869,0.));
#7227=CARTESIAN_POINT('Ctrl Pts',(-4.7438471298166,10.0507870518323,0.));
#7228=CARTESIAN_POINT('Ctrl Pts',(-4.72360955204763,10.0006202752065,0.));
#7229=CARTESIAN_POINT('Ctrl Pts',(-4.71422205280089,9.97734967517903,0.));
#7230=CARTESIAN_POINT('',(-4.62039530809545,9.88376166570237,0.));
#7231=CARTESIAN_POINT('Ctrl Pts',(-4.71422205280089,9.97734967517903,0.));
#7232=CARTESIAN_POINT('Ctrl Pts',(-4.70233673752108,9.95773384000973,0.));
#7233=CARTESIAN_POINT('Ctrl Pts',(-4.67875139291983,9.91880797046251,0.));
#7234=CARTESIAN_POINT('Ctrl Pts',(-4.63974519241369,9.89538242375924,0.));
#7235=CARTESIAN_POINT('Ctrl Pts',(-4.62039530809545,9.88376166570237,0.));
#7236=CARTESIAN_POINT('',(-4.48956313143992,9.85320236432603,0.));
#7237=CARTESIAN_POINT('Ctrl Pts',(-4.62039530809545,9.88376166570237,0.));
#7238=CARTESIAN_POINT('Ctrl Pts',(-4.59952429479333,9.87484854431878,0.));
#7239=CARTESIAN_POINT('Ctrl Pts',(-4.55770723422396,9.85699025773899,0.));
#7240=CARTESIAN_POINT('Ctrl Pts',(-4.51230498803527,9.85446650495268,0.));
#7241=CARTESIAN_POINT('Ctrl Pts',(-4.48956313143992,9.85320236432603,0.));
#7242=CARTESIAN_POINT('',(-4.37210063051009,9.87636063146642,0.));
#7243=CARTESIAN_POINT('Ctrl Pts',(-4.48956313143992,9.85320236432603,0.));
#7244=CARTESIAN_POINT('Ctrl Pts',(-4.46956291987715,9.85419365604401,0.));
#7245=CARTESIAN_POINT('Ctrl Pts',(-4.4292844159438,9.85619002229425,0.));
#7246=CARTESIAN_POINT('Ctrl Pts',(-4.39124942289437,9.86960622015257,0.));
#7247=CARTESIAN_POINT('Ctrl Pts',(-4.37210063051009,9.87636063146642,0.));
#7248=CARTESIAN_POINT('',(-4.2851974309566,9.92578077960065,0.));
#7249=CARTESIAN_POINT('Ctrl Pts',(-4.37210063051009,9.87636063146642,0.));
#7250=CARTESIAN_POINT('Ctrl Pts',(-4.35487929753102,9.88359935496204,0.));
#7251=CARTESIAN_POINT('Ctrl Pts',(-4.32390479096938,9.89661901428143,0.));
#7252=CARTESIAN_POINT('Ctrl Pts',(-4.29709943525153,9.9168139201723,0.));
#7253=CARTESIAN_POINT('Ctrl Pts',(-4.2851974309566,9.92578077960065,0.));
#7254=CARTESIAN_POINT('',(-4.2851974309566,10.0561355044251,0.));
#7255=CARTESIAN_POINT('',(-4.2851974309566,5.02806775221254,0.));
#7256=CARTESIAN_POINT('',(-2.24549779003274,10.0561355044251,0.));
#7257=CARTESIAN_POINT('',(-0.412891909738956,10.0270086144214,0.));
#7258=CARTESIAN_POINT('',(-0.320258841177402,10.0036116306787,0.));
#7259=CARTESIAN_POINT('',(1.01784708595438,9.66563683280909,0.));
#7260=CARTESIAN_POINT('',(-0.42506779756206,9.82956658947518,0.));
#7261=CARTESIAN_POINT('Ctrl Pts',(-0.320258841177402,10.0036116306787,0.));
#7262=CARTESIAN_POINT('Ctrl Pts',(-0.331165860177922,9.96844007791863,0.));
#7263=CARTESIAN_POINT('Ctrl Pts',(-0.351869136295006,9.90167881453187,0.));
#7264=CARTESIAN_POINT('Ctrl Pts',(-0.4015568506611,9.85272857993881,0.));
#7265=CARTESIAN_POINT('Ctrl Pts',(-0.42506779756206,9.82956658947518,0.));
#7266=CARTESIAN_POINT('',(-0.610095218082843,9.76964164423993,0.));
#7267=CARTESIAN_POINT('Ctrl Pts',(-0.42506779756206,9.82956658947518,0.));
#7268=CARTESIAN_POINT('Ctrl Pts',(-0.452277343987365,9.81209398728163,0.));
#7269=CARTESIAN_POINT('Ctrl Pts',(-0.508602983299952,9.77592449464756,0.));
#7270=CARTESIAN_POINT('Ctrl Pts',(-0.57550957405161,9.77178265954189,0.));
#7271=CARTESIAN_POINT('Ctrl Pts',(-0.610095218082843,9.76964164423993,0.));
#7272=CARTESIAN_POINT('',(-0.7941674741711,9.81571938741258,0.));
#7273=CARTESIAN_POINT('Ctrl Pts',(-0.610095218082843,9.76964164423993,0.));
#7274=CARTESIAN_POINT('Ctrl Pts',(-0.644973159216826,9.77089708832811,0.));
#7275=CARTESIAN_POINT('Ctrl Pts',(-0.709747291179429,9.77322865660294,0.));
#7276=CARTESIAN_POINT('Ctrl Pts',(-0.767508202013849,9.80230112750515,0.));
#7277=CARTESIAN_POINT('Ctrl Pts',(-0.7941674741711,9.81571938741258,0.));
#7278=CARTESIAN_POINT('',(-0.902080193420825,9.94917776334336,0.));
#7279=CARTESIAN_POINT('Ctrl Pts',(-0.7941674741711,9.81571938741258,0.));
#7280=CARTESIAN_POINT('Ctrl Pts',(-0.816566349947703,9.83322389308892,0.));
#7281=CARTESIAN_POINT('Ctrl Pts',(-0.862785417227218,9.86934364899177,0.));
#7282=CARTESIAN_POINT('Ctrl Pts',(-0.888716130033127,9.92202636389427,0.));
#7283=CARTESIAN_POINT('Ctrl Pts',(-0.902080193420825,9.94917776334336,0.));
#7284=CARTESIAN_POINT('',(-0.939085588118014,10.1368312900071,0.));
#7285=CARTESIAN_POINT('Ctrl Pts',(-0.902080193420825,9.94917776334336,0.));
#7286=CARTESIAN_POINT('Ctrl Pts',(-0.912872801762954,9.9790727670595,0.));
#7287=CARTESIAN_POINT('Ctrl Pts',(-0.934768999990012,10.0397241783418,0.));
#7288=CARTESIAN_POINT('Ctrl Pts',(-0.937633165935398,10.1041572152772,0.));
#7289=CARTESIAN_POINT('Ctrl Pts',(-0.939085588118014,10.1368312900071,0.));
#7290=CARTESIAN_POINT('',(-0.897305265327868,10.3275884305244,0.));
#7291=CARTESIAN_POINT('Ctrl Pts',(-0.939085588118014,10.1368312900071,0.));
#7292=CARTESIAN_POINT('Ctrl Pts',(-0.937690771568821,10.1714211613422,0.));
#7293=CARTESIAN_POINT('Ctrl Pts',(-0.935024611555566,10.2375389112862,0.));
#7294=CARTESIAN_POINT('Ctrl Pts',(-0.909484110266423,10.2985131882078,0.));
#7295=CARTESIAN_POINT('Ctrl Pts',(-0.897305265327868,10.3275884305244,0.));
#7296=CARTESIAN_POINT('',(-0.778410241266665,10.4512583081727,0.));
#7297=CARTESIAN_POINT('Ctrl Pts',(-0.897305265327868,10.3275884305244,0.));
#7298=CARTESIAN_POINT('Ctrl Pts',(-0.882045619840052,10.353017419641,0.));
#7299=CARTESIAN_POINT('Ctrl Pts',(-0.851847683138814,10.4033398864593,0.));
#7300=CARTESIAN_POINT('Ctrl Pts',(-0.802715105526237,10.4353992217777,0.));
#7301=CARTESIAN_POINT('Ctrl Pts',(-0.778410241266665,10.4512583081727,0.));
#7302=CARTESIAN_POINT('',(-0.608662620445666,10.4935161386733,0.));
#7303=CARTESIAN_POINT('Ctrl Pts',(-0.778410241266665,10.4512583081727,0.));
#7304=CARTESIAN_POINT('Ctrl Pts',(-0.751853599446013,10.4635828623033,0.));
#7305=CARTESIAN_POINT('Ctrl Pts',(-0.698005787411541,10.488572854589,0.));
#7306=CARTESIAN_POINT('Ctrl Pts',(-0.63871327562453,10.4918534605916,0.));
#7307=CARTESIAN_POINT('Ctrl Pts',(-0.608662620445666,10.4935161386733,0.));
#7308=CARTESIAN_POINT('',(-0.43199147309917,10.4400372867589,0.));
#7309=CARTESIAN_POINT('Ctrl Pts',(-0.608662620445666,10.4935161386733,0.));
#7310=CARTESIAN_POINT('Ctrl Pts',(-0.575611451622957,10.4917020223572,0.));
#7311=CARTESIAN_POINT('Ctrl Pts',(-0.512264686510531,10.4882250379036,0.));
#7312=CARTESIAN_POINT('Ctrl Pts',(-0.457961822735538,10.4556272038961,0.));
#7313=CARTESIAN_POINT('Ctrl Pts',(-0.43199147309917,10.4400372867589,0.));
#7314=CARTESIAN_POINT('',(-0.332196012398181,10.2896280204063,0.));
#7315=CARTESIAN_POINT('Ctrl Pts',(-0.43199147309917,10.4400372867589,0.));
#7316=CARTESIAN_POINT('Ctrl Pts',(-0.409786838565545,10.4199000300911,0.));
#7317=CARTESIAN_POINT('Ctrl Pts',(-0.363869930109121,10.3782582471749,0.));
#7318=CARTESIAN_POINT('Ctrl Pts',(-0.342982590486653,10.3198111152404,0.));
#7319=CARTESIAN_POINT('Ctrl Pts',(-0.332196012398181,10.2896280204063,0.));
#7320=CARTESIAN_POINT('',(-0.42339663233417,10.2681409557467,0.));
#7321=CARTESIAN_POINT('',(-1.36881770310815,10.0453976926798,0.));
#7322=CARTESIAN_POINT('',(-0.494065091272769,10.379396079958,0.));
#7323=CARTESIAN_POINT('Ctrl Pts',(-0.42339663233417,10.2681409557467,0.));
#7324=CARTESIAN_POINT('Ctrl Pts',(-0.431652429839645,10.2912522067852,0.));
#7325=CARTESIAN_POINT('Ctrl Pts',(-0.446852772760381,10.3338039942874,0.));
#7326=CARTESIAN_POINT('Ctrl Pts',(-0.479259503405518,10.3650985904104,0.));
#7327=CARTESIAN_POINT('Ctrl Pts',(-0.494065091272769,10.379396079958,0.));
#7328=CARTESIAN_POINT('',(-0.610572651287494,10.4142528389697,0.));
#7329=CARTESIAN_POINT('Ctrl Pts',(-0.494065091272769,10.379396079958,0.));
#7330=CARTESIAN_POINT('Ctrl Pts',(-0.511047669558524,10.3895552899248,0.));
#7331=CARTESIAN_POINT('Ctrl Pts',(-0.546858842236111,10.4109780218721,0.));
#7332=CARTESIAN_POINT('Ctrl Pts',(-0.588617186758097,10.4131243531407,0.));
#7333=CARTESIAN_POINT('Ctrl Pts',(-0.610572651287494,10.4142528389697,0.));
#7334=CARTESIAN_POINT('',(-0.745463475843844,10.3755761672859,0.));
#7335=CARTESIAN_POINT('Ctrl Pts',(-0.610572651287494,10.4142528389697,0.));
#7336=CARTESIAN_POINT('Ctrl Pts',(-0.635845299438297,10.4130002228396,0.));
#7337=CARTESIAN_POINT('Ctrl Pts',(-0.683915586473095,10.4106176621929,0.));
#7338=CARTESIAN_POINT('Ctrl Pts',(-0.725664017375788,10.3868487329281,0.));
#7339=CARTESIAN_POINT('Ctrl Pts',(-0.745463475843844,10.3755761672859,0.));
#7340=CARTESIAN_POINT('',(-0.821623161693988,10.2717221518164,0.));
#7341=CARTESIAN_POINT('Ctrl Pts',(-0.745463475843844,10.3755761672859,0.));
#7342=CARTESIAN_POINT('Ctrl Pts',(-0.762216788234029,10.3614862720119,0.));
#7343=CARTESIAN_POINT('Ctrl Pts',(-0.796018885131466,10.3330579830722,0.));
#7344=CARTESIAN_POINT('Ctrl Pts',(-0.813038811108115,10.2922862274188,0.));
#7345=CARTESIAN_POINT('Ctrl Pts',(-0.821623161693988,10.2717221518164,0.));
#7346=CARTESIAN_POINT('',(-0.843587622305331,10.1373087604647,0.));
#7347=CARTESIAN_POINT('Ctrl Pts',(-0.821623161693988,10.2717221518164,0.));
#7348=CARTESIAN_POINT('Ctrl Pts',(-0.828029476096372,10.2498078196336,0.));
#7349=CARTESIAN_POINT('Ctrl Pts',(-0.84086378627884,10.2059049889249,0.));
#7350=CARTESIAN_POINT('Ctrl Pts',(-0.8426786549928,10.1601999069312,0.));
#7351=CARTESIAN_POINT('Ctrl Pts',(-0.843587622305331,10.1373087604647,0.));
#7352=CARTESIAN_POINT('',(-0.817564383408008,9.98140837895921,0.));
#7353=CARTESIAN_POINT('Ctrl Pts',(-0.843587622305331,10.1373087604647,0.));
#7354=CARTESIAN_POINT('Ctrl Pts',(-0.842771587739507,10.1092021738117,0.));
#7355=CARTESIAN_POINT('Ctrl Pts',(-0.841227124700435,10.0560064072864,0.));
#7356=CARTESIAN_POINT('Ctrl Pts',(-0.825147945764185,10.0053159555361,0.));
#7357=CARTESIAN_POINT('Ctrl Pts',(-0.817564383408008,9.98140837895921,0.));
#7358=CARTESIAN_POINT('',(-0.73662991847652,9.88185170936635,0.));
#7359=CARTESIAN_POINT('Ctrl Pts',(-0.817564383408008,9.98140837895921,0.));
#7360=CARTESIAN_POINT('Ctrl Pts',(-0.807974780541143,9.96078467734165,0.));
#7361=CARTESIAN_POINT('Ctrl Pts',(-0.78935257989083,9.9207351867625,0.));
#7362=CARTESIAN_POINT('Ctrl Pts',(-0.753850170353207,9.89455181320484,0.));
#7363=CARTESIAN_POINT('Ctrl Pts',(-0.73662991847652,9.88185170936635,0.));
#7364=CARTESIAN_POINT('',(-0.617735043426929,9.84890494394353,0.));
#7365=CARTESIAN_POINT('Ctrl Pts',(-0.73662991847652,9.88185170936635,0.));
#7366=CARTESIAN_POINT('Ctrl Pts',(-0.717950505507009,9.8722422362509,0.));
#7367=CARTESIAN_POINT('Ctrl Pts',(-0.680599895313156,9.85302751654373,0.));
#7368=CARTESIAN_POINT('Ctrl Pts',(-0.638686920957135,9.85027893328157,0.));
#7369=CARTESIAN_POINT('Ctrl Pts',(-0.617735043426929,9.84890494394353,0.));
#7370=CARTESIAN_POINT('',(-0.485947832724032,9.89378895509294,0.));
#7371=CARTESIAN_POINT('Ctrl Pts',(-0.617735043426929,9.84890494394353,0.));
#7372=CARTESIAN_POINT('Ctrl Pts',(-0.593056872674544,9.85055431134928,0.));
#7373=CARTESIAN_POINT('Ctrl Pts',(-0.545057841638752,9.8537623302131,0.));
#7374=CARTESIAN_POINT('Ctrl Pts',(-0.505276188863578,9.88070066640975,0.));
#7375=CARTESIAN_POINT('Ctrl Pts',(-0.485947832724032,9.89378895509294,0.));
#7376=CARTESIAN_POINT('Ctrl Pts',(-0.485947832724032,9.89378895509294,0.));
#7377=CARTESIAN_POINT('Ctrl Pts',(-0.469237904497591,9.91145306915299,0.));
#7378=CARTESIAN_POINT('Ctrl Pts',(-0.433369861442628,9.94936928249921,0.));
#7379=CARTESIAN_POINT('Ctrl Pts',(-0.420021590699465,9.99997741156467,0.));
#7380=CARTESIAN_POINT('Ctrl Pts',(-0.412891909738956,10.0270086144214,0.));
#7381=CARTESIAN_POINT('',(1.58560338319018,10.0270086144214,0.));
#7382=CARTESIAN_POINT('',(1.67823645175174,10.0036116306787,0.));
#7383=CARTESIAN_POINT('',(2.07701900547185,9.90288832450787,0.));
#7384=CARTESIAN_POINT('',(1.57342749536708,9.82956658947518,0.));
#7385=CARTESIAN_POINT('Ctrl Pts',(1.67823645175174,10.0036116306787,0.));
#7386=CARTESIAN_POINT('Ctrl Pts',(1.66732936687739,9.96844008765379,0.));
#7387=CARTESIAN_POINT('Ctrl Pts',(1.64662598061528,9.90167889077414,0.));
#7388=CARTESIAN_POINT('Ctrl Pts',(1.59693837294888,9.85272859183402,0.));
#7389=CARTESIAN_POINT('Ctrl Pts',(1.57342749536708,9.82956658947518,0.));
#7390=CARTESIAN_POINT('',(1.3884001493521,9.76964164423993,0.));
#7391=CARTESIAN_POINT('Ctrl Pts',(1.57342749536708,9.82956658947518,0.));
#7392=CARTESIAN_POINT('Ctrl Pts',(1.54621792400716,9.81209398693887,0.));
#7393=CARTESIAN_POINT('Ctrl Pts',(1.48989229520289,9.77592453348857,0.));
#7394=CARTESIAN_POINT('Ctrl Pts',(1.42298573957727,9.77178267132298,0.));
#7395=CARTESIAN_POINT('Ctrl Pts',(1.3884001493521,9.76964164423993,0.));
#7396=CARTESIAN_POINT('',(1.20432781875804,9.81571938741258,0.));
#7397=CARTESIAN_POINT('Ctrl Pts',(1.3884001493521,9.76964164423993,0.));
#7398=CARTESIAN_POINT('Ctrl Pts',(1.35352215552835,9.77089707769921,0.));
#7399=CARTESIAN_POINT('Ctrl Pts',(1.28874799176223,9.77322862385691,0.));
#7400=CARTESIAN_POINT('Ctrl Pts',(1.23098706606215,9.80230112808593,0.));
#7401=CARTESIAN_POINT('Ctrl Pts',(1.20432781875804,9.81571938741258,0.));
#7402=CARTESIAN_POINT('',(1.09641517401412,9.94917776334336,0.));
#7403=CARTESIAN_POINT('Ctrl Pts',(1.20432781875804,9.81571938741258,0.));
#7404=CARTESIAN_POINT('Ctrl Pts',(1.18192890477377,9.83322388328442,0.));
#7405=CARTESIAN_POINT('Ctrl Pts',(1.1357097944705,9.86934359096633,0.));
#7406=CARTESIAN_POINT('Ctrl Pts',(1.10977917800976,9.92202635721591,0.));
#7407=CARTESIAN_POINT('Ctrl Pts',(1.09641517401412,9.94917776334336,0.));
#7408=CARTESIAN_POINT('',(1.05940970481113,10.1368312900071,0.));
#7409=CARTESIAN_POINT('Ctrl Pts',(1.09641517401412,9.94917776334336,0.));
#7410=CARTESIAN_POINT('Ctrl Pts',(1.08562253470621,9.97907276523915,0.));
#7411=CARTESIAN_POINT('Ctrl Pts',(1.06372627621238,10.0397241657455,0.));
#7412=CARTESIAN_POINT('Ctrl Pts',(1.06086212125623,10.1041572134998,0.));
#7413=CARTESIAN_POINT('Ctrl Pts',(1.05940970481113,10.1368312900071,0.));
#7414=CARTESIAN_POINT('',(1.10119002760127,10.3275884305244,0.));
#7415=CARTESIAN_POINT('Ctrl Pts',(1.05940970481113,10.1368312900071,0.));
#7416=CARTESIAN_POINT('Ctrl Pts',(1.0608045955716,10.1714211557618,0.));
#7417=CARTESIAN_POINT('Ctrl Pts',(1.06347089657615,10.2375388736666,0.));
#7418=CARTESIAN_POINT('Ctrl Pts',(1.08901125507197,10.2985131830431,0.));
#7419=CARTESIAN_POINT('Ctrl Pts',(1.10119002760127,10.3275884305244,0.));
#7420=CARTESIAN_POINT('',(1.22008505166247,10.4512583081727,0.));
#7421=CARTESIAN_POINT('Ctrl Pts',(1.10119002760127,10.3275884305244,0.));
#7422=CARTESIAN_POINT('Ctrl Pts',(1.11644970273368,10.3530174152631,0.));
#7423=CARTESIAN_POINT('Ctrl Pts',(1.14664768046597,10.4033398440325,0.));
#7424=CARTESIAN_POINT('Ctrl Pts',(1.1957802204934,10.4353992140653,0.));
#7425=CARTESIAN_POINT('Ctrl Pts',(1.22008505166247,10.4512583081727,0.));
#7426=CARTESIAN_POINT('',(1.38983267248347,10.4935161386733,0.));
#7427=CARTESIAN_POINT('Ctrl Pts',(1.22008505166247,10.4512583081727,0.));
#7428=CARTESIAN_POINT('Ctrl Pts',(1.24664169348313,10.4635828623033,0.));
#7429=CARTESIAN_POINT('Ctrl Pts',(1.3004895055176,10.488572854589,0.));
#7430=CARTESIAN_POINT('Ctrl Pts',(1.35978201730461,10.4918534605916,0.));
#7431=CARTESIAN_POINT('Ctrl Pts',(1.38983267248347,10.4935161386733,0.));
#7432=CARTESIAN_POINT('',(1.56650381982997,10.4400372867589,0.));
#7433=CARTESIAN_POINT('Ctrl Pts',(1.38983267248347,10.4935161386733,0.));
#7434=CARTESIAN_POINT('Ctrl Pts',(1.42288386889278,10.4917020299627,0.));
#7435=CARTESIAN_POINT('Ctrl Pts',(1.48623064142128,10.4882250625812,0.));
#7436=CARTESIAN_POINT('Ctrl Pts',(1.54053349527137,10.4556272036237,0.));
#7437=CARTESIAN_POINT('Ctrl Pts',(1.56650381982997,10.4400372867589,0.));
#7438=CARTESIAN_POINT('',(1.66629928053096,10.2896280204063,0.));
#7439=CARTESIAN_POINT('Ctrl Pts',(1.56650381982997,10.4400372867589,0.));
#7440=CARTESIAN_POINT('Ctrl Pts',(1.58870845436359,10.4199000300911,0.));
#7441=CARTESIAN_POINT('Ctrl Pts',(1.63462536282002,10.3782582471749,0.));
#7442=CARTESIAN_POINT('Ctrl Pts',(1.65551270244249,10.3198111152404,0.));
#7443=CARTESIAN_POINT('Ctrl Pts',(1.66629928053096,10.2896280204063,0.));
#7444=CARTESIAN_POINT('',(1.57509866059497,10.2681409557467,0.));
#7445=CARTESIAN_POINT('',(-0.317020380192986,9.82235358937135,0.));
#7446=CARTESIAN_POINT('',(1.50443020165637,10.379396079958,0.));
#7447=CARTESIAN_POINT('Ctrl Pts',(1.57509866059497,10.2681409557467,0.));
#7448=CARTESIAN_POINT('Ctrl Pts',(1.56684292944367,10.2912522176293,0.));
#7449=CARTESIAN_POINT('Ctrl Pts',(1.55164269143194,10.3338040734165,0.));
#7450=CARTESIAN_POINT('Ctrl Pts',(1.51923585695008,10.3650986019768,0.));
#7451=CARTESIAN_POINT('Ctrl Pts',(1.50443020165637,10.379396079958,0.));
#7452=CARTESIAN_POINT('',(1.38792264164165,10.4142528389697,0.));
#7453=CARTESIAN_POINT('Ctrl Pts',(1.50443020165637,10.379396079958,0.));
#7454=CARTESIAN_POINT('Ctrl Pts',(1.48744764843719,10.3895552896091,0.));
#7455=CARTESIAN_POINT('Ctrl Pts',(1.45163648570451,10.4109780465617,0.));
#7456=CARTESIAN_POINT('Ctrl Pts',(1.40987813378863,10.4131243608492,0.));
#7457=CARTESIAN_POINT('Ctrl Pts',(1.38792264164165,10.4142528389697,0.));
#7458=CARTESIAN_POINT('',(1.2530318170853,10.3755761672859,0.));
#7459=CARTESIAN_POINT('Ctrl Pts',(1.38792264164165,10.4142528389697,0.));
#7460=CARTESIAN_POINT('Ctrl Pts',(1.36264999349084,10.4130002228396,0.));
#7461=CARTESIAN_POINT('Ctrl Pts',(1.31457970645604,10.4106176621929,0.));
#7462=CARTESIAN_POINT('Ctrl Pts',(1.27283127555335,10.3868487329281,0.));
#7463=CARTESIAN_POINT('Ctrl Pts',(1.2530318170853,10.3755761672859,0.));
#7464=CARTESIAN_POINT('',(1.17687220574096,10.2717221518164,0.));
#7465=CARTESIAN_POINT('Ctrl Pts',(1.2530318170853,10.3755761672859,0.));
#7466=CARTESIAN_POINT('Ctrl Pts',(1.23627846484523,10.3614862817765,0.));
#7467=CARTESIAN_POINT('Ctrl Pts',(1.20247631917827,10.333058039142,0.));
#7468=CARTESIAN_POINT('Ctrl Pts',(1.18545649638829,10.2922862336466,0.));
#7469=CARTESIAN_POINT('Ctrl Pts',(1.17687220574096,10.2717221518164,0.));
#7470=CARTESIAN_POINT('',(1.15490767062381,10.1373087604647,0.));
#7471=CARTESIAN_POINT('Ctrl Pts',(1.17687220574096,10.2717221518164,0.));
#7472=CARTESIAN_POINT('Ctrl Pts',(1.17046586030416,10.2498078211455,0.));
#7473=CARTESIAN_POINT('Ctrl Pts',(1.1576314896435,10.205904999266,0.));
#7474=CARTESIAN_POINT('Ctrl Pts',(1.15581663218128,10.1601999083738,0.));
#7475=CARTESIAN_POINT('Ctrl Pts',(1.15490767062381,10.1373087604647,0.));
#7476=CARTESIAN_POINT('',(1.18093083501533,9.98140837895921,0.));
#7477=CARTESIAN_POINT('Ctrl Pts',(1.15490767062381,10.1373087604647,0.));
#7478=CARTESIAN_POINT('Ctrl Pts',(1.15572374977945,10.109202177938,0.));
#7479=CARTESIAN_POINT('Ctrl Pts',(1.15726829678301,10.0560064339688,0.));
#7480=CARTESIAN_POINT('Ctrl Pts',(1.17334733933722,10.0053159590424,0.));
#7481=CARTESIAN_POINT('Ctrl Pts',(1.18093083501533,9.98140837895921,0.));
#7482=CARTESIAN_POINT('',(1.26186537445262,9.88185170936635,0.));
#7483=CARTESIAN_POINT('Ctrl Pts',(1.18093083501533,9.98140837895921,0.));
#7484=CARTESIAN_POINT('Ctrl Pts',(1.19052049702042,9.96078468367292,0.));
#7485=CARTESIAN_POINT('Ctrl Pts',(1.20914279449678,9.9207352441328,0.));
#7486=CARTESIAN_POINT('Ctrl Pts',(1.24464516109149,9.89455182315961,0.));
#7487=CARTESIAN_POINT('Ctrl Pts',(1.26186537445262,9.88185170936635,0.));
#7488=CARTESIAN_POINT('',(1.38076032400802,9.84890494394353,0.));
#7489=CARTESIAN_POINT('Ctrl Pts',(1.26186537445262,9.88185170936635,0.));
#7490=CARTESIAN_POINT('Ctrl Pts',(1.28054478753893,9.87224223625018,0.));
#7491=CARTESIAN_POINT('Ctrl Pts',(1.31789542011258,9.85302750514863,0.));
#7492=CARTESIAN_POINT('Ctrl Pts',(1.35980842085772,9.85027893002715,0.));
#7493=CARTESIAN_POINT('Ctrl Pts',(1.38076032400802,9.84890494394353,0.));
#7494=CARTESIAN_POINT('',(1.51254746020511,9.89378895509294,0.));
#7495=CARTESIAN_POINT('Ctrl Pts',(1.38076032400802,9.84890494394353,0.));
#7496=CARTESIAN_POINT('Ctrl Pts',(1.4054384686843,9.85055431546692,0.));
#7497=CARTESIAN_POINT('Ctrl Pts',(1.45343747260534,9.85376234391708,0.));
#7498=CARTESIAN_POINT('Ctrl Pts',(1.49321910426633,9.88070066630715,0.));
#7499=CARTESIAN_POINT('Ctrl Pts',(1.51254746020511,9.89378895509294,0.));
#7500=CARTESIAN_POINT('Ctrl Pts',(1.51254746020511,9.89378895509294,0.));
#7501=CARTESIAN_POINT('Ctrl Pts',(1.52925738843155,9.91145306915299,0.));
#7502=CARTESIAN_POINT('Ctrl Pts',(1.56512543148651,9.94936928249921,0.));
#7503=CARTESIAN_POINT('Ctrl Pts',(1.57847370222967,9.99997741156467,0.));
#7504=CARTESIAN_POINT('Ctrl Pts',(1.58560338319018,10.0270086144214,0.));
#7505=CARTESIAN_POINT('',(0.402383821836858,10.0064766024356,0.));
#7506=CARTESIAN_POINT('',(0.489764454594999,10.0141164277797,0.));
#7507=CARTESIAN_POINT('',(-0.187713868175118,9.95488343876378,0.));
#7508=CARTESIAN_POINT('',(0.518652581430226,9.9279295270448,0.));
#7509=CARTESIAN_POINT('Ctrl Pts',(0.489764454594999,10.0141164277797,0.));
#7510=CARTESIAN_POINT('Ctrl Pts',(0.492229407825934,9.99784382336878,0.));
#7511=CARTESIAN_POINT('Ctrl Pts',(0.496842851515026,9.96738777122851,0.));
#7512=CARTESIAN_POINT('Ctrl Pts',(0.511722907819481,9.94046671822091,0.));
#7513=CARTESIAN_POINT('Ctrl Pts',(0.518652581430226,9.9279295270448,0.));
#7514=CARTESIAN_POINT('',(0.589082342392951,9.87349565970948,0.));
#7515=CARTESIAN_POINT('Ctrl Pts',(0.518652581430226,9.9279295270448,0.));
#7516=CARTESIAN_POINT('Ctrl Pts',(0.527724635762502,9.91705045437394,0.));
#7517=CARTESIAN_POINT('Ctrl Pts',(0.547146085012948,9.89376054119325,0.));
#7518=CARTESIAN_POINT('Ctrl Pts',(0.574503820985983,9.88054044689313,0.));
#7519=CARTESIAN_POINT('Ctrl Pts',(0.589082342392951,9.87349565970948,0.));
#7520=CARTESIAN_POINT('',(0.696517516679316,9.85272485661557,0.));
#7521=CARTESIAN_POINT('Ctrl Pts',(0.589082342392951,9.87349565970948,0.));
#7522=CARTESIAN_POINT('Ctrl Pts',(0.605823246014419,9.86743956690956,0.));
#7523=CARTESIAN_POINT('Ctrl Pts',(0.640525204426238,9.85488598645578,0.));
#7524=CARTESIAN_POINT('Ctrl Pts',(0.677420983323823,9.85346192365957,0.));
#7525=CARTESIAN_POINT('Ctrl Pts',(0.696517516679316,9.85272485661557,0.));
#7526=CARTESIAN_POINT('',(0.790105526155978,9.8684820150142,0.));
#7527=CARTESIAN_POINT('Ctrl Pts',(0.696517516679316,9.85272485661557,0.));
#7528=CARTESIAN_POINT('Ctrl Pts',(0.713288463038195,9.85323889661812,0.));
#7529=CARTESIAN_POINT('Ctrl Pts',(0.745224545439612,9.85421775753196,0.));
#7530=CARTESIAN_POINT('Ctrl Pts',(0.775655238015426,9.86388936513358,0.));
#7531=CARTESIAN_POINT('Ctrl Pts',(0.790105526155978,9.8684820150142,0.));
#7532=CARTESIAN_POINT('',(0.850507979101687,9.91169486093572,0.));
#7533=CARTESIAN_POINT('Ctrl Pts',(0.790105526155978,9.8684820150142,0.));
#7534=CARTESIAN_POINT('Ctrl Pts',(0.802509868691011,9.87387886660047,0.));
#7535=CARTESIAN_POINT('Ctrl Pts',(0.825771850568407,9.88399963385922,0.));
#7536=CARTESIAN_POINT('Ctrl Pts',(0.842636380510048,9.90288160989859,0.));
#7537=CARTESIAN_POINT('Ctrl Pts',(0.850507979101687,9.91169486093572,0.));
#7538=CARTESIAN_POINT('',(0.870323804027586,9.97161980617097,0.));
#7539=CARTESIAN_POINT('Ctrl Pts',(0.850507979101687,9.91169486093572,0.));
#7540=CARTESIAN_POINT('Ctrl Pts',(0.856287377428011,9.92099327220977,0.));
#7541=CARTESIAN_POINT('Ctrl Pts',(0.867717222273967,9.93938262559492,0.));
#7542=CARTESIAN_POINT('Ctrl Pts',(0.869461503116985,9.96095520678623,0.));
#7543=CARTESIAN_POINT('Ctrl Pts',(0.870323804027586,9.97161980617097,0.));
#7544=CARTESIAN_POINT('',(0.851224203414469,10.0291573618656,0.));
#7545=CARTESIAN_POINT('Ctrl Pts',(0.870323804027586,9.97161980617097,0.));
#7546=CARTESIAN_POINT('Ctrl Pts',(0.869577929435634,9.98218894590828,0.));
#7547=CARTESIAN_POINT('Ctrl Pts',(0.868108702748121,10.0030080786869,0.));
#7548=CARTESIAN_POINT('Ctrl Pts',(0.85679455649358,10.0205304705854,0.));
#7549=CARTESIAN_POINT('Ctrl Pts',(0.851224203414469,10.0291573618656,0.));
#7550=CARTESIAN_POINT('',(0.788195569819956,10.0704601769452,0.));
#7551=CARTESIAN_POINT('Ctrl Pts',(0.851224203414469,10.0291573618656,0.));
#7552=CARTESIAN_POINT('Ctrl Pts',(0.843168780609381,10.0372599491931,0.));
#7553=CARTESIAN_POINT('Ctrl Pts',(0.825123560499187,10.0554108241163,0.));
#7554=CARTESIAN_POINT('Ctrl Pts',(0.801354225522058,10.0650975983491,0.));
#7555=CARTESIAN_POINT('Ctrl Pts',(0.788195569819956,10.0704601769452,0.));
#7556=CARTESIAN_POINT('',(0.663570714003592,10.1046007116442,0.));
#7557=CARTESIAN_POINT('Ctrl Pts',(0.788195569819956,10.0704601769452,0.));
#7558=CARTESIAN_POINT('Ctrl Pts',(0.773155961928108,10.0752816960659,0.));
#7559=CARTESIAN_POINT('Ctrl Pts',(0.732114614470869,10.0884390631281,0.));
#7560=CARTESIAN_POINT('Ctrl Pts',(0.69015452342968,10.0983326384643,0.));
#7561=CARTESIAN_POINT('Ctrl Pts',(0.663570714003592,10.1046007116442,0.));
#7562=CARTESIAN_POINT('',(0.528441135592013,10.1482910280233,0.));
#7563=CARTESIAN_POINT('Ctrl Pts',(0.663570714003592,10.1046007116442,0.));
#7564=CARTESIAN_POINT('Ctrl Pts',(0.635933414075617,10.1112039399479,0.));
#7565=CARTESIAN_POINT('Ctrl Pts',(0.589709588215062,10.1222479448262,0.));
#7566=CARTESIAN_POINT('Ctrl Pts',(0.546011904026693,10.1408223069345,0.));
#7567=CARTESIAN_POINT('Ctrl Pts',(0.528441135592013,10.1482910280233,0.));
#7568=CARTESIAN_POINT('',(0.45371397287324,10.213468371809,0.));
#7569=CARTESIAN_POINT('Ctrl Pts',(0.528441135592013,10.1482910280233,0.));
#7570=CARTESIAN_POINT('Ctrl Pts',(0.513047492556941,10.1571838405484,0.));
#7571=CARTESIAN_POINT('Ctrl Pts',(0.483842501655883,10.1740553834503,0.));
#7572=CARTESIAN_POINT('Ctrl Pts',(0.463387404030664,10.2008139593634,0.));
#7573=CARTESIAN_POINT('Ctrl Pts',(0.45371397287324,10.213468371809,0.));
#7574=CARTESIAN_POINT('',(0.429123247794061,10.3006102879649,0.));
#7575=CARTESIAN_POINT('Ctrl Pts',(0.45371397287324,10.213468371809,0.));
#7576=CARTESIAN_POINT('Ctrl Pts',(0.446541985450533,10.2269250818693,0.));
#7577=CARTESIAN_POINT('Ctrl Pts',(0.432018704663808,10.2541749314788,0.));
#7578=CARTESIAN_POINT('Ctrl Pts',(0.430096311439812,10.2850049588901,0.));
#7579=CARTESIAN_POINT('Ctrl Pts',(0.429123247794061,10.3006102879649,0.));
#7580=CARTESIAN_POINT('',(0.459205106652527,10.3996894125943,0.));
#7581=CARTESIAN_POINT('Ctrl Pts',(0.429123247794061,10.3006102879649,0.));
#7582=CARTESIAN_POINT('Ctrl Pts',(0.430425993775698,10.3180640634722,0.));
#7583=CARTESIAN_POINT('Ctrl Pts',(0.433057774791711,10.3533238268378,0.));
#7584=CARTESIAN_POINT('Ctrl Pts',(0.45043148029463,10.3841316368542,0.));
#7585=CARTESIAN_POINT('Ctrl Pts',(0.459205106652527,10.3996894125943,0.));
#7586=CARTESIAN_POINT('',(0.547063228494673,10.4696416472202,0.));
#7587=CARTESIAN_POINT('Ctrl Pts',(0.459205106652527,10.3996894125943,0.));
#7588=CARTESIAN_POINT('Ctrl Pts',(0.470695425417177,10.4142481030713,0.));
#7589=CARTESIAN_POINT('Ctrl Pts',(0.494486784637148,10.4443927006236,0.));
#7590=CARTESIAN_POINT('Ctrl Pts',(0.529144082948607,10.4610362810951,0.));
#7591=CARTESIAN_POINT('Ctrl Pts',(0.547063228494673,10.4696416472202,0.));
#7592=CARTESIAN_POINT('',(0.675507959730177,10.4935161386733,0.));
#7593=CARTESIAN_POINT('Ctrl Pts',(0.547063228494673,10.4696416472202,0.));
#7594=CARTESIAN_POINT('Ctrl Pts',(0.567208585203867,10.4766031262451,0.));
#7595=CARTESIAN_POINT('Ctrl Pts',(0.608809906904562,10.4909789813174,0.));
#7596=CARTESIAN_POINT('Ctrl Pts',(0.652813182306384,10.4926528417847,0.));
#7597=CARTESIAN_POINT('Ctrl Pts',(0.675507959730177,10.4935161386733,0.));
#7598=CARTESIAN_POINT('',(0.812786285585909,10.4684479151969,0.));
#7599=CARTESIAN_POINT('Ctrl Pts',(0.675507959730177,10.4935161386733,0.));
#7600=CARTESIAN_POINT('Ctrl Pts',(0.70015621874282,10.4926881925474,0.));
#7601=CARTESIAN_POINT('Ctrl Pts',(0.747186978237133,10.4911084081455,0.));
#7602=CARTESIAN_POINT('Ctrl Pts',(0.791633604832416,10.4757548547429,0.));
#7603=CARTESIAN_POINT('Ctrl Pts',(0.812786285585909,10.4684479151969,0.));
#7604=CARTESIAN_POINT('',(0.904225584871321,10.3946757678991,0.));
#7605=CARTESIAN_POINT('Ctrl Pts',(0.812786285585909,10.4684479151969,0.));
#7606=CARTESIAN_POINT('Ctrl Pts',(0.831303525350262,10.4593382406905,0.));
#7607=CARTESIAN_POINT('Ctrl Pts',(0.867358989640908,10.441600524484,0.));
#7608=CARTESIAN_POINT('Ctrl Pts',(0.892161204923909,10.4100316229446,0.));
#7609=CARTESIAN_POINT('Ctrl Pts',(0.904225584871321,10.3946757678991,0.));
#7610=CARTESIAN_POINT('',(0.93860483617261,10.2843756218558,0.));
#7611=CARTESIAN_POINT('Ctrl Pts',(0.904225584871321,10.3946757678991,0.));
#7612=CARTESIAN_POINT('Ctrl Pts',(0.91366120677499,10.3777556658111,0.));
#7613=CARTESIAN_POINT('Ctrl Pts',(0.93281702212055,10.3434051635829,0.));
#7614=CARTESIAN_POINT('Ctrl Pts',(0.936656551954877,10.3042460467679,0.));
#7615=CARTESIAN_POINT('Ctrl Pts',(0.93860483617261,10.2843756218558,0.));
#7616=CARTESIAN_POINT('',(0.849791754788905,10.2776907746797,0.));
#7617=CARTESIAN_POINT('',(0.0426741782681538,10.2169400657965,0.));
#7618=CARTESIAN_POINT('',(0.801326547569781,10.3779636313324,0.));
#7619=CARTESIAN_POINT('Ctrl Pts',(0.849791754788905,10.2776907746797,0.));
#7620=CARTESIAN_POINT('Ctrl Pts',(0.846453490778601,10.298053720833,0.));
#7621=CARTESIAN_POINT('Ctrl Pts',(0.840166847670824,10.3364013693992,0.));
#7622=CARTESIAN_POINT('Ctrl Pts',(0.813726726628628,10.3646944369976,0.));
#7623=CARTESIAN_POINT('Ctrl Pts',(0.801326547569781,10.3779636313324,0.));
#7624=CARTESIAN_POINT('',(0.679327909655123,10.4118653749233,0.));
#7625=CARTESIAN_POINT('Ctrl Pts',(0.801326547569781,10.3779636313324,0.));
#7626=CARTESIAN_POINT('Ctrl Pts',(0.784688678172803,10.3878204301502,0.));
#7627=CARTESIAN_POINT('Ctrl Pts',(0.747268009903614,10.4099896147949,0.));
#7628=CARTESIAN_POINT('Ctrl Pts',(0.703587382641362,10.4111955944549,0.));
#7629=CARTESIAN_POINT('Ctrl Pts',(0.679327909655123,10.4118653749233,0.));
#7630=CARTESIAN_POINT('',(0.556851764030009,10.3810673196917,0.));
#7631=CARTESIAN_POINT('Ctrl Pts',(0.679327909655123,10.4118653749233,0.));
#7632=CARTESIAN_POINT('Ctrl Pts',(0.654509700241976,10.4114883830385,0.));
#7633=CARTESIAN_POINT('Ctrl Pts',(0.611027954446669,10.4108278895667,0.));
#7634=CARTESIAN_POINT('Ctrl Pts',(0.573122014408803,10.3900050452785,0.));
#7635=CARTESIAN_POINT('Ctrl Pts',(0.556851764030009,10.3810673196917,0.));
#7636=CARTESIAN_POINT('',(0.518413846201449,10.3068176274305,0.));
#7637=CARTESIAN_POINT('Ctrl Pts',(0.556851764030009,10.3810673196917,0.));
#7638=CARTESIAN_POINT('Ctrl Pts',(0.545645108438233,10.3705560967754,0.));
#7639=CARTESIAN_POINT('Ctrl Pts',(0.524018936996003,10.3502719444703,0.));
#7640=CARTESIAN_POINT('Ctrl Pts',(0.520236317095697,10.3209466096249,0.));
#7641=CARTESIAN_POINT('Ctrl Pts',(0.518413846201449,10.3068176274305,0.));
#7642=CARTESIAN_POINT('',(0.545630742616206,10.244743972004,0.));
#7643=CARTESIAN_POINT('Ctrl Pts',(0.518413846201449,10.3068176274305,0.));
#7644=CARTESIAN_POINT('Ctrl Pts',(0.519505378062662,10.2948391086081,0.));
#7645=CARTESIAN_POINT('Ctrl Pts',(0.521668452600348,10.2711014331589,0.));
#7646=CARTESIAN_POINT('Ctrl Pts',(0.537692673077211,10.2534754980551,0.));
#7647=CARTESIAN_POINT('Ctrl Pts',(0.545630742616206,10.244743972004,0.));
#7648=CARTESIAN_POINT('',(0.685296495265513,10.1948462789064,0.));
#7649=CARTESIAN_POINT('Ctrl Pts',(0.545630742616206,10.244743972004,0.));
#7650=CARTESIAN_POINT('Ctrl Pts',(0.561485382960295,10.2359079240638,0.));
#7651=CARTESIAN_POINT('Ctrl Pts',(0.605064625343831,10.2116205062137,0.));
#7652=CARTESIAN_POINT('Ctrl Pts',(0.654100468144395,10.2013684907223,0.));
#7653=CARTESIAN_POINT('Ctrl Pts',(0.685296495265513,10.1948462789064,0.));
#7654=CARTESIAN_POINT('',(0.840241973108798,10.1502009843593,0.));
#7655=CARTESIAN_POINT('Ctrl Pts',(0.685296495265513,10.1948462789064,0.));
#7656=CARTESIAN_POINT('Ctrl Pts',(0.717278231871925,10.1877011649556,0.));
#7657=CARTESIAN_POINT('Ctrl Pts',(0.769861919814255,10.1759533212745,0.));
#7658=CARTESIAN_POINT('Ctrl Pts',(0.820429801659686,10.1574503354225,0.));
#7659=CARTESIAN_POINT('Ctrl Pts',(0.840241973108798,10.1502009843593,0.));
#7660=CARTESIAN_POINT('',(0.93048754037097,10.0788163011079,0.));
#7661=CARTESIAN_POINT('Ctrl Pts',(0.840241973108798,10.1502009843593,0.));
#7662=CARTESIAN_POINT('Ctrl Pts',(0.858895704742534,10.1407313437768,0.));
#7663=CARTESIAN_POINT('Ctrl Pts',(0.893853756423825,10.1229847506884,0.));
#7664=CARTESIAN_POINT('Ctrl Pts',(0.918835934760785,10.0928643545568,0.));
#7665=CARTESIAN_POINT('Ctrl Pts',(0.93048754037097,10.0788163011079,0.));
#7666=CARTESIAN_POINT('',(0.959614393121748,9.97925963151506,0.));
#7667=CARTESIAN_POINT('Ctrl Pts',(0.93048754037097,10.0788163011079,0.));
#7668=CARTESIAN_POINT('Ctrl Pts',(0.938981839780296,10.0636767280971,0.));
#7669=CARTESIAN_POINT('Ctrl Pts',(0.956332016334874,10.0327531342797,0.));
#7670=CARTESIAN_POINT('Ctrl Pts',(0.958505171340326,9.99733682444074,0.));
#7671=CARTESIAN_POINT('Ctrl Pts',(0.959614393121748,9.97925963151506,0.));
#7672=CARTESIAN_POINT('',(0.927622568614035,9.87397316741994,0.));
#7673=CARTESIAN_POINT('Ctrl Pts',(0.959614393121748,9.97925963151506,0.));
#7674=CARTESIAN_POINT('Ctrl Pts',(0.958208629253033,9.96079461637734,0.));
#7675=CARTESIAN_POINT('Ctrl Pts',(0.955357373350077,9.92334274797948,0.));
#7676=CARTESIAN_POINT('Ctrl Pts',(0.936952983128257,9.890581852983,0.));
#7677=CARTESIAN_POINT('Ctrl Pts',(0.927622568614035,9.87397316741994,0.));
#7678=CARTESIAN_POINT('',(0.835705798871069,9.79709733176282,0.));
#7679=CARTESIAN_POINT('Ctrl Pts',(0.927622568614035,9.87397316741994,0.));
#7680=CARTESIAN_POINT('Ctrl Pts',(0.91551075369167,9.85828736297705,0.));
#7681=CARTESIAN_POINT('Ctrl Pts',(0.890538545922403,9.82594628361885,0.));
#7682=CARTESIAN_POINT('Ctrl Pts',(0.854345032137354,9.8069039231165,0.));
#7683=CARTESIAN_POINT('Ctrl Pts',(0.835705798871069,9.79709733176282,0.));
#7684=CARTESIAN_POINT('',(0.700814937061816,9.76964164423993,0.));
#7685=CARTESIAN_POINT('Ctrl Pts',(0.835705798871069,9.79709733176282,0.));
#7686=CARTESIAN_POINT('Ctrl Pts',(0.814714056449708,9.78909187124238,0.));
#7687=CARTESIAN_POINT('Ctrl Pts',(0.771286534110742,9.7725302486478,0.));
#7688=CARTESIAN_POINT('Ctrl Pts',(0.724820493838679,9.77062562303455,0.));
#7689=CARTESIAN_POINT('Ctrl Pts',(0.700814937061816,9.76964164423993,0.));
#7690=CARTESIAN_POINT('',(0.541572094715386,9.79733604836515,0.));
#7691=CARTESIAN_POINT('Ctrl Pts',(0.700814937061816,9.76964164423993,0.));
#7692=CARTESIAN_POINT('Ctrl Pts',(0.671423524562288,9.77038762434593,0.));
#7693=CARTESIAN_POINT('Ctrl Pts',(0.616913391759702,9.77177113984206,0.));
#7694=CARTESIAN_POINT('Ctrl Pts',(0.565338316303621,9.7892716626341,0.));
#7695=CARTESIAN_POINT('Ctrl Pts',(0.541572094715386,9.79733604836515,0.));
#7696=CARTESIAN_POINT('',(0.440821748978644,9.88065805184892,0.));
#7697=CARTESIAN_POINT('Ctrl Pts',(0.541572094715386,9.79733604836515,0.));
#7698=CARTESIAN_POINT('Ctrl Pts',(0.521401744097367,9.80760579444923,0.));
#7699=CARTESIAN_POINT('Ctrl Pts',(0.481588179235443,9.82787689481715,0.));
#7700=CARTESIAN_POINT('Ctrl Pts',(0.454290082372018,9.86322031655265,0.));
#7701=CARTESIAN_POINT('Ctrl Pts',(0.440821748978644,9.88065805184892,0.));
#7702=CARTESIAN_POINT('Ctrl Pts',(0.440821748978644,9.88065805184892,0.));
#7703=CARTESIAN_POINT('Ctrl Pts',(0.430084357713952,9.89996916277399,0.));
#7704=CARTESIAN_POINT('Ctrl Pts',(0.408300077657428,9.93914801341137,0.));
#7705=CARTESIAN_POINT('Ctrl Pts',(0.404374497844031,9.98382217185786,0.));
#7706=CARTESIAN_POINT('Ctrl Pts',(0.402383821836858,10.0064766024356,0.));
#7707=CARTESIAN_POINT('',(12.3,8.25,0.));
#7708=CARTESIAN_POINT('',(12.3,-8.25,0.));
#7709=CARTESIAN_POINT('',(12.3,-2.625,0.));
#7710=CARTESIAN_POINT('',(-12.3,-8.25,0.));
#7711=CARTESIAN_POINT('',(-6.15,-8.25,0.));
#7712=CARTESIAN_POINT('',(-12.3,8.25,0.));
#7713=CARTESIAN_POINT('',(-12.3,-2.625,0.));
#7714=CARTESIAN_POINT('',(6.15,8.25,0.));
#7715=CARTESIAN_POINT('',(-12.,11.,0.));
#7716=CARTESIAN_POINT('Origin',(-11.,11.,0.));
#7717=CARTESIAN_POINT('',(-12.,-11.,0.));
#7718=CARTESIAN_POINT('Origin',(-11.,-11.,0.));
#7719=CARTESIAN_POINT('',(10.,-11.,0.));
#7720=CARTESIAN_POINT('Origin',(11.,-11.,0.));
#7721=CARTESIAN_POINT('',(10.,11.,0.));
#7722=CARTESIAN_POINT('Origin',(11.,11.,0.));
#7723=CARTESIAN_POINT('',(4.17538782312205,9.78157888996651,0.));
#7724=CARTESIAN_POINT('',(4.44421460582545,10.4815788929467,0.));
#7725=CARTESIAN_POINT('',(2.40463132366742,5.17069323924956,0.));
#7726=CARTESIAN_POINT('',(4.54400991751483,10.4815788929467,0.));
#7727=CARTESIAN_POINT('',(2.27200495875741,10.4815788929467,0.));
#7728=CARTESIAN_POINT('',(4.83050381495288,9.78157888996651,0.));
#7729=CARTESIAN_POINT('',(6.19847292645837,6.43917477353059,0.));
#7730=CARTESIAN_POINT('',(4.72497855974963,9.78157888996651,0.));
#7731=CARTESIAN_POINT('',(2.36248927987482,9.78157888996651,0.));
#7732=CARTESIAN_POINT('',(4.64332779599956,9.99358434128812,0.));
#7733=CARTESIAN_POINT('',(6.01930108790603,6.4208824416463,0.));
#7734=CARTESIAN_POINT('',(4.35062652184298,9.99358434128812,0.));
#7735=CARTESIAN_POINT('',(2.17531326092149,9.99358434128812,0.));
#7736=CARTESIAN_POINT('',(4.27375068618587,9.78157888996651,0.));
#7737=CARTESIAN_POINT('',(2.45805753466333,4.77432475399895,0.));
#7738=CARTESIAN_POINT('',(2.08769391156103,9.78157888996651,0.));
#7739=CARTESIAN_POINT('',(-1.11909936394351,10.0270086144214,0.));
#7740=CARTESIAN_POINT('',(-1.02646629538196,10.0036116306787,0.));
#7741=CARTESIAN_POINT('',(0.643567943294463,9.5817993714192,0.));
#7742=CARTESIAN_POINT('',(-1.13127525176662,9.82956658947518,0.));
#7743=CARTESIAN_POINT('Ctrl Pts',(-1.02646629538196,10.0036116306787,0.));
#7744=CARTESIAN_POINT('Ctrl Pts',(-1.0373733802563,9.96844008765379,0.));
#7745=CARTESIAN_POINT('Ctrl Pts',(-1.05807676651842,9.90167889077414,0.));
#7746=CARTESIAN_POINT('Ctrl Pts',(-1.10776437418482,9.85272859183402,0.));
#7747=CARTESIAN_POINT('Ctrl Pts',(-1.13127525176662,9.82956658947518,0.));
#7748=CARTESIAN_POINT('',(-1.3163025977816,9.76964164423993,0.));
#7749=CARTESIAN_POINT('Ctrl Pts',(-1.13127525176662,9.82956658947518,0.));
#7750=CARTESIAN_POINT('Ctrl Pts',(-1.15848482312654,9.81209398693887,0.));
#7751=CARTESIAN_POINT('Ctrl Pts',(-1.21481045193081,9.77592453348857,0.));
#7752=CARTESIAN_POINT('Ctrl Pts',(-1.28171700755643,9.77178267132298,0.));
#7753=CARTESIAN_POINT('Ctrl Pts',(-1.3163025977816,9.76964164423993,0.));
#7754=CARTESIAN_POINT('',(-1.50037492837566,9.81571938741258,0.));
#7755=CARTESIAN_POINT('Ctrl Pts',(-1.3163025977816,9.76964164423993,0.));
#7756=CARTESIAN_POINT('Ctrl Pts',(-1.35118059160535,9.77089707769921,0.));
#7757=CARTESIAN_POINT('Ctrl Pts',(-1.41595475537147,9.77322862385691,0.));
#7758=CARTESIAN_POINT('Ctrl Pts',(-1.47371568107155,9.80230112808593,0.));
#7759=CARTESIAN_POINT('Ctrl Pts',(-1.50037492837566,9.81571938741258,0.));
#7760=CARTESIAN_POINT('',(-1.60828757311958,9.94917776334336,0.));
#7761=CARTESIAN_POINT('Ctrl Pts',(-1.50037492837566,9.81571938741258,0.));
#7762=CARTESIAN_POINT('Ctrl Pts',(-1.52277384235993,9.83322388328442,0.));
#7763=CARTESIAN_POINT('Ctrl Pts',(-1.5689929526632,9.86934359096633,0.));
#7764=CARTESIAN_POINT('Ctrl Pts',(-1.59492356912394,9.92202635721591,0.));
#7765=CARTESIAN_POINT('Ctrl Pts',(-1.60828757311958,9.94917776334336,0.));
#7766=CARTESIAN_POINT('',(-1.64529304232257,10.1368312900071,0.));
#7767=CARTESIAN_POINT('Ctrl Pts',(-1.60828757311958,9.94917776334336,0.));
#7768=CARTESIAN_POINT('Ctrl Pts',(-1.61908021242748,9.97907276523915,0.));
#7769=CARTESIAN_POINT('Ctrl Pts',(-1.64097647092132,10.0397241657455,0.));
#7770=CARTESIAN_POINT('Ctrl Pts',(-1.64384062587747,10.1041572134998,0.));
#7771=CARTESIAN_POINT('Ctrl Pts',(-1.64529304232257,10.1368312900071,0.));
#7772=CARTESIAN_POINT('',(-1.60351271953243,10.3275884305244,0.));
#7773=CARTESIAN_POINT('Ctrl Pts',(-1.64529304232257,10.1368312900071,0.));
#7774=CARTESIAN_POINT('Ctrl Pts',(-1.6438981515621,10.1714211557618,0.));
#7775=CARTESIAN_POINT('Ctrl Pts',(-1.64123185055755,10.2375388736666,0.));
#7776=CARTESIAN_POINT('Ctrl Pts',(-1.61569149206173,10.2985131830431,0.));
#7777=CARTESIAN_POINT('Ctrl Pts',(-1.60351271953243,10.3275884305244,0.));
#7778=CARTESIAN_POINT('',(-1.48461769547122,10.4512583081727,0.));
#7779=CARTESIAN_POINT('Ctrl Pts',(-1.60351271953243,10.3275884305244,0.));
#7780=CARTESIAN_POINT('Ctrl Pts',(-1.58825304440002,10.3530174152631,0.));
#7781=CARTESIAN_POINT('Ctrl Pts',(-1.55805506666773,10.4033398440325,0.));
#7782=CARTESIAN_POINT('Ctrl Pts',(-1.5089225266403,10.4353992140653,0.));
#7783=CARTESIAN_POINT('Ctrl Pts',(-1.48461769547122,10.4512583081727,0.));
#7784=CARTESIAN_POINT('',(-1.31487007465023,10.4935161386733,0.));
#7785=CARTESIAN_POINT('Ctrl Pts',(-1.48461769547122,10.4512583081727,0.));
#7786=CARTESIAN_POINT('Ctrl Pts',(-1.45806105365057,10.4635828623033,0.));
#7787=CARTESIAN_POINT('Ctrl Pts',(-1.4042132416161,10.488572854589,0.));
#7788=CARTESIAN_POINT('Ctrl Pts',(-1.34492072982909,10.4918534605916,0.));
#7789=CARTESIAN_POINT('Ctrl Pts',(-1.31487007465023,10.4935161386733,0.));
#7790=CARTESIAN_POINT('',(-1.13819892730373,10.4400372867589,0.));
#7791=CARTESIAN_POINT('Ctrl Pts',(-1.31487007465023,10.4935161386733,0.));
#7792=CARTESIAN_POINT('Ctrl Pts',(-1.28181887824092,10.4917020299627,0.));
#7793=CARTESIAN_POINT('Ctrl Pts',(-1.21847210571242,10.4882250625812,0.));
#7794=CARTESIAN_POINT('Ctrl Pts',(-1.16416925186233,10.4556272036237,0.));
#7795=CARTESIAN_POINT('Ctrl Pts',(-1.13819892730373,10.4400372867589,0.));
#7796=CARTESIAN_POINT('',(-1.03840346660274,10.2896280204063,0.));
#7797=CARTESIAN_POINT('Ctrl Pts',(-1.13819892730373,10.4400372867589,0.));
#7798=CARTESIAN_POINT('Ctrl Pts',(-1.1159942927701,10.4199000300911,0.));
#7799=CARTESIAN_POINT('Ctrl Pts',(-1.07007738431368,10.3782582471749,0.));
#7800=CARTESIAN_POINT('Ctrl Pts',(-1.04919004469121,10.3198111152404,0.));
#7801=CARTESIAN_POINT('Ctrl Pts',(-1.03840346660274,10.2896280204063,0.));
#7802=CARTESIAN_POINT('',(-1.12960408653873,10.2681409557467,0.));
#7803=CARTESIAN_POINT('',(-1.74049088762009,10.1242146951166,0.));
#7804=CARTESIAN_POINT('',(-1.20027254547733,10.379396079958,0.));
#7805=CARTESIAN_POINT('Ctrl Pts',(-1.12960408653873,10.2681409557467,0.));
#7806=CARTESIAN_POINT('Ctrl Pts',(-1.13785981769003,10.2912522176293,0.));
#7807=CARTESIAN_POINT('Ctrl Pts',(-1.15306005570175,10.3338040734165,0.));
#7808=CARTESIAN_POINT('Ctrl Pts',(-1.18546689018362,10.3650986019768,0.));
#7809=CARTESIAN_POINT('Ctrl Pts',(-1.20027254547733,10.379396079958,0.));
#7810=CARTESIAN_POINT('',(-1.31678010549205,10.4142528389697,0.));
#7811=CARTESIAN_POINT('Ctrl Pts',(-1.20027254547733,10.379396079958,0.));
#7812=CARTESIAN_POINT('Ctrl Pts',(-1.21725509869651,10.3895552896091,0.));
#7813=CARTESIAN_POINT('Ctrl Pts',(-1.25306626142919,10.4109780465617,0.));
#7814=CARTESIAN_POINT('Ctrl Pts',(-1.29482461334507,10.4131243608492,0.));
#7815=CARTESIAN_POINT('Ctrl Pts',(-1.31678010549205,10.4142528389697,0.));
#7816=CARTESIAN_POINT('',(-1.4516709300484,10.3755761672859,0.));
#7817=CARTESIAN_POINT('Ctrl Pts',(-1.31678010549205,10.4142528389697,0.));
#7818=CARTESIAN_POINT('Ctrl Pts',(-1.34205275364286,10.4130002228396,0.));
#7819=CARTESIAN_POINT('Ctrl Pts',(-1.39012304067765,10.4106176621929,0.));
#7820=CARTESIAN_POINT('Ctrl Pts',(-1.43187147158035,10.3868487329281,0.));
#7821=CARTESIAN_POINT('Ctrl Pts',(-1.4516709300484,10.3755761672859,0.));
#7822=CARTESIAN_POINT('',(-1.52783054139274,10.2717221518164,0.));
#7823=CARTESIAN_POINT('Ctrl Pts',(-1.4516709300484,10.3755761672859,0.));
#7824=CARTESIAN_POINT('Ctrl Pts',(-1.46842428228847,10.3614862817765,0.));
#7825=CARTESIAN_POINT('Ctrl Pts',(-1.50222642795543,10.333058039142,0.));
#7826=CARTESIAN_POINT('Ctrl Pts',(-1.51924625074541,10.2922862336466,0.));
#7827=CARTESIAN_POINT('Ctrl Pts',(-1.52783054139274,10.2717221518164,0.));
#7828=CARTESIAN_POINT('',(-1.54979507650989,10.1373087604647,0.));
#7829=CARTESIAN_POINT('Ctrl Pts',(-1.52783054139274,10.2717221518164,0.));
#7830=CARTESIAN_POINT('Ctrl Pts',(-1.53423688682954,10.2498078211455,0.));
#7831=CARTESIAN_POINT('Ctrl Pts',(-1.5470712574902,10.205904999266,0.));
#7832=CARTESIAN_POINT('Ctrl Pts',(-1.54888611495242,10.1601999083738,0.));
#7833=CARTESIAN_POINT('Ctrl Pts',(-1.54979507650989,10.1373087604647,0.));
#7834=CARTESIAN_POINT('',(-1.52377191211837,9.98140837895921,0.));
#7835=CARTESIAN_POINT('Ctrl Pts',(-1.54979507650989,10.1373087604647,0.));
#7836=CARTESIAN_POINT('Ctrl Pts',(-1.54897899735425,10.109202177938,0.));
#7837=CARTESIAN_POINT('Ctrl Pts',(-1.54743445035069,10.0560064339688,0.));
#7838=CARTESIAN_POINT('Ctrl Pts',(-1.53135540779648,10.0053159590424,0.));
#7839=CARTESIAN_POINT('Ctrl Pts',(-1.52377191211837,9.98140837895921,0.));
#7840=CARTESIAN_POINT('',(-1.44283737268108,9.88185170936635,0.));
#7841=CARTESIAN_POINT('Ctrl Pts',(-1.52377191211837,9.98140837895921,0.));
#7842=CARTESIAN_POINT('Ctrl Pts',(-1.51418225011328,9.96078468367292,0.));
#7843=CARTESIAN_POINT('Ctrl Pts',(-1.49555995263692,9.9207352441328,0.));
#7844=CARTESIAN_POINT('Ctrl Pts',(-1.46005758604221,9.89455182315961,0.));
#7845=CARTESIAN_POINT('Ctrl Pts',(-1.44283737268108,9.88185170936635,0.));
#7846=CARTESIAN_POINT('',(-1.32394242312568,9.84890494394353,0.));
#7847=CARTESIAN_POINT('Ctrl Pts',(-1.44283737268108,9.88185170936635,0.));
#7848=CARTESIAN_POINT('Ctrl Pts',(-1.42415795959477,9.87224223625018,0.));
#7849=CARTESIAN_POINT('Ctrl Pts',(-1.38680732702112,9.85302750514863,0.));
#7850=CARTESIAN_POINT('Ctrl Pts',(-1.34489432627598,9.85027893002715,0.));
#7851=CARTESIAN_POINT('Ctrl Pts',(-1.32394242312568,9.84890494394353,0.));
#7852=CARTESIAN_POINT('',(-1.19215528692859,9.89378895509294,0.));
#7853=CARTESIAN_POINT('Ctrl Pts',(-1.32394242312568,9.84890494394353,0.));
#7854=CARTESIAN_POINT('Ctrl Pts',(-1.2992642784494,9.85055431546692,0.));
#7855=CARTESIAN_POINT('Ctrl Pts',(-1.25126527452836,9.85376234391708,0.));
#7856=CARTESIAN_POINT('Ctrl Pts',(-1.21148364286737,9.88070066630715,0.));
#7857=CARTESIAN_POINT('Ctrl Pts',(-1.19215528692859,9.89378895509294,0.));
#7858=CARTESIAN_POINT('Ctrl Pts',(-1.19215528692859,9.89378895509294,0.));
#7859=CARTESIAN_POINT('Ctrl Pts',(-1.17544535870215,9.91145306915299,0.));
#7860=CARTESIAN_POINT('Ctrl Pts',(-1.13957731564719,9.94936928249921,0.));
#7861=CARTESIAN_POINT('Ctrl Pts',(-1.12622904490402,9.99997741156467,0.));
#7862=CARTESIAN_POINT('Ctrl Pts',(-1.11909936394351,10.0270086144214,0.));
#7863=CARTESIAN_POINT('',(-2.07073639359134,9.78157888996652,0.));
#7864=CARTESIAN_POINT('',(-2.34195057835006,10.4815788929468,0.));
#7865=CARTESIAN_POINT('',(-0.423605439399063,5.5303570231266,0.));
#7866=CARTESIAN_POINT('',(-2.2416777184959,10.4815788929468,0.));
#7867=CARTESIAN_POINT('',(-1.12083885924795,10.4815788929468,0.));
#7868=CARTESIAN_POINT('',(-2.05975412603277,9.97305225479654,0.));
#7869=CARTESIAN_POINT('',(-0.361396054470542,5.22567282581,0.));
#7870=CARTESIAN_POINT('',(-2.022987410685,9.85845472562364,0.));
#7871=CARTESIAN_POINT('Ctrl Pts',(-2.05975412603277,9.97305225479654,0.));
#7872=CARTESIAN_POINT('Ctrl Pts',(-2.0528368938501,9.9533776468906,0.));
#7873=CARTESIAN_POINT('Ctrl Pts',(-2.03952555202939,9.91551634281573,0.));
#7874=CARTESIAN_POINT('Ctrl Pts',(-2.02835377791525,9.87697032457929,0.));
#7875=CARTESIAN_POINT('Ctrl Pts',(-2.022987410685,9.85845472562364,0.));
#7876=CARTESIAN_POINT('',(-1.98526571716922,9.97305225479654,0.));
#7877=CARTESIAN_POINT('Ctrl Pts',(-2.022987410685,9.85845472562364,0.));
#7878=CARTESIAN_POINT('Ctrl Pts',(-2.01733295323227,9.87761840338121,0.));
#7879=CARTESIAN_POINT('Ctrl Pts',(-2.00594657645713,9.91620828705606,0.));
#7880=CARTESIAN_POINT('Ctrl Pts',(-1.9921905311975,9.95401852414967,0.));
#7881=CARTESIAN_POINT('Ctrl Pts',(-1.98526571716922,9.97305225479654,0.));
#7882=CARTESIAN_POINT('',(-1.79617974187988,10.4815788929468,0.));
#7883=CARTESIAN_POINT('',(-3.39908451871536,6.170736821282,0.));
#7884=CARTESIAN_POINT('',(-1.70163679148811,10.4815788929468,0.));
#7885=CARTESIAN_POINT('',(-0.850818395744054,10.4815788929468,0.));
#7886=CARTESIAN_POINT('',(-1.97571589823621,9.78157888996652,0.));
#7887=CARTESIAN_POINT('',(-3.50480347105198,5.87627826990939,0.));
#7888=CARTESIAN_POINT('',(-1.03536819679567,9.78157888996652,0.));
#7889=CARTESIAN_POINT('',(1.78853663504794,9.78157888996652,0.));
#7890=CARTESIAN_POINT('',(1.78853663504794,10.4815788929468,0.));
#7891=CARTESIAN_POINT('',(1.78853663504794,5.24078944647338,0.));
#7892=CARTESIAN_POINT('',(1.8811697036095,10.4815788929468,0.));
#7893=CARTESIAN_POINT('',(0.940584851804748,10.4815788929468,0.));
#7894=CARTESIAN_POINT('',(1.8811697036095,9.8641845946317,0.));
#7895=CARTESIAN_POINT('',(1.8811697036095,4.93209229731585,0.));
#7896=CARTESIAN_POINT('',(2.2259173065491,9.8641845946317,0.));
#7897=CARTESIAN_POINT('',(1.11295865327455,9.8641845946317,0.));
#7898=CARTESIAN_POINT('',(2.2259173065491,9.78157888996652,0.));
#7899=CARTESIAN_POINT('',(2.2259173065491,4.89078944498326,0.));
#7900=CARTESIAN_POINT('',(0.894268317523971,9.78157888996652,0.));
#7901=CARTESIAN_POINT('',(3.54605627908042,9.78157888996651,0.));
#7902=CARTESIAN_POINT('',(3.54605627908042,10.4815788929467,0.));
#7903=CARTESIAN_POINT('',(3.54605627908042,5.24078944647337,0.));
#7904=CARTESIAN_POINT('',(3.7871885831528,10.4815788929467,0.));
#7905=CARTESIAN_POINT('',(1.8935942915764,10.4815788929467,0.));
#7906=CARTESIAN_POINT('',(3.91181340171626,10.4715516035562,0.));
#7907=CARTESIAN_POINT('Ctrl Pts',(3.7871885831528,10.4815788929467,0.));
#7908=CARTESIAN_POINT('Ctrl Pts',(3.81124765403358,10.481479539602,0.));
#7909=CARTESIAN_POINT('Ctrl Pts',(3.85307005026703,10.4813068315631,0.));
#7910=CARTESIAN_POINT('Ctrl Pts',(3.89430119851855,10.4744597715596,0.));
#7911=CARTESIAN_POINT('Ctrl Pts',(3.91181340171626,10.4715516035562,0.));
#7912=CARTESIAN_POINT('',(4.01447375966838,10.4214151566034,0.));
#7913=CARTESIAN_POINT('Ctrl Pts',(3.91181340171626,10.4715516035562,0.));
#7914=CARTESIAN_POINT('Ctrl Pts',(3.9309369752889,10.4661650586695,0.));
#7915=CARTESIAN_POINT('Ctrl Pts',(3.96821531819016,10.4556648523887,0.));
#7916=CARTESIAN_POINT('Ctrl Pts',(3.99932376536433,10.4326321946073,0.));
#7917=CARTESIAN_POINT('Ctrl Pts',(4.01447375966838,10.4214151566034,0.));
#7918=CARTESIAN_POINT('',(4.09731825544169,10.3018039827352,0.));
#7919=CARTESIAN_POINT('Ctrl Pts',(4.01447375966838,10.4214151566034,0.));
#7920=CARTESIAN_POINT('Ctrl Pts',(4.03185381290714,10.4045152296591,0.));
#7921=CARTESIAN_POINT('Ctrl Pts',(4.06727083353394,10.3700766089626,0.));
#7922=CARTESIAN_POINT('Ctrl Pts',(4.0871793604935,10.3248411999475,0.));
#7923=CARTESIAN_POINT('Ctrl Pts',(4.09731825544169,10.3018039827352,0.));
#7924=CARTESIAN_POINT('',(4.12477379395297,10.1353988041287,0.));
#7925=CARTESIAN_POINT('Ctrl Pts',(4.09731825544169,10.3018039827352,0.));
#7926=CARTESIAN_POINT('Ctrl Pts',(4.10532132363019,10.2759936323102,0.));
#7927=CARTESIAN_POINT('Ctrl Pts',(4.12211897021569,10.2218202659868,0.));
#7928=CARTESIAN_POINT('Ctrl Pts',(4.12386148345618,10.1650968988435,0.));
#7929=CARTESIAN_POINT('Ctrl Pts',(4.12477379395297,10.1353988041287,0.));
#7930=CARTESIAN_POINT('',(4.10615181280902,9.99406184899857,0.));
#7931=CARTESIAN_POINT('Ctrl Pts',(4.12477379395297,10.1353988041287,0.));
#7932=CARTESIAN_POINT('Ctrl Pts',(4.12418085637943,10.1102003744202,0.));
#7933=CARTESIAN_POINT('Ctrl Pts',(4.1230560273851,10.0623978305906,0.));
#7934=CARTESIAN_POINT('Ctrl Pts',(4.11157892448464,10.0160011708105,0.));
#7935=CARTESIAN_POINT('Ctrl Pts',(4.10615181280902,9.99406184899857,0.));
#7936=CARTESIAN_POINT('',(4.05840282990268,9.89211778986504,0.));
#7937=CARTESIAN_POINT('Ctrl Pts',(4.10615181280902,9.99406184899857,0.));
#7938=CARTESIAN_POINT('Ctrl Pts',(4.09986361335663,9.97492309192312,0.));
#7939=CARTESIAN_POINT('Ctrl Pts',(4.08805735116481,9.93898956504168,0.));
#7940=CARTESIAN_POINT('Ctrl Pts',(4.06784824895834,9.90704716790197,0.));
#7941=CARTESIAN_POINT('Ctrl Pts',(4.05840282990268,9.89211778986504,0.));
#7942=CARTESIAN_POINT('',(3.99465789748958,9.82861164856007,0.));
#7943=CARTESIAN_POINT('Ctrl Pts',(4.05840282990268,9.89211778986504,0.));
#7944=CARTESIAN_POINT('Ctrl Pts',(4.04875117859792,9.87957990589744,0.));
#7945=CARTESIAN_POINT('Ctrl Pts',(4.03028682845348,9.85559397102078,0.));
#7946=CARTESIAN_POINT('Ctrl Pts',(4.00616893150016,9.837329126832,0.));
#7947=CARTESIAN_POINT('Ctrl Pts',(3.99465789748958,9.82861164856007,0.));
#7948=CARTESIAN_POINT('',(3.91109725190928,9.7935161356931,0.));
#7949=CARTESIAN_POINT('Ctrl Pts',(3.99465789748958,9.82861164856007,0.));
#7950=CARTESIAN_POINT('Ctrl Pts',(3.98215990766294,9.82127429246514,0.));
#7951=CARTESIAN_POINT('Ctrl Pts',(3.95588936034347,9.80585130339526,0.));
#7952=CARTESIAN_POINT('Ctrl Pts',(3.92650319736548,9.79775873394211,0.));
#7953=CARTESIAN_POINT('Ctrl Pts',(3.91109725190928,9.7935161356931,0.));
#7954=CARTESIAN_POINT('',(3.79864839567473,9.78157888996651,0.));
#7955=CARTESIAN_POINT('Ctrl Pts',(3.91109725190928,9.7935161356931,0.));
#7956=CARTESIAN_POINT('Ctrl Pts',(3.89362360797443,9.79003763835794,0.));
#7957=CARTESIAN_POINT('Ctrl Pts',(3.85651441879586,9.78265027163872,0.));
#7958=CARTESIAN_POINT('Ctrl Pts',(3.81867194370323,9.78194962327793,0.));
#7959=CARTESIAN_POINT('Ctrl Pts',(3.79864839567473,9.78157888996651,0.));
#7960=CARTESIAN_POINT('',(1.77302813954021,9.78157888996651,0.));
#7961=CARTESIAN_POINT('',(-0.345,12.1,0.));
#7962=CARTESIAN_POINT('Origin',(-1.27,12.1,0.));
#7963=CARTESIAN_POINT('Origin',(3.81,12.1,0.));
#7964=CARTESIAN_POINT('',(3.385,12.1,0.8));
#7965=CARTESIAN_POINT('Origin',(3.81,12.1,0.8));
#7966=CARTESIAN_POINT('',(3.385,12.1,0.));
#7967=CARTESIAN_POINT('Origin',(1.27,12.1,0.5));
#7968=CARTESIAN_POINT('',(0.845,12.1,0.5));
#7969=CARTESIAN_POINT('',(1.695,12.1,0.5));
#7970=CARTESIAN_POINT('Origin',(1.27,12.1,0.5));
#7971=CARTESIAN_POINT('Origin',(2.195,12.1,0.5));
#7972=CARTESIAN_POINT('Origin',(1.27,12.1,0.5));
#7973=CARTESIAN_POINT('Origin',(1.27,12.1,0.));
#7974=CARTESIAN_POINT('',(0.845,12.1,0.8));
#7975=CARTESIAN_POINT('Origin',(1.27,12.1,0.8));
#7976=CARTESIAN_POINT('',(0.845,12.1,0.));
#7977=CARTESIAN_POINT('Origin',(-1.27,12.1,0.5));
#7978=CARTESIAN_POINT('',(-1.695,12.1,0.5));
#7979=CARTESIAN_POINT('',(-0.845,12.1,0.5));
#7980=CARTESIAN_POINT('Origin',(-1.27,12.1,0.5));
#7981=CARTESIAN_POINT('Origin',(-0.345,12.1,0.5));
#7982=CARTESIAN_POINT('Origin',(-1.27,12.1,0.5));
#7983=CARTESIAN_POINT('Origin',(-1.27,12.1,0.));
#7984=CARTESIAN_POINT('',(-1.695,12.1,0.8));
#7985=CARTESIAN_POINT('Origin',(-1.27,12.1,0.8));
#7986=CARTESIAN_POINT('',(-1.695,12.1,0.));
#7987=CARTESIAN_POINT('Origin',(-3.81,12.1,0.5));
#7988=CARTESIAN_POINT('',(-4.235,12.1,0.5));
#7989=CARTESIAN_POINT('',(-3.385,12.1,0.5));
#7990=CARTESIAN_POINT('Origin',(-3.81,12.1,0.5));
#7991=CARTESIAN_POINT('Origin',(-2.885,12.1,0.5));
#7992=CARTESIAN_POINT('Origin',(-3.81,12.1,0.5));
#7993=CARTESIAN_POINT('Origin',(-3.81,12.1,0.));
#7994=CARTESIAN_POINT('',(-4.235,12.1,0.8));
#7995=CARTESIAN_POINT('Origin',(-3.81,12.1,0.8));
#7996=CARTESIAN_POINT('',(-4.235,12.1,0.));
#7997=CARTESIAN_POINT('Origin',(3.81,12.1,0.8));
#7998=CARTESIAN_POINT('',(3.585,12.1,1.));
#7999=CARTESIAN_POINT('Origin',(3.81,12.1,1.));
#8000=CARTESIAN_POINT('Origin',(3.585,12.1,0.8));
#8001=CARTESIAN_POINT('Origin',(3.81,12.1,1.));
#8002=CARTESIAN_POINT('Origin',(1.27,12.1,0.8));
#8003=CARTESIAN_POINT('',(1.045,12.1,1.));
#8004=CARTESIAN_POINT('Origin',(1.27,12.1,1.));
#8005=CARTESIAN_POINT('Origin',(1.045,12.1,0.8));
#8006=CARTESIAN_POINT('Origin',(1.27,12.1,1.));
#8007=CARTESIAN_POINT('Origin',(-1.27,12.1,0.8));
#8008=CARTESIAN_POINT('',(-1.495,12.1,1.));
#8009=CARTESIAN_POINT('Origin',(-1.27,12.1,1.));
#8010=CARTESIAN_POINT('Origin',(-1.495,12.1,0.8));
#8011=CARTESIAN_POINT('Origin',(-1.27,12.1,1.));
#8012=CARTESIAN_POINT('Origin',(-3.81,12.1,0.8));
#8013=CARTESIAN_POINT('',(-4.035,12.1,1.));
#8014=CARTESIAN_POINT('Origin',(-3.81,12.1,1.));
#8015=CARTESIAN_POINT('Origin',(-4.035,12.1,0.8));
#8016=CARTESIAN_POINT('Origin',(-3.81,12.1,1.));
#8017=CARTESIAN_POINT('Origin',(2.94967156565419,10.0141164277797,0.));
#8018=CARTESIAN_POINT('',(2.86229093289605,10.0064766024356,0.2));
#8019=CARTESIAN_POINT('',(2.86229093289605,10.0064766024356,0.));
#8020=CARTESIAN_POINT('',(2.94967156565419,10.0141164277797,0.2));
#8021=CARTESIAN_POINT('',(2.86229093289605,10.0064766024356,0.2));
#8022=CARTESIAN_POINT('',(2.94967156565419,10.0141164277797,0.));
#8023=CARTESIAN_POINT('Ctrl Pts',(2.97855969248941,9.9279295270448,0.));
#8024=CARTESIAN_POINT('Ctrl Pts',(2.97855969248941,9.9279295270448,0.2));
#8025=CARTESIAN_POINT('Ctrl Pts',(2.97163001887867,9.94046671822091,0.));
#8026=CARTESIAN_POINT('Ctrl Pts',(2.97163001887867,9.94046671822091,0.2));
#8027=CARTESIAN_POINT('Ctrl Pts',(2.95674996257421,9.96738777122851,0.));
#8028=CARTESIAN_POINT('Ctrl Pts',(2.95674996257421,9.96738777122851,0.2));
#8029=CARTESIAN_POINT('Ctrl Pts',(2.95213651888512,9.99784382336877,0.));
#8030=CARTESIAN_POINT('Ctrl Pts',(2.95213651888512,9.99784382336877,0.2));
#8031=CARTESIAN_POINT('Ctrl Pts',(2.94967156565419,10.0141164277797,0.));
#8032=CARTESIAN_POINT('Ctrl Pts',(2.94967156565419,10.0141164277797,0.2));
#8033=CARTESIAN_POINT('',(2.97855969248941,9.9279295270448,0.2));
#8034=CARTESIAN_POINT('Ctrl Pts',(2.97855969248941,9.9279295270448,0.2));
#8035=CARTESIAN_POINT('Ctrl Pts',(2.97163001887867,9.94046671822091,0.2));
#8036=CARTESIAN_POINT('Ctrl Pts',(2.95674996257421,9.96738777122851,0.2));
#8037=CARTESIAN_POINT('Ctrl Pts',(2.95213651888512,9.99784382336877,0.2));
#8038=CARTESIAN_POINT('Ctrl Pts',(2.94967156565419,10.0141164277797,0.2));
#8039=CARTESIAN_POINT('',(2.97855969248941,9.9279295270448,0.));
#8040=CARTESIAN_POINT('Ctrl Pts',(3.04898945345214,9.87349565970948,0.));
#8041=CARTESIAN_POINT('Ctrl Pts',(3.04898945345214,9.87349565970948,0.2));
#8042=CARTESIAN_POINT('Ctrl Pts',(3.03441093204517,9.88054044689313,0.));
#8043=CARTESIAN_POINT('Ctrl Pts',(3.03441093204517,9.88054044689313,0.2));
#8044=CARTESIAN_POINT('Ctrl Pts',(3.00705319607214,9.89376054119324,0.));
#8045=CARTESIAN_POINT('Ctrl Pts',(3.00705319607214,9.89376054119324,0.2));
#8046=CARTESIAN_POINT('Ctrl Pts',(2.98763174682169,9.91705045437393,0.));
#8047=CARTESIAN_POINT('Ctrl Pts',(2.98763174682169,9.91705045437393,0.2));
#8048=CARTESIAN_POINT('Ctrl Pts',(2.97855969248941,9.9279295270448,0.));
#8049=CARTESIAN_POINT('Ctrl Pts',(2.97855969248941,9.9279295270448,0.2));
#8050=CARTESIAN_POINT('',(3.04898945345214,9.87349565970948,0.2));
#8051=CARTESIAN_POINT('Ctrl Pts',(3.04898945345214,9.87349565970948,0.2));
#8052=CARTESIAN_POINT('Ctrl Pts',(3.03441093204517,9.88054044689313,0.2));
#8053=CARTESIAN_POINT('Ctrl Pts',(3.00705319607214,9.89376054119324,0.2));
#8054=CARTESIAN_POINT('Ctrl Pts',(2.98763174682169,9.91705045437393,0.2));
#8055=CARTESIAN_POINT('Ctrl Pts',(2.97855969248941,9.9279295270448,0.2));
#8056=CARTESIAN_POINT('',(3.04898945345214,9.87349565970948,0.));
#8057=CARTESIAN_POINT('Ctrl Pts',(3.1564246277385,9.85272485661557,0.));
#8058=CARTESIAN_POINT('Ctrl Pts',(3.1564246277385,9.85272485661557,0.2));
#8059=CARTESIAN_POINT('Ctrl Pts',(3.13732809438301,9.85346192365957,0.));
#8060=CARTESIAN_POINT('Ctrl Pts',(3.13732809438301,9.85346192365957,0.2));
#8061=CARTESIAN_POINT('Ctrl Pts',(3.10043231548543,9.85488598645578,0.));
#8062=CARTESIAN_POINT('Ctrl Pts',(3.10043231548543,9.85488598645578,0.2));
#8063=CARTESIAN_POINT('Ctrl Pts',(3.06573035707361,9.86743956690956,0.));
#8064=CARTESIAN_POINT('Ctrl Pts',(3.06573035707361,9.86743956690956,0.2));
#8065=CARTESIAN_POINT('Ctrl Pts',(3.04898945345214,9.87349565970948,0.));
#8066=CARTESIAN_POINT('Ctrl Pts',(3.04898945345214,9.87349565970948,0.2));
#8067=CARTESIAN_POINT('',(3.1564246277385,9.85272485661557,0.2));
#8068=CARTESIAN_POINT('Ctrl Pts',(3.1564246277385,9.85272485661557,0.2));
#8069=CARTESIAN_POINT('Ctrl Pts',(3.13732809438301,9.85346192365957,0.2));
#8070=CARTESIAN_POINT('Ctrl Pts',(3.10043231548543,9.85488598645578,0.2));
#8071=CARTESIAN_POINT('Ctrl Pts',(3.06573035707361,9.86743956690956,0.2));
#8072=CARTESIAN_POINT('Ctrl Pts',(3.04898945345214,9.87349565970948,0.2));
#8073=CARTESIAN_POINT('',(3.1564246277385,9.85272485661557,0.));
#8074=CARTESIAN_POINT('Ctrl Pts',(3.25001263721517,9.8684820150142,0.));
#8075=CARTESIAN_POINT('Ctrl Pts',(3.25001263721517,9.8684820150142,0.2));
#8076=CARTESIAN_POINT('Ctrl Pts',(3.23556234907461,9.86388936513357,0.));
#8077=CARTESIAN_POINT('Ctrl Pts',(3.23556234907461,9.86388936513357,0.2));
#8078=CARTESIAN_POINT('Ctrl Pts',(3.2051316564988,9.85421775753196,0.));
#8079=CARTESIAN_POINT('Ctrl Pts',(3.2051316564988,9.85421775753196,0.2));
#8080=CARTESIAN_POINT('Ctrl Pts',(3.17319557409738,9.85323889661811,0.));
#8081=CARTESIAN_POINT('Ctrl Pts',(3.17319557409738,9.85323889661811,0.2));
#8082=CARTESIAN_POINT('Ctrl Pts',(3.1564246277385,9.85272485661557,0.));
#8083=CARTESIAN_POINT('Ctrl Pts',(3.1564246277385,9.85272485661557,0.2));
#8084=CARTESIAN_POINT('',(3.25001263721517,9.8684820150142,0.2));
#8085=CARTESIAN_POINT('Ctrl Pts',(3.25001263721517,9.8684820150142,0.2));
#8086=CARTESIAN_POINT('Ctrl Pts',(3.23556234907461,9.86388936513357,0.2));
#8087=CARTESIAN_POINT('Ctrl Pts',(3.2051316564988,9.85421775753196,0.2));
#8088=CARTESIAN_POINT('Ctrl Pts',(3.17319557409738,9.85323889661811,0.2));
#8089=CARTESIAN_POINT('Ctrl Pts',(3.1564246277385,9.85272485661557,0.2));
#8090=CARTESIAN_POINT('',(3.25001263721517,9.8684820150142,0.));
#8091=CARTESIAN_POINT('Ctrl Pts',(3.31041509016088,9.91169486093571,0.));
#8092=CARTESIAN_POINT('Ctrl Pts',(3.31041509016088,9.91169486093571,0.2));
#8093=CARTESIAN_POINT('Ctrl Pts',(3.30254349156924,9.90288160989859,0.));
#8094=CARTESIAN_POINT('Ctrl Pts',(3.30254349156924,9.90288160989859,0.2));
#8095=CARTESIAN_POINT('Ctrl Pts',(3.2856789616276,9.88399963385922,0.));
#8096=CARTESIAN_POINT('Ctrl Pts',(3.2856789616276,9.88399963385922,0.2));
#8097=CARTESIAN_POINT('Ctrl Pts',(3.2624169797502,9.87387886660047,0.));
#8098=CARTESIAN_POINT('Ctrl Pts',(3.2624169797502,9.87387886660047,0.2));
#8099=CARTESIAN_POINT('Ctrl Pts',(3.25001263721517,9.8684820150142,0.));
#8100=CARTESIAN_POINT('Ctrl Pts',(3.25001263721517,9.8684820150142,0.2));
#8101=CARTESIAN_POINT('',(3.31041509016088,9.91169486093571,0.2));
#8102=CARTESIAN_POINT('Ctrl Pts',(3.31041509016088,9.91169486093571,0.2));
#8103=CARTESIAN_POINT('Ctrl Pts',(3.30254349156924,9.90288160989859,0.2));
#8104=CARTESIAN_POINT('Ctrl Pts',(3.2856789616276,9.88399963385922,0.2));
#8105=CARTESIAN_POINT('Ctrl Pts',(3.2624169797502,9.87387886660047,0.2));
#8106=CARTESIAN_POINT('Ctrl Pts',(3.25001263721517,9.8684820150142,0.2));
#8107=CARTESIAN_POINT('',(3.31041509016088,9.91169486093571,0.));
#8108=CARTESIAN_POINT('Ctrl Pts',(3.33023091508677,9.97161980617097,0.));
#8109=CARTESIAN_POINT('Ctrl Pts',(3.33023091508677,9.97161980617097,0.2));
#8110=CARTESIAN_POINT('Ctrl Pts',(3.32936861417617,9.96095520678622,0.));
#8111=CARTESIAN_POINT('Ctrl Pts',(3.32936861417617,9.96095520678622,0.2));
#8112=CARTESIAN_POINT('Ctrl Pts',(3.32762433333315,9.93938262559492,0.));
#8113=CARTESIAN_POINT('Ctrl Pts',(3.32762433333315,9.93938262559492,0.2));
#8114=CARTESIAN_POINT('Ctrl Pts',(3.3161944884872,9.92099327220977,0.));
#8115=CARTESIAN_POINT('Ctrl Pts',(3.3161944884872,9.92099327220977,0.2));
#8116=CARTESIAN_POINT('Ctrl Pts',(3.31041509016088,9.91169486093571,0.));
#8117=CARTESIAN_POINT('Ctrl Pts',(3.31041509016088,9.91169486093571,0.2));
#8118=CARTESIAN_POINT('',(3.33023091508677,9.97161980617097,0.2));
#8119=CARTESIAN_POINT('Ctrl Pts',(3.33023091508677,9.97161980617097,0.2));
#8120=CARTESIAN_POINT('Ctrl Pts',(3.32936861417617,9.96095520678622,0.2));
#8121=CARTESIAN_POINT('Ctrl Pts',(3.32762433333315,9.93938262559492,0.2));
#8122=CARTESIAN_POINT('Ctrl Pts',(3.3161944884872,9.92099327220977,0.2));
#8123=CARTESIAN_POINT('Ctrl Pts',(3.31041509016088,9.91169486093571,0.2));
#8124=CARTESIAN_POINT('',(3.33023091508677,9.97161980617097,0.));
#8125=CARTESIAN_POINT('Ctrl Pts',(3.31113131447366,10.0291573618655,0.));
#8126=CARTESIAN_POINT('Ctrl Pts',(3.31113131447366,10.0291573618655,0.2));
#8127=CARTESIAN_POINT('Ctrl Pts',(3.31670166755277,10.0205304705854,0.));
#8128=CARTESIAN_POINT('Ctrl Pts',(3.31670166755277,10.0205304705854,0.2));
#8129=CARTESIAN_POINT('Ctrl Pts',(3.32801581380731,10.0030080786869,0.));
#8130=CARTESIAN_POINT('Ctrl Pts',(3.32801581380731,10.0030080786869,0.2));
#8131=CARTESIAN_POINT('Ctrl Pts',(3.32948504049482,9.98218894590827,0.));
#8132=CARTESIAN_POINT('Ctrl Pts',(3.32948504049482,9.98218894590827,0.2));
#8133=CARTESIAN_POINT('Ctrl Pts',(3.33023091508677,9.97161980617097,0.));
#8134=CARTESIAN_POINT('Ctrl Pts',(3.33023091508677,9.97161980617097,0.2));
#8135=CARTESIAN_POINT('',(3.31113131447366,10.0291573618655,0.2));
#8136=CARTESIAN_POINT('Ctrl Pts',(3.31113131447366,10.0291573618655,0.2));
#8137=CARTESIAN_POINT('Ctrl Pts',(3.31670166755277,10.0205304705854,0.2));
#8138=CARTESIAN_POINT('Ctrl Pts',(3.32801581380731,10.0030080786869,0.2));
#8139=CARTESIAN_POINT('Ctrl Pts',(3.32948504049482,9.98218894590827,0.2));
#8140=CARTESIAN_POINT('Ctrl Pts',(3.33023091508677,9.97161980617097,0.2));
#8141=CARTESIAN_POINT('',(3.31113131447366,10.0291573618655,0.));
#8142=CARTESIAN_POINT('Ctrl Pts',(3.24810268087914,10.0704601769452,0.));
#8143=CARTESIAN_POINT('Ctrl Pts',(3.24810268087914,10.0704601769452,0.2));
#8144=CARTESIAN_POINT('Ctrl Pts',(3.26126133658125,10.0650975983491,0.));
#8145=CARTESIAN_POINT('Ctrl Pts',(3.26126133658125,10.0650975983491,0.2));
#8146=CARTESIAN_POINT('Ctrl Pts',(3.28503067155838,10.0554108241163,0.));
#8147=CARTESIAN_POINT('Ctrl Pts',(3.28503067155838,10.0554108241163,0.2));
#8148=CARTESIAN_POINT('Ctrl Pts',(3.30307589166857,10.0372599491931,0.));
#8149=CARTESIAN_POINT('Ctrl Pts',(3.30307589166857,10.0372599491931,0.2));
#8150=CARTESIAN_POINT('Ctrl Pts',(3.31113131447366,10.0291573618655,0.));
#8151=CARTESIAN_POINT('Ctrl Pts',(3.31113131447366,10.0291573618655,0.2));
#8152=CARTESIAN_POINT('',(3.24810268087914,10.0704601769452,0.2));
#8153=CARTESIAN_POINT('Ctrl Pts',(3.24810268087914,10.0704601769452,0.2));
#8154=CARTESIAN_POINT('Ctrl Pts',(3.26126133658125,10.0650975983491,0.2));
#8155=CARTESIAN_POINT('Ctrl Pts',(3.28503067155838,10.0554108241163,0.2));
#8156=CARTESIAN_POINT('Ctrl Pts',(3.30307589166857,10.0372599491931,0.2));
#8157=CARTESIAN_POINT('Ctrl Pts',(3.31113131447366,10.0291573618655,0.2));
#8158=CARTESIAN_POINT('',(3.24810268087914,10.0704601769452,0.));
#8159=CARTESIAN_POINT('Ctrl Pts',(3.12347782506278,10.1046007116442,0.));
#8160=CARTESIAN_POINT('Ctrl Pts',(3.12347782506278,10.1046007116442,0.2));
#8161=CARTESIAN_POINT('Ctrl Pts',(3.15006163448887,10.0983326384643,0.));
#8162=CARTESIAN_POINT('Ctrl Pts',(3.15006163448887,10.0983326384643,0.2));
#8163=CARTESIAN_POINT('Ctrl Pts',(3.19202172553006,10.0884390631281,0.));
#8164=CARTESIAN_POINT('Ctrl Pts',(3.19202172553006,10.0884390631281,0.2));
#8165=CARTESIAN_POINT('Ctrl Pts',(3.2330630729873,10.0752816960659,0.));
#8166=CARTESIAN_POINT('Ctrl Pts',(3.2330630729873,10.0752816960659,0.2));
#8167=CARTESIAN_POINT('Ctrl Pts',(3.24810268087914,10.0704601769452,0.));
#8168=CARTESIAN_POINT('Ctrl Pts',(3.24810268087914,10.0704601769452,0.2));
#8169=CARTESIAN_POINT('',(3.12347782506278,10.1046007116442,0.2));
#8170=CARTESIAN_POINT('Ctrl Pts',(3.12347782506278,10.1046007116442,0.2));
#8171=CARTESIAN_POINT('Ctrl Pts',(3.15006163448887,10.0983326384643,0.2));
#8172=CARTESIAN_POINT('Ctrl Pts',(3.19202172553006,10.0884390631281,0.2));
#8173=CARTESIAN_POINT('Ctrl Pts',(3.2330630729873,10.0752816960659,0.2));
#8174=CARTESIAN_POINT('Ctrl Pts',(3.24810268087914,10.0704601769452,0.2));
#8175=CARTESIAN_POINT('',(3.12347782506278,10.1046007116442,0.));
#8176=CARTESIAN_POINT('Ctrl Pts',(2.9883482466512,10.1482910280233,0.));
#8177=CARTESIAN_POINT('Ctrl Pts',(2.9883482466512,10.1482910280233,0.2));
#8178=CARTESIAN_POINT('Ctrl Pts',(3.00591901508588,10.1408223069345,0.));
#8179=CARTESIAN_POINT('Ctrl Pts',(3.00591901508588,10.1408223069345,0.2));
#8180=CARTESIAN_POINT('Ctrl Pts',(3.04961669927425,10.1222479448262,0.));
#8181=CARTESIAN_POINT('Ctrl Pts',(3.04961669927425,10.1222479448262,0.2));
#8182=CARTESIAN_POINT('Ctrl Pts',(3.09584052513481,10.1112039399479,0.));
#8183=CARTESIAN_POINT('Ctrl Pts',(3.09584052513481,10.1112039399479,0.2));
#8184=CARTESIAN_POINT('Ctrl Pts',(3.12347782506278,10.1046007116442,0.));
#8185=CARTESIAN_POINT('Ctrl Pts',(3.12347782506278,10.1046007116442,0.2));
#8186=CARTESIAN_POINT('',(2.9883482466512,10.1482910280233,0.2));
#8187=CARTESIAN_POINT('Ctrl Pts',(2.9883482466512,10.1482910280233,0.2));
#8188=CARTESIAN_POINT('Ctrl Pts',(3.00591901508588,10.1408223069345,0.2));
#8189=CARTESIAN_POINT('Ctrl Pts',(3.04961669927425,10.1222479448262,0.2));
#8190=CARTESIAN_POINT('Ctrl Pts',(3.09584052513481,10.1112039399479,0.2));
#8191=CARTESIAN_POINT('Ctrl Pts',(3.12347782506278,10.1046007116442,0.2));
#8192=CARTESIAN_POINT('',(2.9883482466512,10.1482910280233,0.));
#8193=CARTESIAN_POINT('Ctrl Pts',(2.91362108393243,10.213468371809,0.));
#8194=CARTESIAN_POINT('Ctrl Pts',(2.91362108393243,10.213468371809,0.2));
#8195=CARTESIAN_POINT('Ctrl Pts',(2.92329451508985,10.2008139593634,0.));
#8196=CARTESIAN_POINT('Ctrl Pts',(2.92329451508985,10.2008139593634,0.2));
#8197=CARTESIAN_POINT('Ctrl Pts',(2.94374961271507,10.1740553834503,0.));
#8198=CARTESIAN_POINT('Ctrl Pts',(2.94374961271507,10.1740553834503,0.2));
#8199=CARTESIAN_POINT('Ctrl Pts',(2.97295460361613,10.1571838405484,0.));
#8200=CARTESIAN_POINT('Ctrl Pts',(2.97295460361613,10.1571838405484,0.2));
#8201=CARTESIAN_POINT('Ctrl Pts',(2.9883482466512,10.1482910280233,0.));
#8202=CARTESIAN_POINT('Ctrl Pts',(2.9883482466512,10.1482910280233,0.2));
#8203=CARTESIAN_POINT('',(2.91362108393243,10.213468371809,0.2));
#8204=CARTESIAN_POINT('Ctrl Pts',(2.91362108393243,10.213468371809,0.2));
#8205=CARTESIAN_POINT('Ctrl Pts',(2.92329451508985,10.2008139593634,0.2));
#8206=CARTESIAN_POINT('Ctrl Pts',(2.94374961271507,10.1740553834503,0.2));
#8207=CARTESIAN_POINT('Ctrl Pts',(2.97295460361613,10.1571838405484,0.2));
#8208=CARTESIAN_POINT('Ctrl Pts',(2.9883482466512,10.1482910280233,0.2));
#8209=CARTESIAN_POINT('',(2.91362108393243,10.213468371809,0.));
#8210=CARTESIAN_POINT('Ctrl Pts',(2.88903035885325,10.3006102879648,0.));
#8211=CARTESIAN_POINT('Ctrl Pts',(2.88903035885325,10.3006102879648,0.2));
#8212=CARTESIAN_POINT('Ctrl Pts',(2.890003422499,10.2850049588901,0.));
#8213=CARTESIAN_POINT('Ctrl Pts',(2.890003422499,10.2850049588901,0.2));
#8214=CARTESIAN_POINT('Ctrl Pts',(2.891925815723,10.2541749314788,0.));
#8215=CARTESIAN_POINT('Ctrl Pts',(2.891925815723,10.2541749314788,0.2));
#8216=CARTESIAN_POINT('Ctrl Pts',(2.90644909650972,10.2269250818693,0.));
#8217=CARTESIAN_POINT('Ctrl Pts',(2.90644909650972,10.2269250818693,0.2));
#8218=CARTESIAN_POINT('Ctrl Pts',(2.91362108393243,10.213468371809,0.));
#8219=CARTESIAN_POINT('Ctrl Pts',(2.91362108393243,10.213468371809,0.2));
#8220=CARTESIAN_POINT('',(2.88903035885325,10.3006102879648,0.2));
#8221=CARTESIAN_POINT('Ctrl Pts',(2.88903035885325,10.3006102879648,0.2));
#8222=CARTESIAN_POINT('Ctrl Pts',(2.890003422499,10.2850049588901,0.2));
#8223=CARTESIAN_POINT('Ctrl Pts',(2.891925815723,10.2541749314788,0.2));
#8224=CARTESIAN_POINT('Ctrl Pts',(2.90644909650972,10.2269250818693,0.2));
#8225=CARTESIAN_POINT('Ctrl Pts',(2.91362108393243,10.213468371809,0.2));
#8226=CARTESIAN_POINT('',(2.88903035885325,10.3006102879648,0.));
#8227=CARTESIAN_POINT('Ctrl Pts',(2.91911221771172,10.3996894125943,0.));
#8228=CARTESIAN_POINT('Ctrl Pts',(2.91911221771172,10.3996894125943,0.2));
#8229=CARTESIAN_POINT('Ctrl Pts',(2.91033859135382,10.3841316368542,0.));
#8230=CARTESIAN_POINT('Ctrl Pts',(2.91033859135382,10.3841316368542,0.2));
#8231=CARTESIAN_POINT('Ctrl Pts',(2.8929648858509,10.3533238268378,0.));
#8232=CARTESIAN_POINT('Ctrl Pts',(2.8929648858509,10.3533238268378,0.2));
#8233=CARTESIAN_POINT('Ctrl Pts',(2.89033310483489,10.3180640634722,0.));
#8234=CARTESIAN_POINT('Ctrl Pts',(2.89033310483489,10.3180640634722,0.2));
#8235=CARTESIAN_POINT('Ctrl Pts',(2.88903035885325,10.3006102879648,0.));
#8236=CARTESIAN_POINT('Ctrl Pts',(2.88903035885325,10.3006102879648,0.2));
#8237=CARTESIAN_POINT('',(2.91911221771172,10.3996894125943,0.2));
#8238=CARTESIAN_POINT('Ctrl Pts',(2.91911221771172,10.3996894125943,0.2));
#8239=CARTESIAN_POINT('Ctrl Pts',(2.91033859135382,10.3841316368542,0.2));
#8240=CARTESIAN_POINT('Ctrl Pts',(2.8929648858509,10.3533238268378,0.2));
#8241=CARTESIAN_POINT('Ctrl Pts',(2.89033310483489,10.3180640634722,0.2));
#8242=CARTESIAN_POINT('Ctrl Pts',(2.88903035885325,10.3006102879648,0.2));
#8243=CARTESIAN_POINT('',(2.91911221771172,10.3996894125943,0.));
#8244=CARTESIAN_POINT('Ctrl Pts',(3.00697033955386,10.4696416472202,0.));
#8245=CARTESIAN_POINT('Ctrl Pts',(3.00697033955386,10.4696416472202,0.2));
#8246=CARTESIAN_POINT('Ctrl Pts',(2.9890511940078,10.4610362810951,0.));
#8247=CARTESIAN_POINT('Ctrl Pts',(2.9890511940078,10.4610362810951,0.2));
#8248=CARTESIAN_POINT('Ctrl Pts',(2.95439389569634,10.4443927006236,0.));
#8249=CARTESIAN_POINT('Ctrl Pts',(2.95439389569634,10.4443927006236,0.2));
#8250=CARTESIAN_POINT('Ctrl Pts',(2.93060253647637,10.4142481030713,0.));
#8251=CARTESIAN_POINT('Ctrl Pts',(2.93060253647637,10.4142481030713,0.2));
#8252=CARTESIAN_POINT('Ctrl Pts',(2.91911221771172,10.3996894125943,0.));
#8253=CARTESIAN_POINT('Ctrl Pts',(2.91911221771172,10.3996894125943,0.2));
#8254=CARTESIAN_POINT('',(3.00697033955386,10.4696416472202,0.2));
#8255=CARTESIAN_POINT('Ctrl Pts',(3.00697033955386,10.4696416472202,0.2));
#8256=CARTESIAN_POINT('Ctrl Pts',(2.9890511940078,10.4610362810951,0.2));
#8257=CARTESIAN_POINT('Ctrl Pts',(2.95439389569634,10.4443927006236,0.2));
#8258=CARTESIAN_POINT('Ctrl Pts',(2.93060253647637,10.4142481030713,0.2));
#8259=CARTESIAN_POINT('Ctrl Pts',(2.91911221771172,10.3996894125943,0.2));
#8260=CARTESIAN_POINT('',(3.00697033955386,10.4696416472202,0.));
#8261=CARTESIAN_POINT('Ctrl Pts',(3.13541507078937,10.4935161386733,0.));
#8262=CARTESIAN_POINT('Ctrl Pts',(3.13541507078937,10.4935161386733,0.2));
#8263=CARTESIAN_POINT('Ctrl Pts',(3.11272029336557,10.4926528417847,0.));
#8264=CARTESIAN_POINT('Ctrl Pts',(3.11272029336557,10.4926528417847,0.2));
#8265=CARTESIAN_POINT('Ctrl Pts',(3.06871701796375,10.4909789813174,0.));
#8266=CARTESIAN_POINT('Ctrl Pts',(3.06871701796375,10.4909789813174,0.2));
#8267=CARTESIAN_POINT('Ctrl Pts',(3.02711569626306,10.4766031262451,0.));
#8268=CARTESIAN_POINT('Ctrl Pts',(3.02711569626306,10.4766031262451,0.2));
#8269=CARTESIAN_POINT('Ctrl Pts',(3.00697033955386,10.4696416472202,0.));
#8270=CARTESIAN_POINT('Ctrl Pts',(3.00697033955386,10.4696416472202,0.2));
#8271=CARTESIAN_POINT('',(3.13541507078937,10.4935161386733,0.2));
#8272=CARTESIAN_POINT('Ctrl Pts',(3.13541507078937,10.4935161386733,0.2));
#8273=CARTESIAN_POINT('Ctrl Pts',(3.11272029336557,10.4926528417847,0.2));
#8274=CARTESIAN_POINT('Ctrl Pts',(3.06871701796375,10.4909789813174,0.2));
#8275=CARTESIAN_POINT('Ctrl Pts',(3.02711569626306,10.4766031262451,0.2));
#8276=CARTESIAN_POINT('Ctrl Pts',(3.00697033955386,10.4696416472202,0.2));
#8277=CARTESIAN_POINT('',(3.13541507078937,10.4935161386733,0.));
#8278=CARTESIAN_POINT('Ctrl Pts',(3.2726933966451,10.4684479151969,0.));
#8279=CARTESIAN_POINT('Ctrl Pts',(3.2726933966451,10.4684479151969,0.2));
#8280=CARTESIAN_POINT('Ctrl Pts',(3.2515407158916,10.4757548547429,0.));
#8281=CARTESIAN_POINT('Ctrl Pts',(3.2515407158916,10.4757548547429,0.2));
#8282=CARTESIAN_POINT('Ctrl Pts',(3.20709408929632,10.4911084081455,0.));
#8283=CARTESIAN_POINT('Ctrl Pts',(3.20709408929632,10.4911084081455,0.2));
#8284=CARTESIAN_POINT('Ctrl Pts',(3.16006332980201,10.4926881925474,0.));
#8285=CARTESIAN_POINT('Ctrl Pts',(3.16006332980201,10.4926881925474,0.2));
#8286=CARTESIAN_POINT('Ctrl Pts',(3.13541507078937,10.4935161386733,0.));
#8287=CARTESIAN_POINT('Ctrl Pts',(3.13541507078937,10.4935161386733,0.2));
#8288=CARTESIAN_POINT('',(3.2726933966451,10.4684479151969,0.2));
#8289=CARTESIAN_POINT('Ctrl Pts',(3.2726933966451,10.4684479151969,0.2));
#8290=CARTESIAN_POINT('Ctrl Pts',(3.2515407158916,10.4757548547429,0.2));
#8291=CARTESIAN_POINT('Ctrl Pts',(3.20709408929632,10.4911084081455,0.2));
#8292=CARTESIAN_POINT('Ctrl Pts',(3.16006332980201,10.4926881925474,0.2));
#8293=CARTESIAN_POINT('Ctrl Pts',(3.13541507078937,10.4935161386733,0.2));
#8294=CARTESIAN_POINT('',(3.2726933966451,10.4684479151969,0.));
#8295=CARTESIAN_POINT('Ctrl Pts',(3.36413269593051,10.3946757678991,0.));
#8296=CARTESIAN_POINT('Ctrl Pts',(3.36413269593051,10.3946757678991,0.2));
#8297=CARTESIAN_POINT('Ctrl Pts',(3.3520683159831,10.4100316229446,0.));
#8298=CARTESIAN_POINT('Ctrl Pts',(3.3520683159831,10.4100316229446,0.2));
#8299=CARTESIAN_POINT('Ctrl Pts',(3.3272661007001,10.441600524484,0.));
#8300=CARTESIAN_POINT('Ctrl Pts',(3.3272661007001,10.441600524484,0.2));
#8301=CARTESIAN_POINT('Ctrl Pts',(3.29121063640945,10.4593382406905,0.));
#8302=CARTESIAN_POINT('Ctrl Pts',(3.29121063640945,10.4593382406905,0.2));
#8303=CARTESIAN_POINT('Ctrl Pts',(3.2726933966451,10.4684479151969,0.));
#8304=CARTESIAN_POINT('Ctrl Pts',(3.2726933966451,10.4684479151969,0.2));
#8305=CARTESIAN_POINT('',(3.36413269593051,10.3946757678991,0.2));
#8306=CARTESIAN_POINT('Ctrl Pts',(3.36413269593051,10.3946757678991,0.2));
#8307=CARTESIAN_POINT('Ctrl Pts',(3.3520683159831,10.4100316229446,0.2));
#8308=CARTESIAN_POINT('Ctrl Pts',(3.3272661007001,10.441600524484,0.2));
#8309=CARTESIAN_POINT('Ctrl Pts',(3.29121063640945,10.4593382406905,0.2));
#8310=CARTESIAN_POINT('Ctrl Pts',(3.2726933966451,10.4684479151969,0.2));
#8311=CARTESIAN_POINT('',(3.36413269593051,10.3946757678991,0.));
#8312=CARTESIAN_POINT('Ctrl Pts',(3.3985119472318,10.2843756218558,0.));
#8313=CARTESIAN_POINT('Ctrl Pts',(3.3985119472318,10.2843756218558,0.2));
#8314=CARTESIAN_POINT('Ctrl Pts',(3.39656366301406,10.3042460467679,0.));
#8315=CARTESIAN_POINT('Ctrl Pts',(3.39656366301406,10.3042460467679,0.2));
#8316=CARTESIAN_POINT('Ctrl Pts',(3.39272413317974,10.3434051635829,0.));
#8317=CARTESIAN_POINT('Ctrl Pts',(3.39272413317974,10.3434051635829,0.2));
#8318=CARTESIAN_POINT('Ctrl Pts',(3.37356831783418,10.3777556658111,0.));
#8319=CARTESIAN_POINT('Ctrl Pts',(3.37356831783418,10.3777556658111,0.2));
#8320=CARTESIAN_POINT('Ctrl Pts',(3.36413269593051,10.3946757678991,0.));
#8321=CARTESIAN_POINT('Ctrl Pts',(3.36413269593051,10.3946757678991,0.2));
#8322=CARTESIAN_POINT('',(3.3985119472318,10.2843756218558,0.2));
#8323=CARTESIAN_POINT('Ctrl Pts',(3.3985119472318,10.2843756218558,0.2));
#8324=CARTESIAN_POINT('Ctrl Pts',(3.39656366301406,10.3042460467679,0.2));
#8325=CARTESIAN_POINT('Ctrl Pts',(3.39272413317974,10.3434051635829,0.2));
#8326=CARTESIAN_POINT('Ctrl Pts',(3.37356831783418,10.3777556658111,0.2));
#8327=CARTESIAN_POINT('Ctrl Pts',(3.36413269593051,10.3946757678991,0.2));
#8328=CARTESIAN_POINT('',(3.3985119472318,10.2843756218558,0.));
#8329=CARTESIAN_POINT('Origin',(3.30969886584809,10.2776907746797,0.));
#8330=CARTESIAN_POINT('',(3.30969886584809,10.2776907746797,0.2));
#8331=CARTESIAN_POINT('',(3.3985119472318,10.2843756218558,0.2));
#8332=CARTESIAN_POINT('',(3.30969886584809,10.2776907746797,0.));
#8333=CARTESIAN_POINT('Ctrl Pts',(3.26123365862897,10.3779636313324,0.));
#8334=CARTESIAN_POINT('Ctrl Pts',(3.26123365862897,10.3779636313324,0.2));
#8335=CARTESIAN_POINT('Ctrl Pts',(3.27363383768782,10.3646944369976,0.));
#8336=CARTESIAN_POINT('Ctrl Pts',(3.27363383768782,10.3646944369976,0.2));
#8337=CARTESIAN_POINT('Ctrl Pts',(3.30007395873001,10.3364013693992,0.));
#8338=CARTESIAN_POINT('Ctrl Pts',(3.30007395873001,10.3364013693992,0.2));
#8339=CARTESIAN_POINT('Ctrl Pts',(3.30636060183779,10.298053720833,0.));
#8340=CARTESIAN_POINT('Ctrl Pts',(3.30636060183779,10.298053720833,0.2));
#8341=CARTESIAN_POINT('Ctrl Pts',(3.30969886584809,10.2776907746797,0.));
#8342=CARTESIAN_POINT('Ctrl Pts',(3.30969886584809,10.2776907746797,0.2));
#8343=CARTESIAN_POINT('',(3.26123365862897,10.3779636313324,0.2));
#8344=CARTESIAN_POINT('Ctrl Pts',(3.26123365862897,10.3779636313324,0.2));
#8345=CARTESIAN_POINT('Ctrl Pts',(3.27363383768782,10.3646944369976,0.2));
#8346=CARTESIAN_POINT('Ctrl Pts',(3.30007395873001,10.3364013693992,0.2));
#8347=CARTESIAN_POINT('Ctrl Pts',(3.30636060183779,10.298053720833,0.2));
#8348=CARTESIAN_POINT('Ctrl Pts',(3.30969886584809,10.2776907746797,0.2));
#8349=CARTESIAN_POINT('',(3.26123365862897,10.3779636313324,0.));
#8350=CARTESIAN_POINT('Ctrl Pts',(3.13923502071431,10.4118653749233,0.));
#8351=CARTESIAN_POINT('Ctrl Pts',(3.13923502071431,10.4118653749233,0.2));
#8352=CARTESIAN_POINT('Ctrl Pts',(3.16349449370055,10.4111955944549,0.));
#8353=CARTESIAN_POINT('Ctrl Pts',(3.16349449370055,10.4111955944549,0.2));
#8354=CARTESIAN_POINT('Ctrl Pts',(3.2071751209628,10.4099896147949,0.));
#8355=CARTESIAN_POINT('Ctrl Pts',(3.2071751209628,10.4099896147949,0.2));
#8356=CARTESIAN_POINT('Ctrl Pts',(3.24459578923199,10.3878204301502,0.));
#8357=CARTESIAN_POINT('Ctrl Pts',(3.24459578923199,10.3878204301502,0.2));
#8358=CARTESIAN_POINT('Ctrl Pts',(3.26123365862897,10.3779636313324,0.));
#8359=CARTESIAN_POINT('Ctrl Pts',(3.26123365862897,10.3779636313324,0.2));
#8360=CARTESIAN_POINT('',(3.13923502071431,10.4118653749233,0.2));
#8361=CARTESIAN_POINT('Ctrl Pts',(3.13923502071431,10.4118653749233,0.2));
#8362=CARTESIAN_POINT('Ctrl Pts',(3.16349449370055,10.4111955944549,0.2));
#8363=CARTESIAN_POINT('Ctrl Pts',(3.2071751209628,10.4099896147949,0.2));
#8364=CARTESIAN_POINT('Ctrl Pts',(3.24459578923199,10.3878204301502,0.2));
#8365=CARTESIAN_POINT('Ctrl Pts',(3.26123365862897,10.3779636313324,0.2));
#8366=CARTESIAN_POINT('',(3.13923502071431,10.4118653749233,0.));
#8367=CARTESIAN_POINT('Ctrl Pts',(3.0167588750892,10.3810673196917,0.));
#8368=CARTESIAN_POINT('Ctrl Pts',(3.0167588750892,10.3810673196917,0.2));
#8369=CARTESIAN_POINT('Ctrl Pts',(3.03302912546799,10.3900050452785,0.));
#8370=CARTESIAN_POINT('Ctrl Pts',(3.03302912546799,10.3900050452785,0.2));
#8371=CARTESIAN_POINT('Ctrl Pts',(3.07093506550586,10.4108278895667,0.));
#8372=CARTESIAN_POINT('Ctrl Pts',(3.07093506550586,10.4108278895667,0.2));
#8373=CARTESIAN_POINT('Ctrl Pts',(3.11441681130116,10.4114883830385,0.));
#8374=CARTESIAN_POINT('Ctrl Pts',(3.11441681130116,10.4114883830385,0.2));
#8375=CARTESIAN_POINT('Ctrl Pts',(3.13923502071431,10.4118653749233,0.));
#8376=CARTESIAN_POINT('Ctrl Pts',(3.13923502071431,10.4118653749233,0.2));
#8377=CARTESIAN_POINT('',(3.0167588750892,10.3810673196917,0.2));
#8378=CARTESIAN_POINT('Ctrl Pts',(3.0167588750892,10.3810673196917,0.2));
#8379=CARTESIAN_POINT('Ctrl Pts',(3.03302912546799,10.3900050452785,0.2));
#8380=CARTESIAN_POINT('Ctrl Pts',(3.07093506550586,10.4108278895667,0.2));
#8381=CARTESIAN_POINT('Ctrl Pts',(3.11441681130116,10.4114883830385,0.2));
#8382=CARTESIAN_POINT('Ctrl Pts',(3.13923502071431,10.4118653749233,0.2));
#8383=CARTESIAN_POINT('',(3.0167588750892,10.3810673196917,0.));
#8384=CARTESIAN_POINT('Ctrl Pts',(2.97832095726064,10.3068176274305,0.));
#8385=CARTESIAN_POINT('Ctrl Pts',(2.97832095726064,10.3068176274305,0.2));
#8386=CARTESIAN_POINT('Ctrl Pts',(2.98014342815489,10.3209466096249,0.));
#8387=CARTESIAN_POINT('Ctrl Pts',(2.98014342815489,10.3209466096249,0.2));
#8388=CARTESIAN_POINT('Ctrl Pts',(2.98392604805519,10.3502719444703,0.));
#8389=CARTESIAN_POINT('Ctrl Pts',(2.98392604805519,10.3502719444703,0.2));
#8390=CARTESIAN_POINT('Ctrl Pts',(3.00555221949742,10.3705560967754,0.));
#8391=CARTESIAN_POINT('Ctrl Pts',(3.00555221949742,10.3705560967754,0.2));
#8392=CARTESIAN_POINT('Ctrl Pts',(3.0167588750892,10.3810673196917,0.));
#8393=CARTESIAN_POINT('Ctrl Pts',(3.0167588750892,10.3810673196917,0.2));
#8394=CARTESIAN_POINT('',(2.97832095726064,10.3068176274305,0.2));
#8395=CARTESIAN_POINT('Ctrl Pts',(2.97832095726064,10.3068176274305,0.2));
#8396=CARTESIAN_POINT('Ctrl Pts',(2.98014342815489,10.3209466096249,0.2));
#8397=CARTESIAN_POINT('Ctrl Pts',(2.98392604805519,10.3502719444703,0.2));
#8398=CARTESIAN_POINT('Ctrl Pts',(3.00555221949742,10.3705560967754,0.2));
#8399=CARTESIAN_POINT('Ctrl Pts',(3.0167588750892,10.3810673196917,0.2));
#8400=CARTESIAN_POINT('',(2.97832095726064,10.3068176274305,0.));
#8401=CARTESIAN_POINT('Ctrl Pts',(3.00553785367539,10.244743972004,0.));
#8402=CARTESIAN_POINT('Ctrl Pts',(3.00553785367539,10.244743972004,0.2));
#8403=CARTESIAN_POINT('Ctrl Pts',(2.9975997841364,10.2534754980551,0.));
#8404=CARTESIAN_POINT('Ctrl Pts',(2.9975997841364,10.2534754980551,0.2));
#8405=CARTESIAN_POINT('Ctrl Pts',(2.98157556365954,10.2711014331589,0.));
#8406=CARTESIAN_POINT('Ctrl Pts',(2.98157556365954,10.2711014331589,0.2));
#8407=CARTESIAN_POINT('Ctrl Pts',(2.97941248912185,10.2948391086081,0.));
#8408=CARTESIAN_POINT('Ctrl Pts',(2.97941248912185,10.2948391086081,0.2));
#8409=CARTESIAN_POINT('Ctrl Pts',(2.97832095726064,10.3068176274305,0.));
#8410=CARTESIAN_POINT('Ctrl Pts',(2.97832095726064,10.3068176274305,0.2));
#8411=CARTESIAN_POINT('',(3.00553785367539,10.244743972004,0.2));
#8412=CARTESIAN_POINT('Ctrl Pts',(3.00553785367539,10.244743972004,0.2));
#8413=CARTESIAN_POINT('Ctrl Pts',(2.9975997841364,10.2534754980551,0.2));
#8414=CARTESIAN_POINT('Ctrl Pts',(2.98157556365954,10.2711014331589,0.2));
#8415=CARTESIAN_POINT('Ctrl Pts',(2.97941248912185,10.2948391086081,0.2));
#8416=CARTESIAN_POINT('Ctrl Pts',(2.97832095726064,10.3068176274305,0.2));
#8417=CARTESIAN_POINT('',(3.00553785367539,10.244743972004,0.));
#8418=CARTESIAN_POINT('Ctrl Pts',(3.1452036063247,10.1948462789064,0.));
#8419=CARTESIAN_POINT('Ctrl Pts',(3.1452036063247,10.1948462789064,0.2));
#8420=CARTESIAN_POINT('Ctrl Pts',(3.11400757920358,10.2013684907223,0.));
#8421=CARTESIAN_POINT('Ctrl Pts',(3.11400757920358,10.2013684907223,0.2));
#8422=CARTESIAN_POINT('Ctrl Pts',(3.06497173640302,10.2116205062137,0.));
#8423=CARTESIAN_POINT('Ctrl Pts',(3.06497173640302,10.2116205062137,0.2));
#8424=CARTESIAN_POINT('Ctrl Pts',(3.02139249401948,10.2359079240638,0.));
#8425=CARTESIAN_POINT('Ctrl Pts',(3.02139249401948,10.2359079240638,0.2));
#8426=CARTESIAN_POINT('Ctrl Pts',(3.00553785367539,10.244743972004,0.));
#8427=CARTESIAN_POINT('Ctrl Pts',(3.00553785367539,10.244743972004,0.2));
#8428=CARTESIAN_POINT('',(3.1452036063247,10.1948462789064,0.2));
#8429=CARTESIAN_POINT('Ctrl Pts',(3.1452036063247,10.1948462789064,0.2));
#8430=CARTESIAN_POINT('Ctrl Pts',(3.11400757920358,10.2013684907223,0.2));
#8431=CARTESIAN_POINT('Ctrl Pts',(3.06497173640302,10.2116205062137,0.2));
#8432=CARTESIAN_POINT('Ctrl Pts',(3.02139249401948,10.2359079240638,0.2));
#8433=CARTESIAN_POINT('Ctrl Pts',(3.00553785367539,10.244743972004,0.2));
#8434=CARTESIAN_POINT('',(3.1452036063247,10.1948462789064,0.));
#8435=CARTESIAN_POINT('Ctrl Pts',(3.30014908416799,10.1502009843593,0.));
#8436=CARTESIAN_POINT('Ctrl Pts',(3.30014908416799,10.1502009843593,0.2));
#8437=CARTESIAN_POINT('Ctrl Pts',(3.28033691271887,10.1574503354225,0.));
#8438=CARTESIAN_POINT('Ctrl Pts',(3.28033691271887,10.1574503354225,0.2));
#8439=CARTESIAN_POINT('Ctrl Pts',(3.22976903087344,10.1759533212745,0.));
#8440=CARTESIAN_POINT('Ctrl Pts',(3.22976903087344,10.1759533212745,0.2));
#8441=CARTESIAN_POINT('Ctrl Pts',(3.17718534293111,10.1877011649556,0.));
#8442=CARTESIAN_POINT('Ctrl Pts',(3.17718534293111,10.1877011649556,0.2));
#8443=CARTESIAN_POINT('Ctrl Pts',(3.1452036063247,10.1948462789064,0.));
#8444=CARTESIAN_POINT('Ctrl Pts',(3.1452036063247,10.1948462789064,0.2));
#8445=CARTESIAN_POINT('',(3.30014908416799,10.1502009843593,0.2));
#8446=CARTESIAN_POINT('Ctrl Pts',(3.30014908416799,10.1502009843593,0.2));
#8447=CARTESIAN_POINT('Ctrl Pts',(3.28033691271887,10.1574503354225,0.2));
#8448=CARTESIAN_POINT('Ctrl Pts',(3.22976903087344,10.1759533212745,0.2));
#8449=CARTESIAN_POINT('Ctrl Pts',(3.17718534293111,10.1877011649556,0.2));
#8450=CARTESIAN_POINT('Ctrl Pts',(3.1452036063247,10.1948462789064,0.2));
#8451=CARTESIAN_POINT('',(3.30014908416799,10.1502009843593,0.));
#8452=CARTESIAN_POINT('Ctrl Pts',(3.39039465143016,10.0788163011079,0.));
#8453=CARTESIAN_POINT('Ctrl Pts',(3.39039465143016,10.0788163011079,0.2));
#8454=CARTESIAN_POINT('Ctrl Pts',(3.37874304581997,10.0928643545568,0.));
#8455=CARTESIAN_POINT('Ctrl Pts',(3.37874304581997,10.0928643545568,0.2));
#8456=CARTESIAN_POINT('Ctrl Pts',(3.35376086748301,10.1229847506884,0.));
#8457=CARTESIAN_POINT('Ctrl Pts',(3.35376086748301,10.1229847506884,0.2));
#8458=CARTESIAN_POINT('Ctrl Pts',(3.31880281580172,10.1407313437768,0.));
#8459=CARTESIAN_POINT('Ctrl Pts',(3.31880281580172,10.1407313437768,0.2));
#8460=CARTESIAN_POINT('Ctrl Pts',(3.30014908416799,10.1502009843593,0.));
#8461=CARTESIAN_POINT('Ctrl Pts',(3.30014908416799,10.1502009843593,0.2));
#8462=CARTESIAN_POINT('',(3.39039465143016,10.0788163011079,0.2));
#8463=CARTESIAN_POINT('Ctrl Pts',(3.39039465143016,10.0788163011079,0.2));
#8464=CARTESIAN_POINT('Ctrl Pts',(3.37874304581997,10.0928643545568,0.2));
#8465=CARTESIAN_POINT('Ctrl Pts',(3.35376086748301,10.1229847506884,0.2));
#8466=CARTESIAN_POINT('Ctrl Pts',(3.31880281580172,10.1407313437768,0.2));
#8467=CARTESIAN_POINT('Ctrl Pts',(3.30014908416799,10.1502009843593,0.2));
#8468=CARTESIAN_POINT('',(3.39039465143016,10.0788163011079,0.));
#8469=CARTESIAN_POINT('Ctrl Pts',(3.41952150418094,9.97925963151505,0.));
#8470=CARTESIAN_POINT('Ctrl Pts',(3.41952150418094,9.97925963151505,0.2));
#8471=CARTESIAN_POINT('Ctrl Pts',(3.41841228239951,9.99733682444074,0.));
#8472=CARTESIAN_POINT('Ctrl Pts',(3.41841228239951,9.99733682444074,0.2));
#8473=CARTESIAN_POINT('Ctrl Pts',(3.41623912739406,10.0327531342797,0.));
#8474=CARTESIAN_POINT('Ctrl Pts',(3.41623912739406,10.0327531342797,0.2));
#8475=CARTESIAN_POINT('Ctrl Pts',(3.39888895083948,10.0636767280971,0.));
#8476=CARTESIAN_POINT('Ctrl Pts',(3.39888895083948,10.0636767280971,0.2));
#8477=CARTESIAN_POINT('Ctrl Pts',(3.39039465143016,10.0788163011079,0.));
#8478=CARTESIAN_POINT('Ctrl Pts',(3.39039465143016,10.0788163011079,0.2));
#8479=CARTESIAN_POINT('',(3.41952150418094,9.97925963151505,0.2));
#8480=CARTESIAN_POINT('Ctrl Pts',(3.41952150418094,9.97925963151505,0.2));
#8481=CARTESIAN_POINT('Ctrl Pts',(3.41841228239951,9.99733682444074,0.2));
#8482=CARTESIAN_POINT('Ctrl Pts',(3.41623912739406,10.0327531342797,0.2));
#8483=CARTESIAN_POINT('Ctrl Pts',(3.39888895083948,10.0636767280971,0.2));
#8484=CARTESIAN_POINT('Ctrl Pts',(3.39039465143016,10.0788163011079,0.2));
#8485=CARTESIAN_POINT('',(3.41952150418094,9.97925963151505,0.));
#8486=CARTESIAN_POINT('Ctrl Pts',(3.38752967967322,9.87397316741994,0.));
#8487=CARTESIAN_POINT('Ctrl Pts',(3.38752967967322,9.87397316741994,0.2));
#8488=CARTESIAN_POINT('Ctrl Pts',(3.39686009418744,9.890581852983,0.));
#8489=CARTESIAN_POINT('Ctrl Pts',(3.39686009418744,9.890581852983,0.2));
#8490=CARTESIAN_POINT('Ctrl Pts',(3.41526448440927,9.92334274797948,0.));
#8491=CARTESIAN_POINT('Ctrl Pts',(3.41526448440927,9.92334274797948,0.2));
#8492=CARTESIAN_POINT('Ctrl Pts',(3.41811574031222,9.96079461637733,0.));
#8493=CARTESIAN_POINT('Ctrl Pts',(3.41811574031222,9.96079461637733,0.2));
#8494=CARTESIAN_POINT('Ctrl Pts',(3.41952150418094,9.97925963151505,0.));
#8495=CARTESIAN_POINT('Ctrl Pts',(3.41952150418094,9.97925963151505,0.2));
#8496=CARTESIAN_POINT('',(3.38752967967322,9.87397316741994,0.2));
#8497=CARTESIAN_POINT('Ctrl Pts',(3.38752967967322,9.87397316741994,0.2));
#8498=CARTESIAN_POINT('Ctrl Pts',(3.39686009418744,9.890581852983,0.2));
#8499=CARTESIAN_POINT('Ctrl Pts',(3.41526448440927,9.92334274797948,0.2));
#8500=CARTESIAN_POINT('Ctrl Pts',(3.41811574031222,9.96079461637733,0.2));
#8501=CARTESIAN_POINT('Ctrl Pts',(3.41952150418094,9.97925963151505,0.2));
#8502=CARTESIAN_POINT('',(3.38752967967322,9.87397316741994,0.));
#8503=CARTESIAN_POINT('Ctrl Pts',(3.29561290993026,9.79709733176282,0.));
#8504=CARTESIAN_POINT('Ctrl Pts',(3.29561290993026,9.79709733176282,0.2));
#8505=CARTESIAN_POINT('Ctrl Pts',(3.31425214319654,9.8069039231165,0.));
#8506=CARTESIAN_POINT('Ctrl Pts',(3.31425214319654,9.8069039231165,0.2));
#8507=CARTESIAN_POINT('Ctrl Pts',(3.35044565698159,9.82594628361884,0.));
#8508=CARTESIAN_POINT('Ctrl Pts',(3.35044565698159,9.82594628361884,0.2));
#8509=CARTESIAN_POINT('Ctrl Pts',(3.37541786475086,9.85828736297704,0.));
#8510=CARTESIAN_POINT('Ctrl Pts',(3.37541786475086,9.85828736297704,0.2));
#8511=CARTESIAN_POINT('Ctrl Pts',(3.38752967967322,9.87397316741994,0.));
#8512=CARTESIAN_POINT('Ctrl Pts',(3.38752967967322,9.87397316741994,0.2));
#8513=CARTESIAN_POINT('',(3.29561290993026,9.79709733176282,0.2));
#8514=CARTESIAN_POINT('Ctrl Pts',(3.29561290993026,9.79709733176282,0.2));
#8515=CARTESIAN_POINT('Ctrl Pts',(3.31425214319654,9.8069039231165,0.2));
#8516=CARTESIAN_POINT('Ctrl Pts',(3.35044565698159,9.82594628361884,0.2));
#8517=CARTESIAN_POINT('Ctrl Pts',(3.37541786475086,9.85828736297704,0.2));
#8518=CARTESIAN_POINT('Ctrl Pts',(3.38752967967322,9.87397316741994,0.2));
#8519=CARTESIAN_POINT('',(3.29561290993026,9.79709733176282,0.));
#8520=CARTESIAN_POINT('Ctrl Pts',(3.160722048121,9.76964164423993,0.));
#8521=CARTESIAN_POINT('Ctrl Pts',(3.160722048121,9.76964164423993,0.2));
#8522=CARTESIAN_POINT('Ctrl Pts',(3.18472760489787,9.77062562303455,0.));
#8523=CARTESIAN_POINT('Ctrl Pts',(3.18472760489787,9.77062562303455,0.2));
#8524=CARTESIAN_POINT('Ctrl Pts',(3.23119364516993,9.7725302486478,0.));
#8525=CARTESIAN_POINT('Ctrl Pts',(3.23119364516993,9.7725302486478,0.2));
#8526=CARTESIAN_POINT('Ctrl Pts',(3.2746211675089,9.78909187124238,0.));
#8527=CARTESIAN_POINT('Ctrl Pts',(3.2746211675089,9.78909187124238,0.2));
#8528=CARTESIAN_POINT('Ctrl Pts',(3.29561290993026,9.79709733176282,0.));
#8529=CARTESIAN_POINT('Ctrl Pts',(3.29561290993026,9.79709733176282,0.2));
#8530=CARTESIAN_POINT('',(3.160722048121,9.76964164423993,0.2));
#8531=CARTESIAN_POINT('Ctrl Pts',(3.160722048121,9.76964164423993,0.2));
#8532=CARTESIAN_POINT('Ctrl Pts',(3.18472760489787,9.77062562303455,0.2));
#8533=CARTESIAN_POINT('Ctrl Pts',(3.23119364516993,9.7725302486478,0.2));
#8534=CARTESIAN_POINT('Ctrl Pts',(3.2746211675089,9.78909187124238,0.2));
#8535=CARTESIAN_POINT('Ctrl Pts',(3.29561290993026,9.79709733176282,0.2));
#8536=CARTESIAN_POINT('',(3.160722048121,9.76964164423993,0.));
#8537=CARTESIAN_POINT('Ctrl Pts',(3.00147920577457,9.79733604836514,0.));
#8538=CARTESIAN_POINT('Ctrl Pts',(3.00147920577457,9.79733604836514,0.2));
#8539=CARTESIAN_POINT('Ctrl Pts',(3.02524542736281,9.7892716626341,0.));
#8540=CARTESIAN_POINT('Ctrl Pts',(3.02524542736281,9.7892716626341,0.2));
#8541=CARTESIAN_POINT('Ctrl Pts',(3.07682050281889,9.77177113984206,0.));
#8542=CARTESIAN_POINT('Ctrl Pts',(3.07682050281889,9.77177113984206,0.2));
#8543=CARTESIAN_POINT('Ctrl Pts',(3.13133063562148,9.77038762434593,0.));
#8544=CARTESIAN_POINT('Ctrl Pts',(3.13133063562148,9.77038762434593,0.2));
#8545=CARTESIAN_POINT('Ctrl Pts',(3.160722048121,9.76964164423993,0.));
#8546=CARTESIAN_POINT('Ctrl Pts',(3.160722048121,9.76964164423993,0.2));
#8547=CARTESIAN_POINT('',(3.00147920577457,9.79733604836514,0.2));
#8548=CARTESIAN_POINT('Ctrl Pts',(3.00147920577457,9.79733604836514,0.2));
#8549=CARTESIAN_POINT('Ctrl Pts',(3.02524542736281,9.7892716626341,0.2));
#8550=CARTESIAN_POINT('Ctrl Pts',(3.07682050281889,9.77177113984206,0.2));
#8551=CARTESIAN_POINT('Ctrl Pts',(3.13133063562148,9.77038762434593,0.2));
#8552=CARTESIAN_POINT('Ctrl Pts',(3.160722048121,9.76964164423993,0.2));
#8553=CARTESIAN_POINT('',(3.00147920577457,9.79733604836514,0.));
#8554=CARTESIAN_POINT('Ctrl Pts',(2.90072886003783,9.88065805184891,0.));
#8555=CARTESIAN_POINT('Ctrl Pts',(2.90072886003783,9.88065805184891,0.2));
#8556=CARTESIAN_POINT('Ctrl Pts',(2.91419719343121,9.86322031655264,0.));
#8557=CARTESIAN_POINT('Ctrl Pts',(2.91419719343121,9.86322031655264,0.2));
#8558=CARTESIAN_POINT('Ctrl Pts',(2.94149529029463,9.82787689481714,0.));
#8559=CARTESIAN_POINT('Ctrl Pts',(2.94149529029463,9.82787689481714,0.2));
#8560=CARTESIAN_POINT('Ctrl Pts',(2.98130885515656,9.80760579444922,0.));
#8561=CARTESIAN_POINT('Ctrl Pts',(2.98130885515656,9.80760579444922,0.2));
#8562=CARTESIAN_POINT('Ctrl Pts',(3.00147920577457,9.79733604836514,0.));
#8563=CARTESIAN_POINT('Ctrl Pts',(3.00147920577457,9.79733604836514,0.2));
#8564=CARTESIAN_POINT('',(2.90072886003783,9.88065805184891,0.2));
#8565=CARTESIAN_POINT('Ctrl Pts',(2.90072886003783,9.88065805184891,0.2));
#8566=CARTESIAN_POINT('Ctrl Pts',(2.91419719343121,9.86322031655264,0.2));
#8567=CARTESIAN_POINT('Ctrl Pts',(2.94149529029463,9.82787689481714,0.2));
#8568=CARTESIAN_POINT('Ctrl Pts',(2.98130885515656,9.80760579444922,0.2));
#8569=CARTESIAN_POINT('Ctrl Pts',(3.00147920577457,9.79733604836514,0.2));
#8570=CARTESIAN_POINT('',(2.90072886003783,9.88065805184891,0.));
#8571=CARTESIAN_POINT('Ctrl Pts',(2.86229093289605,10.0064766024356,0.));
#8572=CARTESIAN_POINT('Ctrl Pts',(2.86229093289605,10.0064766024356,0.2));
#8573=CARTESIAN_POINT('Ctrl Pts',(2.86428160890322,9.98382217185785,0.));
#8574=CARTESIAN_POINT('Ctrl Pts',(2.86428160890322,9.98382217185785,0.2));
#8575=CARTESIAN_POINT('Ctrl Pts',(2.86820718871662,9.93914801341137,0.));
#8576=CARTESIAN_POINT('Ctrl Pts',(2.86820718871662,9.93914801341137,0.2));
#8577=CARTESIAN_POINT('Ctrl Pts',(2.88999146877314,9.89996916277399,0.));
#8578=CARTESIAN_POINT('Ctrl Pts',(2.88999146877314,9.89996916277399,0.2));
#8579=CARTESIAN_POINT('Ctrl Pts',(2.90072886003783,9.88065805184891,0.));
#8580=CARTESIAN_POINT('Ctrl Pts',(2.90072886003783,9.88065805184891,0.2));
#8581=CARTESIAN_POINT('Ctrl Pts',(2.86229093289605,10.0064766024356,0.2));
#8582=CARTESIAN_POINT('Ctrl Pts',(2.86428160890322,9.98382217185785,0.2));
#8583=CARTESIAN_POINT('Ctrl Pts',(2.86820718871662,9.93914801341137,0.2));
#8584=CARTESIAN_POINT('Ctrl Pts',(2.88999146877314,9.89996916277399,0.2));
#8585=CARTESIAN_POINT('Ctrl Pts',(2.90072886003783,9.88065805184891,0.2));
#8586=CARTESIAN_POINT('Origin',(3.84639737392446,10.1315788914566,0.2));
#8587=CARTESIAN_POINT('Origin',(3.78814359857371,9.8641845946317,0.));
#8588=CARTESIAN_POINT('',(3.63868927313617,9.8641845946317,0.));
#8589=CARTESIAN_POINT('',(3.78814359857371,9.8641845946317,0.));
#8590=CARTESIAN_POINT('',(1.89407179928686,9.8641845946317,0.));
#8591=CARTESIAN_POINT('',(3.63868927313617,9.8641845946317,0.2));
#8592=CARTESIAN_POINT('',(3.63868927313617,9.8641845946317,0.));
#8593=CARTESIAN_POINT('',(3.78814359857371,9.8641845946317,0.2));
#8594=CARTESIAN_POINT('',(3.63868927313617,9.8641845946317,0.2));
#8595=CARTESIAN_POINT('',(3.78814359857371,9.8641845946317,0.));
#8596=CARTESIAN_POINT('Ctrl Pts',(3.89677246763041,9.8770768557792,0.));
#8597=CARTESIAN_POINT('Ctrl Pts',(3.89677246763041,9.8770768557792,0.2));
#8598=CARTESIAN_POINT('Ctrl Pts',(3.88122164977764,9.87333216054606,0.));
#8599=CARTESIAN_POINT('Ctrl Pts',(3.88122164977764,9.87333216054606,0.2));
#8600=CARTESIAN_POINT('Ctrl Pts',(3.84556328449456,9.86474549251606,0.));
#8601=CARTESIAN_POINT('Ctrl Pts',(3.84556328449456,9.86474549251606,0.2));
#8602=CARTESIAN_POINT('Ctrl Pts',(3.80884744796682,9.86438683790657,0.));
#8603=CARTESIAN_POINT('Ctrl Pts',(3.80884744796682,9.86438683790657,0.2));
#8604=CARTESIAN_POINT('Ctrl Pts',(3.78814359857371,9.8641845946317,0.));
#8605=CARTESIAN_POINT('Ctrl Pts',(3.78814359857371,9.8641845946317,0.2));
#8606=CARTESIAN_POINT('',(3.89677246763041,9.8770768557792,0.));
#8607=CARTESIAN_POINT('Ctrl Pts',(3.78814359857371,9.8641845946317,0.));
#8608=CARTESIAN_POINT('Ctrl Pts',(3.80884744796682,9.86438683790657,0.));
#8609=CARTESIAN_POINT('Ctrl Pts',(3.84556328449456,9.86474549251606,0.));
#8610=CARTESIAN_POINT('Ctrl Pts',(3.88122164977764,9.87333216054606,0.));
#8611=CARTESIAN_POINT('Ctrl Pts',(3.89677246763041,9.8770768557792,0.));
#8612=CARTESIAN_POINT('',(3.89677246763041,9.8770768557792,0.2));
#8613=CARTESIAN_POINT('Ctrl Pts',(3.89677246763041,9.8770768557792,0.2));
#8614=CARTESIAN_POINT('Ctrl Pts',(3.88122164977764,9.87333216054606,0.2));
#8615=CARTESIAN_POINT('Ctrl Pts',(3.84556328449456,9.86474549251606,0.2));
#8616=CARTESIAN_POINT('Ctrl Pts',(3.80884744796682,9.86438683790657,0.2));
#8617=CARTESIAN_POINT('Ctrl Pts',(3.78814359857371,9.8641845946317,0.2));
#8618=CARTESIAN_POINT('',(3.89677246763041,9.8770768557792,0.));
#8619=CARTESIAN_POINT('Ctrl Pts',(3.9595623846226,9.91336610066941,0.));
#8620=CARTESIAN_POINT('Ctrl Pts',(3.9595623846226,9.91336610066941,0.2));
#8621=CARTESIAN_POINT('Ctrl Pts',(3.95075135434328,9.90589590633036,0.));
#8622=CARTESIAN_POINT('Ctrl Pts',(3.95075135434328,9.90589590633036,0.2));
#8623=CARTESIAN_POINT('Ctrl Pts',(3.93203577902077,9.890028410658,0.));
#8624=CARTESIAN_POINT('Ctrl Pts',(3.93203577902077,9.890028410658,0.2));
#8625=CARTESIAN_POINT('Ctrl Pts',(3.90897601714645,9.88155899132012,0.));
#8626=CARTESIAN_POINT('Ctrl Pts',(3.90897601714645,9.88155899132012,0.2));
#8627=CARTESIAN_POINT('Ctrl Pts',(3.89677246763041,9.8770768557792,0.));
#8628=CARTESIAN_POINT('Ctrl Pts',(3.89677246763041,9.8770768557792,0.2));
#8629=CARTESIAN_POINT('',(3.9595623846226,9.91336610066941,0.));
#8630=CARTESIAN_POINT('Ctrl Pts',(3.89677246763041,9.8770768557792,0.));
#8631=CARTESIAN_POINT('Ctrl Pts',(3.90897601714645,9.88155899132012,0.));
#8632=CARTESIAN_POINT('Ctrl Pts',(3.93203577902077,9.890028410658,0.));
#8633=CARTESIAN_POINT('Ctrl Pts',(3.95075135434328,9.90589590633036,0.));
#8634=CARTESIAN_POINT('Ctrl Pts',(3.9595623846226,9.91336610066941,0.));
#8635=CARTESIAN_POINT('',(3.9595623846226,9.91336610066941,0.2));
#8636=CARTESIAN_POINT('Ctrl Pts',(3.9595623846226,9.91336610066941,0.2));
#8637=CARTESIAN_POINT('Ctrl Pts',(3.95075135434328,9.90589590633036,0.2));
#8638=CARTESIAN_POINT('Ctrl Pts',(3.93203577902077,9.890028410658,0.2));
#8639=CARTESIAN_POINT('Ctrl Pts',(3.90897601714645,9.88155899132012,0.2));
#8640=CARTESIAN_POINT('Ctrl Pts',(3.89677246763041,9.8770768557792,0.2));
#8641=CARTESIAN_POINT('',(3.9595623846226,9.91336610066941,0.));
#8642=CARTESIAN_POINT('Ctrl Pts',(4.01089256359866,10.001940390945,0.));
#8643=CARTESIAN_POINT('Ctrl Pts',(4.01089256359866,10.001940390945,0.2));
#8644=CARTESIAN_POINT('Ctrl Pts',(4.0045205371907,9.98471710672374,0.));
#8645=CARTESIAN_POINT('Ctrl Pts',(4.0045205371907,9.98471710672374,0.2));
#8646=CARTESIAN_POINT('Ctrl Pts',(3.99249061380053,9.95220079614316,0.));
#8647=CARTESIAN_POINT('Ctrl Pts',(3.99249061380053,9.95220079614316,0.2));
#8648=CARTESIAN_POINT('Ctrl Pts',(3.97009531205929,9.92578836082925,0.));
#8649=CARTESIAN_POINT('Ctrl Pts',(3.97009531205929,9.92578836082925,0.2));
#8650=CARTESIAN_POINT('Ctrl Pts',(3.9595623846226,9.91336610066941,0.));
#8651=CARTESIAN_POINT('Ctrl Pts',(3.9595623846226,9.91336610066941,0.2));
#8652=CARTESIAN_POINT('',(4.01089256359866,10.001940390945,0.));
#8653=CARTESIAN_POINT('Ctrl Pts',(3.9595623846226,9.91336610066941,0.));
#8654=CARTESIAN_POINT('Ctrl Pts',(3.97009531205929,9.92578836082925,0.));
#8655=CARTESIAN_POINT('Ctrl Pts',(3.99249061380053,9.95220079614316,0.));
#8656=CARTESIAN_POINT('Ctrl Pts',(4.0045205371907,9.98471710672374,0.));
#8657=CARTESIAN_POINT('Ctrl Pts',(4.01089256359866,10.001940390945,0.));
#8658=CARTESIAN_POINT('',(4.01089256359866,10.001940390945,0.2));
#8659=CARTESIAN_POINT('Ctrl Pts',(4.01089256359866,10.001940390945,0.2));
#8660=CARTESIAN_POINT('Ctrl Pts',(4.0045205371907,9.98471710672374,0.2));
#8661=CARTESIAN_POINT('Ctrl Pts',(3.99249061380053,9.95220079614316,0.2));
#8662=CARTESIAN_POINT('Ctrl Pts',(3.97009531205929,9.92578836082925,0.2));
#8663=CARTESIAN_POINT('Ctrl Pts',(3.9595623846226,9.91336610066941,0.2));
#8664=CARTESIAN_POINT('',(4.01089256359866,10.001940390945,0.));
#8665=CARTESIAN_POINT('Ctrl Pts',(4.0292759771519,10.1368312900071,0.));
#8666=CARTESIAN_POINT('Ctrl Pts',(4.0292759771519,10.1368312900071,0.2));
#8667=CARTESIAN_POINT('Ctrl Pts',(4.02877322781885,10.1122332229593,0.));
#8668=CARTESIAN_POINT('Ctrl Pts',(4.02877322781885,10.1122332229593,0.2));
#8669=CARTESIAN_POINT('Ctrl Pts',(4.02783911468215,10.0665297758204,0.));
#8670=CARTESIAN_POINT('Ctrl Pts',(4.02783911468215,10.0665297758204,0.2));
#8671=CARTESIAN_POINT('Ctrl Pts',(4.01624609870292,10.0223446335303,0.));
#8672=CARTESIAN_POINT('Ctrl Pts',(4.01624609870292,10.0223446335303,0.2));
#8673=CARTESIAN_POINT('Ctrl Pts',(4.01089256359866,10.001940390945,0.));
#8674=CARTESIAN_POINT('Ctrl Pts',(4.01089256359866,10.001940390945,0.2));
#8675=CARTESIAN_POINT('',(4.0292759771519,10.1368312900071,0.));
#8676=CARTESIAN_POINT('Ctrl Pts',(4.01089256359866,10.001940390945,0.));
#8677=CARTESIAN_POINT('Ctrl Pts',(4.01624609870292,10.0223446335303,0.));
#8678=CARTESIAN_POINT('Ctrl Pts',(4.02783911468215,10.0665297758204,0.));
#8679=CARTESIAN_POINT('Ctrl Pts',(4.02877322781885,10.1122332229593,0.));
#8680=CARTESIAN_POINT('Ctrl Pts',(4.0292759771519,10.1368312900071,0.));
#8681=CARTESIAN_POINT('',(4.0292759771519,10.1368312900071,0.2));
#8682=CARTESIAN_POINT('Ctrl Pts',(4.0292759771519,10.1368312900071,0.2));
#8683=CARTESIAN_POINT('Ctrl Pts',(4.02877322781885,10.1122332229593,0.2));
#8684=CARTESIAN_POINT('Ctrl Pts',(4.02783911468215,10.0665297758204,0.2));
#8685=CARTESIAN_POINT('Ctrl Pts',(4.01624609870292,10.0223446335303,0.2));
#8686=CARTESIAN_POINT('Ctrl Pts',(4.01089256359866,10.001940390945,0.2));
#8687=CARTESIAN_POINT('',(4.0292759771519,10.1368312900071,0.));
#8688=CARTESIAN_POINT('Ctrl Pts',(3.99322544886401,10.3056239326601,0.));
#8689=CARTESIAN_POINT('Ctrl Pts',(3.99322544886401,10.3056239326601,0.2));
#8690=CARTESIAN_POINT('Ctrl Pts',(4.00370148296296,10.2820669756335,0.));
#8691=CARTESIAN_POINT('Ctrl Pts',(4.00370148296296,10.2820669756335,0.2));
#8692=CARTESIAN_POINT('Ctrl Pts',(4.02751333545784,10.228522401356,0.));
#8693=CARTESIAN_POINT('Ctrl Pts',(4.02751333545784,10.228522401356,0.2));
#8694=CARTESIAN_POINT('Ctrl Pts',(4.02864319805794,10.1697479165451,0.));
#8695=CARTESIAN_POINT('Ctrl Pts',(4.02864319805794,10.1697479165451,0.2));
#8696=CARTESIAN_POINT('Ctrl Pts',(4.0292759771519,10.1368312900071,0.));
#8697=CARTESIAN_POINT('Ctrl Pts',(4.0292759771519,10.1368312900071,0.2));
#8698=CARTESIAN_POINT('',(3.99322544886401,10.3056239326601,0.));
#8699=CARTESIAN_POINT('Ctrl Pts',(4.0292759771519,10.1368312900071,0.));
#8700=CARTESIAN_POINT('Ctrl Pts',(4.02864319805794,10.1697479165451,0.));
#8701=CARTESIAN_POINT('Ctrl Pts',(4.02751333545784,10.228522401356,0.));
#8702=CARTESIAN_POINT('Ctrl Pts',(4.00370148296296,10.2820669756335,0.));
#8703=CARTESIAN_POINT('Ctrl Pts',(3.99322544886401,10.3056239326601,0.));
#8704=CARTESIAN_POINT('',(3.99322544886401,10.3056239326601,0.2));
#8705=CARTESIAN_POINT('Ctrl Pts',(3.99322544886401,10.3056239326601,0.2));
#8706=CARTESIAN_POINT('Ctrl Pts',(4.00370148296296,10.2820669756335,0.2));
#8707=CARTESIAN_POINT('Ctrl Pts',(4.02751333545784,10.228522401356,0.2));
#8708=CARTESIAN_POINT('Ctrl Pts',(4.02864319805794,10.1697479165451,0.2));
#8709=CARTESIAN_POINT('Ctrl Pts',(4.0292759771519,10.1368312900071,0.2));
#8710=CARTESIAN_POINT('',(3.99322544886401,10.3056239326601,0.));
#8711=CARTESIAN_POINT('Ctrl Pts',(3.90560602499774,10.3846484785085,0.));
#8712=CARTESIAN_POINT('Ctrl Pts',(3.90560602499774,10.3846484785085,0.2));
#8713=CARTESIAN_POINT('Ctrl Pts',(3.9224641105583,10.375808633523,0.));
#8714=CARTESIAN_POINT('Ctrl Pts',(3.9224641105583,10.375808633523,0.2));
#8715=CARTESIAN_POINT('Ctrl Pts',(3.95833028699164,10.3570015490083,0.));
#8716=CARTESIAN_POINT('Ctrl Pts',(3.95833028699164,10.3570015490083,0.2));
#8717=CARTESIAN_POINT('Ctrl Pts',(3.9811379907447,10.3234208062826,0.));
#8718=CARTESIAN_POINT('Ctrl Pts',(3.9811379907447,10.3234208062826,0.2));
#8719=CARTESIAN_POINT('Ctrl Pts',(3.99322544886401,10.3056239326601,0.));
#8720=CARTESIAN_POINT('Ctrl Pts',(3.99322544886401,10.3056239326601,0.2));
#8721=CARTESIAN_POINT('',(3.90560602499774,10.3846484785085,0.));
#8722=CARTESIAN_POINT('Ctrl Pts',(3.99322544886401,10.3056239326601,0.));
#8723=CARTESIAN_POINT('Ctrl Pts',(3.9811379907447,10.3234208062826,0.));
#8724=CARTESIAN_POINT('Ctrl Pts',(3.95833028699164,10.3570015490083,0.));
#8725=CARTESIAN_POINT('Ctrl Pts',(3.9224641105583,10.375808633523,0.));
#8726=CARTESIAN_POINT('Ctrl Pts',(3.90560602499774,10.3846484785085,0.));
#8727=CARTESIAN_POINT('',(3.90560602499774,10.3846484785085,0.2));
#8728=CARTESIAN_POINT('Ctrl Pts',(3.90560602499774,10.3846484785085,0.2));
#8729=CARTESIAN_POINT('Ctrl Pts',(3.9224641105583,10.375808633523,0.2));
#8730=CARTESIAN_POINT('Ctrl Pts',(3.95833028699164,10.3570015490083,0.2));
#8731=CARTESIAN_POINT('Ctrl Pts',(3.9811379907447,10.3234208062826,0.2));
#8732=CARTESIAN_POINT('Ctrl Pts',(3.99322544886401,10.3056239326601,0.2));
#8733=CARTESIAN_POINT('',(3.90560602499774,10.3846484785085,0.));
#8734=CARTESIAN_POINT('Ctrl Pts',(3.78575613452723,10.3989731510287,0.));
#8735=CARTESIAN_POINT('Ctrl Pts',(3.78575613452723,10.3989731510287,0.2));
#8736=CARTESIAN_POINT('Ctrl Pts',(3.80966770841082,10.3989406175624,0.));
#8737=CARTESIAN_POINT('Ctrl Pts',(3.80966770841082,10.3989406175624,0.2));
#8738=CARTESIAN_POINT('Ctrl Pts',(3.85025352926434,10.3988853975488,0.));
#8739=CARTESIAN_POINT('Ctrl Pts',(3.85025352926434,10.3988853975488,0.2));
#8740=CARTESIAN_POINT('Ctrl Pts',(3.88948726685888,10.3887942979808,0.));
#8741=CARTESIAN_POINT('Ctrl Pts',(3.88948726685888,10.3887942979808,0.2));
#8742=CARTESIAN_POINT('Ctrl Pts',(3.90560602499774,10.3846484785085,0.));
#8743=CARTESIAN_POINT('Ctrl Pts',(3.90560602499774,10.3846484785085,0.2));
#8744=CARTESIAN_POINT('',(3.78575613452723,10.3989731510287,0.));
#8745=CARTESIAN_POINT('Ctrl Pts',(3.90560602499774,10.3846484785085,0.));
#8746=CARTESIAN_POINT('Ctrl Pts',(3.88948726685888,10.3887942979808,0.));
#8747=CARTESIAN_POINT('Ctrl Pts',(3.85025352926434,10.3988853975488,0.));
#8748=CARTESIAN_POINT('Ctrl Pts',(3.80966770841082,10.3989406175624,0.));
#8749=CARTESIAN_POINT('Ctrl Pts',(3.78575613452723,10.3989731510287,0.));
#8750=CARTESIAN_POINT('',(3.78575613452723,10.3989731510287,0.2));
#8751=CARTESIAN_POINT('Ctrl Pts',(3.78575613452723,10.3989731510287,0.2));
#8752=CARTESIAN_POINT('Ctrl Pts',(3.80966770841082,10.3989406175624,0.2));
#8753=CARTESIAN_POINT('Ctrl Pts',(3.85025352926434,10.3988853975488,0.2));
#8754=CARTESIAN_POINT('Ctrl Pts',(3.88948726685888,10.3887942979808,0.2));
#8755=CARTESIAN_POINT('Ctrl Pts',(3.90560602499774,10.3846484785085,0.2));
#8756=CARTESIAN_POINT('',(3.78575613452723,10.3989731510287,0.));
#8757=CARTESIAN_POINT('Origin',(3.63868927313617,10.3989731510287,0.));
#8758=CARTESIAN_POINT('',(3.63868927313617,10.3989731510287,0.));
#8759=CARTESIAN_POINT('',(1.81934463656808,10.3989731510287,0.));
#8760=CARTESIAN_POINT('',(3.63868927313617,10.3989731510287,0.2));
#8761=CARTESIAN_POINT('',(3.78575613452723,10.3989731510287,0.2));
#8762=CARTESIAN_POINT('',(3.63868927313617,10.3989731510287,0.));
#8763=CARTESIAN_POINT('Origin',(3.63868927313617,9.8641845946317,0.));
#8764=CARTESIAN_POINT('',(3.63868927313617,4.93209229731585,0.));
#8765=CARTESIAN_POINT('',(3.63868927313617,10.3989731510287,0.2));
#8766=CARTESIAN_POINT('Origin',(3.54605627908042,10.4815788929467,0.));
#8767=CARTESIAN_POINT('',(3.54605627908042,9.78157888996651,0.2));
#8768=CARTESIAN_POINT('',(3.54605627908042,9.78157888996651,0.));
#8769=CARTESIAN_POINT('',(3.54605627908042,10.4815788929467,0.2));
#8770=CARTESIAN_POINT('',(3.54605627908042,9.78157888996651,0.2));
#8771=CARTESIAN_POINT('',(3.54605627908042,10.4815788929467,0.));
#8772=CARTESIAN_POINT('Origin',(3.7871885831528,10.4815788929467,0.));
#8773=CARTESIAN_POINT('',(3.7871885831528,10.4815788929467,0.2));
#8774=CARTESIAN_POINT('',(3.54605627908042,10.4815788929467,0.2));
#8775=CARTESIAN_POINT('',(3.7871885831528,10.4815788929467,0.));
#8776=CARTESIAN_POINT('Ctrl Pts',(3.91181340171626,10.4715516035562,0.));
#8777=CARTESIAN_POINT('Ctrl Pts',(3.91181340171626,10.4715516035562,0.2));
#8778=CARTESIAN_POINT('Ctrl Pts',(3.89430119851855,10.4744597715596,0.));
#8779=CARTESIAN_POINT('Ctrl Pts',(3.89430119851855,10.4744597715596,0.2));
#8780=CARTESIAN_POINT('Ctrl Pts',(3.85307005026703,10.4813068315631,0.));
#8781=CARTESIAN_POINT('Ctrl Pts',(3.85307005026703,10.4813068315631,0.2));
#8782=CARTESIAN_POINT('Ctrl Pts',(3.81124765403358,10.481479539602,0.));
#8783=CARTESIAN_POINT('Ctrl Pts',(3.81124765403358,10.481479539602,0.2));
#8784=CARTESIAN_POINT('Ctrl Pts',(3.7871885831528,10.4815788929467,0.));
#8785=CARTESIAN_POINT('Ctrl Pts',(3.7871885831528,10.4815788929467,0.2));
#8786=CARTESIAN_POINT('',(3.91181340171626,10.4715516035562,0.2));
#8787=CARTESIAN_POINT('Ctrl Pts',(3.91181340171626,10.4715516035562,0.2));
#8788=CARTESIAN_POINT('Ctrl Pts',(3.89430119851855,10.4744597715596,0.2));
#8789=CARTESIAN_POINT('Ctrl Pts',(3.85307005026703,10.4813068315631,0.2));
#8790=CARTESIAN_POINT('Ctrl Pts',(3.81124765403358,10.481479539602,0.2));
#8791=CARTESIAN_POINT('Ctrl Pts',(3.7871885831528,10.4815788929467,0.2));
#8792=CARTESIAN_POINT('',(3.91181340171626,10.4715516035562,0.));
#8793=CARTESIAN_POINT('Ctrl Pts',(4.01447375966838,10.4214151566034,0.));
#8794=CARTESIAN_POINT('Ctrl Pts',(4.01447375966838,10.4214151566034,0.2));
#8795=CARTESIAN_POINT('Ctrl Pts',(3.99932376536433,10.4326321946073,0.));
#8796=CARTESIAN_POINT('Ctrl Pts',(3.99932376536433,10.4326321946073,0.2));
#8797=CARTESIAN_POINT('Ctrl Pts',(3.96821531819016,10.4556648523887,0.));
#8798=CARTESIAN_POINT('Ctrl Pts',(3.96821531819016,10.4556648523887,0.2));
#8799=CARTESIAN_POINT('Ctrl Pts',(3.9309369752889,10.4661650586695,0.));
#8800=CARTESIAN_POINT('Ctrl Pts',(3.9309369752889,10.4661650586695,0.2));
#8801=CARTESIAN_POINT('Ctrl Pts',(3.91181340171626,10.4715516035562,0.));
#8802=CARTESIAN_POINT('Ctrl Pts',(3.91181340171626,10.4715516035562,0.2));
#8803=CARTESIAN_POINT('',(4.01447375966838,10.4214151566034,0.2));
#8804=CARTESIAN_POINT('Ctrl Pts',(4.01447375966838,10.4214151566034,0.2));
#8805=CARTESIAN_POINT('Ctrl Pts',(3.99932376536433,10.4326321946073,0.2));
#8806=CARTESIAN_POINT('Ctrl Pts',(3.96821531819016,10.4556648523887,0.2));
#8807=CARTESIAN_POINT('Ctrl Pts',(3.9309369752889,10.4661650586695,0.2));
#8808=CARTESIAN_POINT('Ctrl Pts',(3.91181340171626,10.4715516035562,0.2));
#8809=CARTESIAN_POINT('',(4.01447375966838,10.4214151566034,0.));
#8810=CARTESIAN_POINT('Ctrl Pts',(4.09731825544169,10.3018039827352,0.));
#8811=CARTESIAN_POINT('Ctrl Pts',(4.09731825544169,10.3018039827352,0.2));
#8812=CARTESIAN_POINT('Ctrl Pts',(4.0871793604935,10.3248411999475,0.));
#8813=CARTESIAN_POINT('Ctrl Pts',(4.0871793604935,10.3248411999475,0.2));
#8814=CARTESIAN_POINT('Ctrl Pts',(4.06727083353394,10.3700766089626,0.));
#8815=CARTESIAN_POINT('Ctrl Pts',(4.06727083353394,10.3700766089626,0.2));
#8816=CARTESIAN_POINT('Ctrl Pts',(4.03185381290714,10.4045152296591,0.));
#8817=CARTESIAN_POINT('Ctrl Pts',(4.03185381290714,10.4045152296591,0.2));
#8818=CARTESIAN_POINT('Ctrl Pts',(4.01447375966838,10.4214151566034,0.));
#8819=CARTESIAN_POINT('Ctrl Pts',(4.01447375966838,10.4214151566034,0.2));
#8820=CARTESIAN_POINT('',(4.09731825544169,10.3018039827352,0.2));
#8821=CARTESIAN_POINT('Ctrl Pts',(4.09731825544169,10.3018039827352,0.2));
#8822=CARTESIAN_POINT('Ctrl Pts',(4.0871793604935,10.3248411999475,0.2));
#8823=CARTESIAN_POINT('Ctrl Pts',(4.06727083353394,10.3700766089626,0.2));
#8824=CARTESIAN_POINT('Ctrl Pts',(4.03185381290714,10.4045152296591,0.2));
#8825=CARTESIAN_POINT('Ctrl Pts',(4.01447375966838,10.4214151566034,0.2));
#8826=CARTESIAN_POINT('',(4.09731825544169,10.3018039827352,0.));
#8827=CARTESIAN_POINT('Ctrl Pts',(4.12477379395297,10.1353988041287,0.));
#8828=CARTESIAN_POINT('Ctrl Pts',(4.12477379395297,10.1353988041287,0.2));
#8829=CARTESIAN_POINT('Ctrl Pts',(4.12386148345618,10.1650968988435,0.));
#8830=CARTESIAN_POINT('Ctrl Pts',(4.12386148345618,10.1650968988435,0.2));
#8831=CARTESIAN_POINT('Ctrl Pts',(4.12211897021569,10.2218202659868,0.));
#8832=CARTESIAN_POINT('Ctrl Pts',(4.12211897021569,10.2218202659868,0.2));
#8833=CARTESIAN_POINT('Ctrl Pts',(4.10532132363019,10.2759936323102,0.));
#8834=CARTESIAN_POINT('Ctrl Pts',(4.10532132363019,10.2759936323102,0.2));
#8835=CARTESIAN_POINT('Ctrl Pts',(4.09731825544169,10.3018039827352,0.));
#8836=CARTESIAN_POINT('Ctrl Pts',(4.09731825544169,10.3018039827352,0.2));
#8837=CARTESIAN_POINT('',(4.12477379395297,10.1353988041287,0.2));
#8838=CARTESIAN_POINT('Ctrl Pts',(4.12477379395297,10.1353988041287,0.2));
#8839=CARTESIAN_POINT('Ctrl Pts',(4.12386148345618,10.1650968988435,0.2));
#8840=CARTESIAN_POINT('Ctrl Pts',(4.12211897021569,10.2218202659868,0.2));
#8841=CARTESIAN_POINT('Ctrl Pts',(4.10532132363019,10.2759936323102,0.2));
#8842=CARTESIAN_POINT('Ctrl Pts',(4.09731825544169,10.3018039827352,0.2));
#8843=CARTESIAN_POINT('',(4.12477379395297,10.1353988041287,0.));
#8844=CARTESIAN_POINT('Ctrl Pts',(4.10615181280902,9.99406184899857,0.));
#8845=CARTESIAN_POINT('Ctrl Pts',(4.10615181280902,9.99406184899857,0.2));
#8846=CARTESIAN_POINT('Ctrl Pts',(4.11157892448464,10.0160011708105,0.));
#8847=CARTESIAN_POINT('Ctrl Pts',(4.11157892448464,10.0160011708105,0.2));
#8848=CARTESIAN_POINT('Ctrl Pts',(4.1230560273851,10.0623978305906,0.));
#8849=CARTESIAN_POINT('Ctrl Pts',(4.1230560273851,10.0623978305906,0.2));
#8850=CARTESIAN_POINT('Ctrl Pts',(4.12418085637943,10.1102003744202,0.));
#8851=CARTESIAN_POINT('Ctrl Pts',(4.12418085637943,10.1102003744202,0.2));
#8852=CARTESIAN_POINT('Ctrl Pts',(4.12477379395297,10.1353988041287,0.));
#8853=CARTESIAN_POINT('Ctrl Pts',(4.12477379395297,10.1353988041287,0.2));
#8854=CARTESIAN_POINT('',(4.10615181280902,9.99406184899857,0.2));
#8855=CARTESIAN_POINT('Ctrl Pts',(4.10615181280902,9.99406184899857,0.2));
#8856=CARTESIAN_POINT('Ctrl Pts',(4.11157892448464,10.0160011708105,0.2));
#8857=CARTESIAN_POINT('Ctrl Pts',(4.1230560273851,10.0623978305906,0.2));
#8858=CARTESIAN_POINT('Ctrl Pts',(4.12418085637943,10.1102003744202,0.2));
#8859=CARTESIAN_POINT('Ctrl Pts',(4.12477379395297,10.1353988041287,0.2));
#8860=CARTESIAN_POINT('',(4.10615181280902,9.99406184899857,0.));
#8861=CARTESIAN_POINT('Ctrl Pts',(4.05840282990268,9.89211778986504,0.));
#8862=CARTESIAN_POINT('Ctrl Pts',(4.05840282990268,9.89211778986504,0.2));
#8863=CARTESIAN_POINT('Ctrl Pts',(4.06784824895834,9.90704716790197,0.));
#8864=CARTESIAN_POINT('Ctrl Pts',(4.06784824895834,9.90704716790197,0.2));
#8865=CARTESIAN_POINT('Ctrl Pts',(4.08805735116481,9.93898956504168,0.));
#8866=CARTESIAN_POINT('Ctrl Pts',(4.08805735116481,9.93898956504168,0.2));
#8867=CARTESIAN_POINT('Ctrl Pts',(4.09986361335663,9.97492309192312,0.));
#8868=CARTESIAN_POINT('Ctrl Pts',(4.09986361335663,9.97492309192312,0.2));
#8869=CARTESIAN_POINT('Ctrl Pts',(4.10615181280902,9.99406184899857,0.));
#8870=CARTESIAN_POINT('Ctrl Pts',(4.10615181280902,9.99406184899857,0.2));
#8871=CARTESIAN_POINT('',(4.05840282990268,9.89211778986504,0.2));
#8872=CARTESIAN_POINT('Ctrl Pts',(4.05840282990268,9.89211778986504,0.2));
#8873=CARTESIAN_POINT('Ctrl Pts',(4.06784824895834,9.90704716790197,0.2));
#8874=CARTESIAN_POINT('Ctrl Pts',(4.08805735116481,9.93898956504168,0.2));
#8875=CARTESIAN_POINT('Ctrl Pts',(4.09986361335663,9.97492309192312,0.2));
#8876=CARTESIAN_POINT('Ctrl Pts',(4.10615181280902,9.99406184899857,0.2));
#8877=CARTESIAN_POINT('',(4.05840282990268,9.89211778986504,0.));
#8878=CARTESIAN_POINT('Ctrl Pts',(3.99465789748958,9.82861164856007,0.));
#8879=CARTESIAN_POINT('Ctrl Pts',(3.99465789748958,9.82861164856007,0.2));
#8880=CARTESIAN_POINT('Ctrl Pts',(4.00616893150016,9.837329126832,0.));
#8881=CARTESIAN_POINT('Ctrl Pts',(4.00616893150016,9.837329126832,0.2));
#8882=CARTESIAN_POINT('Ctrl Pts',(4.03028682845348,9.85559397102078,0.));
#8883=CARTESIAN_POINT('Ctrl Pts',(4.03028682845348,9.85559397102078,0.2));
#8884=CARTESIAN_POINT('Ctrl Pts',(4.04875117859792,9.87957990589744,0.));
#8885=CARTESIAN_POINT('Ctrl Pts',(4.04875117859792,9.87957990589744,0.2));
#8886=CARTESIAN_POINT('Ctrl Pts',(4.05840282990268,9.89211778986504,0.));
#8887=CARTESIAN_POINT('Ctrl Pts',(4.05840282990268,9.89211778986504,0.2));
#8888=CARTESIAN_POINT('',(3.99465789748958,9.82861164856007,0.2));
#8889=CARTESIAN_POINT('Ctrl Pts',(3.99465789748958,9.82861164856007,0.2));
#8890=CARTESIAN_POINT('Ctrl Pts',(4.00616893150016,9.837329126832,0.2));
#8891=CARTESIAN_POINT('Ctrl Pts',(4.03028682845348,9.85559397102078,0.2));
#8892=CARTESIAN_POINT('Ctrl Pts',(4.04875117859792,9.87957990589744,0.2));
#8893=CARTESIAN_POINT('Ctrl Pts',(4.05840282990268,9.89211778986504,0.2));
#8894=CARTESIAN_POINT('',(3.99465789748958,9.82861164856007,0.));
#8895=CARTESIAN_POINT('Ctrl Pts',(3.91109725190928,9.7935161356931,0.));
#8896=CARTESIAN_POINT('Ctrl Pts',(3.91109725190928,9.7935161356931,0.2));
#8897=CARTESIAN_POINT('Ctrl Pts',(3.92650319736548,9.79775873394211,0.));
#8898=CARTESIAN_POINT('Ctrl Pts',(3.92650319736548,9.79775873394211,0.2));
#8899=CARTESIAN_POINT('Ctrl Pts',(3.95588936034347,9.80585130339526,0.));
#8900=CARTESIAN_POINT('Ctrl Pts',(3.95588936034347,9.80585130339526,0.2));
#8901=CARTESIAN_POINT('Ctrl Pts',(3.98215990766294,9.82127429246514,0.));
#8902=CARTESIAN_POINT('Ctrl Pts',(3.98215990766294,9.82127429246514,0.2));
#8903=CARTESIAN_POINT('Ctrl Pts',(3.99465789748958,9.82861164856007,0.));
#8904=CARTESIAN_POINT('Ctrl Pts',(3.99465789748958,9.82861164856007,0.2));
#8905=CARTESIAN_POINT('',(3.91109725190928,9.7935161356931,0.2));
#8906=CARTESIAN_POINT('Ctrl Pts',(3.91109725190928,9.7935161356931,0.2));
#8907=CARTESIAN_POINT('Ctrl Pts',(3.92650319736548,9.79775873394211,0.2));
#8908=CARTESIAN_POINT('Ctrl Pts',(3.95588936034347,9.80585130339526,0.2));
#8909=CARTESIAN_POINT('Ctrl Pts',(3.98215990766294,9.82127429246514,0.2));
#8910=CARTESIAN_POINT('Ctrl Pts',(3.99465789748958,9.82861164856007,0.2));
#8911=CARTESIAN_POINT('',(3.91109725190928,9.7935161356931,0.));
#8912=CARTESIAN_POINT('Ctrl Pts',(3.79864839567473,9.78157888996651,0.));
#8913=CARTESIAN_POINT('Ctrl Pts',(3.79864839567473,9.78157888996651,0.2));
#8914=CARTESIAN_POINT('Ctrl Pts',(3.81867194370323,9.78194962327793,0.));
#8915=CARTESIAN_POINT('Ctrl Pts',(3.81867194370323,9.78194962327793,0.2));
#8916=CARTESIAN_POINT('Ctrl Pts',(3.85651441879586,9.78265027163872,0.));
#8917=CARTESIAN_POINT('Ctrl Pts',(3.85651441879586,9.78265027163872,0.2));
#8918=CARTESIAN_POINT('Ctrl Pts',(3.89362360797443,9.79003763835794,0.));
#8919=CARTESIAN_POINT('Ctrl Pts',(3.89362360797443,9.79003763835794,0.2));
#8920=CARTESIAN_POINT('Ctrl Pts',(3.91109725190928,9.7935161356931,0.));
#8921=CARTESIAN_POINT('Ctrl Pts',(3.91109725190928,9.7935161356931,0.2));
#8922=CARTESIAN_POINT('',(3.79864839567473,9.78157888996651,0.2));
#8923=CARTESIAN_POINT('Ctrl Pts',(3.79864839567473,9.78157888996651,0.2));
#8924=CARTESIAN_POINT('Ctrl Pts',(3.81867194370323,9.78194962327793,0.2));
#8925=CARTESIAN_POINT('Ctrl Pts',(3.85651441879586,9.78265027163872,0.2));
#8926=CARTESIAN_POINT('Ctrl Pts',(3.89362360797443,9.79003763835794,0.2));
#8927=CARTESIAN_POINT('Ctrl Pts',(3.91109725190928,9.7935161356931,0.2));
#8928=CARTESIAN_POINT('',(3.79864839567473,9.78157888996651,0.));
#8929=CARTESIAN_POINT('Origin',(3.54605627908042,9.78157888996651,0.));
#8930=CARTESIAN_POINT('',(3.79864839567473,9.78157888996651,0.2));
#8931=CARTESIAN_POINT('Origin',(3.84639737392446,10.1315788914566,0.2));
#8932=CARTESIAN_POINT('Origin',(1.78853663504794,10.4815788929468,0.));
#8933=CARTESIAN_POINT('',(1.78853663504794,9.78157888996652,0.2));
#8934=CARTESIAN_POINT('',(1.78853663504794,9.78157888996652,0.));
#8935=CARTESIAN_POINT('',(1.78853663504794,10.4815788929468,0.2));
#8936=CARTESIAN_POINT('',(1.78853663504794,9.78157888996652,0.2));
#8937=CARTESIAN_POINT('',(1.78853663504794,10.4815788929468,0.));
#8938=CARTESIAN_POINT('Origin',(1.8811697036095,10.4815788929468,0.));
#8939=CARTESIAN_POINT('',(1.8811697036095,10.4815788929468,0.2));
#8940=CARTESIAN_POINT('',(1.78853663504794,10.4815788929468,0.2));
#8941=CARTESIAN_POINT('',(1.8811697036095,10.4815788929468,0.));
#8942=CARTESIAN_POINT('Origin',(1.8811697036095,9.8641845946317,0.));
#8943=CARTESIAN_POINT('',(1.8811697036095,9.8641845946317,0.2));
#8944=CARTESIAN_POINT('',(1.8811697036095,10.4815788929468,0.2));
#8945=CARTESIAN_POINT('',(1.8811697036095,9.8641845946317,0.));
#8946=CARTESIAN_POINT('Origin',(2.2259173065491,9.8641845946317,0.));
#8947=CARTESIAN_POINT('',(2.2259173065491,9.8641845946317,0.2));
#8948=CARTESIAN_POINT('',(1.8811697036095,9.8641845946317,0.2));
#8949=CARTESIAN_POINT('',(2.2259173065491,9.8641845946317,0.));
#8950=CARTESIAN_POINT('Origin',(2.2259173065491,9.78157888996652,0.));
#8951=CARTESIAN_POINT('',(2.2259173065491,9.78157888996652,0.2));
#8952=CARTESIAN_POINT('',(2.2259173065491,9.8641845946317,0.2));
#8953=CARTESIAN_POINT('',(2.2259173065491,9.78157888996652,0.));
#8954=CARTESIAN_POINT('Origin',(1.78853663504794,9.78157888996652,0.));
#8955=CARTESIAN_POINT('',(2.2259173065491,9.78157888996652,0.2));
#8956=CARTESIAN_POINT('Origin',(1.31415056419298,10.1315788914566,0.2));
#8957=CARTESIAN_POINT('Origin',(-2.34195057835006,10.4815788929468,0.));
#8958=CARTESIAN_POINT('',(-2.07073639359134,9.78157888996652,0.2));
#8959=CARTESIAN_POINT('',(-2.07073639359134,9.78157888996652,0.));
#8960=CARTESIAN_POINT('',(-2.34195057835006,10.4815788929468,0.2));
#8961=CARTESIAN_POINT('',(-2.07073639359134,9.78157888996652,0.2));
#8962=CARTESIAN_POINT('',(-2.34195057835006,10.4815788929468,0.));
#8963=CARTESIAN_POINT('Origin',(-2.2416777184959,10.4815788929468,0.));
#8964=CARTESIAN_POINT('',(-2.2416777184959,10.4815788929468,0.2));
#8965=CARTESIAN_POINT('',(-2.34195057835006,10.4815788929468,0.2));
#8966=CARTESIAN_POINT('',(-2.2416777184959,10.4815788929468,0.));
#8967=CARTESIAN_POINT('Origin',(-2.05975412603277,9.97305225479654,0.));
#8968=CARTESIAN_POINT('',(-2.05975412603277,9.97305225479654,0.2));
#8969=CARTESIAN_POINT('',(-2.2416777184959,10.4815788929468,0.2));
#8970=CARTESIAN_POINT('',(-2.05975412603277,9.97305225479654,0.));
#8971=CARTESIAN_POINT('Ctrl Pts',(-2.022987410685,9.85845472562364,0.));
#8972=CARTESIAN_POINT('Ctrl Pts',(-2.022987410685,9.85845472562364,0.2));
#8973=CARTESIAN_POINT('Ctrl Pts',(-2.02835377791525,9.87697032457929,0.));
#8974=CARTESIAN_POINT('Ctrl Pts',(-2.02835377791525,9.87697032457929,0.2));
#8975=CARTESIAN_POINT('Ctrl Pts',(-2.03952555202939,9.91551634281573,0.));
#8976=CARTESIAN_POINT('Ctrl Pts',(-2.03952555202939,9.91551634281573,0.2));
#8977=CARTESIAN_POINT('Ctrl Pts',(-2.0528368938501,9.9533776468906,0.));
#8978=CARTESIAN_POINT('Ctrl Pts',(-2.0528368938501,9.9533776468906,0.2));
#8979=CARTESIAN_POINT('Ctrl Pts',(-2.05975412603277,9.97305225479654,0.));
#8980=CARTESIAN_POINT('Ctrl Pts',(-2.05975412603277,9.97305225479654,0.2));
#8981=CARTESIAN_POINT('',(-2.022987410685,9.85845472562364,0.2));
#8982=CARTESIAN_POINT('Ctrl Pts',(-2.022987410685,9.85845472562364,0.2));
#8983=CARTESIAN_POINT('Ctrl Pts',(-2.02835377791525,9.87697032457929,0.2));
#8984=CARTESIAN_POINT('Ctrl Pts',(-2.03952555202939,9.91551634281573,0.2));
#8985=CARTESIAN_POINT('Ctrl Pts',(-2.0528368938501,9.9533776468906,0.2));
#8986=CARTESIAN_POINT('Ctrl Pts',(-2.05975412603277,9.97305225479654,0.2));
#8987=CARTESIAN_POINT('',(-2.022987410685,9.85845472562364,0.));
#8988=CARTESIAN_POINT('Ctrl Pts',(-1.98526571716922,9.97305225479654,0.));
#8989=CARTESIAN_POINT('Ctrl Pts',(-1.98526571716922,9.97305225479654,0.2));
#8990=CARTESIAN_POINT('Ctrl Pts',(-1.9921905311975,9.95401852414967,0.));
#8991=CARTESIAN_POINT('Ctrl Pts',(-1.9921905311975,9.95401852414967,0.2));
#8992=CARTESIAN_POINT('Ctrl Pts',(-2.00594657645713,9.91620828705606,0.));
#8993=CARTESIAN_POINT('Ctrl Pts',(-2.00594657645713,9.91620828705606,0.2));
#8994=CARTESIAN_POINT('Ctrl Pts',(-2.01733295323227,9.87761840338121,0.));
#8995=CARTESIAN_POINT('Ctrl Pts',(-2.01733295323227,9.87761840338121,0.2));
#8996=CARTESIAN_POINT('Ctrl Pts',(-2.022987410685,9.85845472562364,0.));
#8997=CARTESIAN_POINT('Ctrl Pts',(-2.022987410685,9.85845472562364,0.2));
#8998=CARTESIAN_POINT('',(-1.98526571716922,9.97305225479654,0.2));
#8999=CARTESIAN_POINT('Ctrl Pts',(-1.98526571716922,9.97305225479654,0.2));
#9000=CARTESIAN_POINT('Ctrl Pts',(-1.9921905311975,9.95401852414967,0.2));
#9001=CARTESIAN_POINT('Ctrl Pts',(-2.00594657645713,9.91620828705606,0.2));
#9002=CARTESIAN_POINT('Ctrl Pts',(-2.01733295323227,9.87761840338121,0.2));
#9003=CARTESIAN_POINT('Ctrl Pts',(-2.022987410685,9.85845472562364,0.2));
#9004=CARTESIAN_POINT('',(-1.98526571716922,9.97305225479654,0.));
#9005=CARTESIAN_POINT('Origin',(-1.79617974187988,10.4815788929468,0.));
#9006=CARTESIAN_POINT('',(-1.79617974187988,10.4815788929468,0.2));
#9007=CARTESIAN_POINT('',(-1.98526571716922,9.97305225479654,0.2));
#9008=CARTESIAN_POINT('',(-1.79617974187988,10.4815788929468,0.));
#9009=CARTESIAN_POINT('Origin',(-1.70163679148811,10.4815788929468,0.));
#9010=CARTESIAN_POINT('',(-1.70163679148811,10.4815788929468,0.2));
#9011=CARTESIAN_POINT('',(-1.79617974187988,10.4815788929468,0.2));
#9012=CARTESIAN_POINT('',(-1.70163679148811,10.4815788929468,0.));
#9013=CARTESIAN_POINT('Origin',(-1.97571589823621,9.78157888996652,0.));
#9014=CARTESIAN_POINT('',(-1.97571589823621,9.78157888996652,0.2));
#9015=CARTESIAN_POINT('',(-1.70163679148811,10.4815788929468,0.2));
#9016=CARTESIAN_POINT('',(-1.97571589823621,9.78157888996652,0.));
#9017=CARTESIAN_POINT('Origin',(-2.07073639359134,9.78157888996652,0.));
#9018=CARTESIAN_POINT('',(-1.97571589823621,9.78157888996652,0.2));
#9019=CARTESIAN_POINT('Origin',(-1.33110470976373,10.1315788914566,0.2));
#9020=CARTESIAN_POINT('Origin',(-1.02646629538196,10.0036116306787,0.));
#9021=CARTESIAN_POINT('',(-1.11909936394351,10.0270086144214,0.2));
#9022=CARTESIAN_POINT('',(-1.11909936394351,10.0270086144214,0.));
#9023=CARTESIAN_POINT('',(-1.02646629538196,10.0036116306787,0.2));
#9024=CARTESIAN_POINT('',(-1.11909936394351,10.0270086144214,0.2));
#9025=CARTESIAN_POINT('',(-1.02646629538196,10.0036116306787,0.));
#9026=CARTESIAN_POINT('Ctrl Pts',(-1.13127525176662,9.82956658947518,0.));
#9027=CARTESIAN_POINT('Ctrl Pts',(-1.13127525176662,9.82956658947518,0.2));
#9028=CARTESIAN_POINT('Ctrl Pts',(-1.10776437418482,9.85272859183402,0.));
#9029=CARTESIAN_POINT('Ctrl Pts',(-1.10776437418482,9.85272859183402,0.2));
#9030=CARTESIAN_POINT('Ctrl Pts',(-1.05807676651842,9.90167889077414,0.));
#9031=CARTESIAN_POINT('Ctrl Pts',(-1.05807676651842,9.90167889077414,0.2));
#9032=CARTESIAN_POINT('Ctrl Pts',(-1.0373733802563,9.96844008765379,0.));
#9033=CARTESIAN_POINT('Ctrl Pts',(-1.0373733802563,9.96844008765379,0.2));
#9034=CARTESIAN_POINT('Ctrl Pts',(-1.02646629538196,10.0036116306787,0.));
#9035=CARTESIAN_POINT('Ctrl Pts',(-1.02646629538196,10.0036116306787,0.2));
#9036=CARTESIAN_POINT('',(-1.13127525176662,9.82956658947518,0.2));
#9037=CARTESIAN_POINT('Ctrl Pts',(-1.13127525176662,9.82956658947518,0.2));
#9038=CARTESIAN_POINT('Ctrl Pts',(-1.10776437418482,9.85272859183402,0.2));
#9039=CARTESIAN_POINT('Ctrl Pts',(-1.05807676651842,9.90167889077414,0.2));
#9040=CARTESIAN_POINT('Ctrl Pts',(-1.0373733802563,9.96844008765379,0.2));
#9041=CARTESIAN_POINT('Ctrl Pts',(-1.02646629538196,10.0036116306787,0.2));
#9042=CARTESIAN_POINT('',(-1.13127525176662,9.82956658947518,0.));
#9043=CARTESIAN_POINT('Ctrl Pts',(-1.3163025977816,9.76964164423993,0.));
#9044=CARTESIAN_POINT('Ctrl Pts',(-1.3163025977816,9.76964164423993,0.2));
#9045=CARTESIAN_POINT('Ctrl Pts',(-1.28171700755643,9.77178267132298,0.));
#9046=CARTESIAN_POINT('Ctrl Pts',(-1.28171700755643,9.77178267132298,0.2));
#9047=CARTESIAN_POINT('Ctrl Pts',(-1.21481045193081,9.77592453348857,0.));
#9048=CARTESIAN_POINT('Ctrl Pts',(-1.21481045193081,9.77592453348857,0.2));
#9049=CARTESIAN_POINT('Ctrl Pts',(-1.15848482312654,9.81209398693887,0.));
#9050=CARTESIAN_POINT('Ctrl Pts',(-1.15848482312654,9.81209398693887,0.2));
#9051=CARTESIAN_POINT('Ctrl Pts',(-1.13127525176662,9.82956658947518,0.));
#9052=CARTESIAN_POINT('Ctrl Pts',(-1.13127525176662,9.82956658947518,0.2));
#9053=CARTESIAN_POINT('',(-1.3163025977816,9.76964164423993,0.2));
#9054=CARTESIAN_POINT('Ctrl Pts',(-1.3163025977816,9.76964164423993,0.2));
#9055=CARTESIAN_POINT('Ctrl Pts',(-1.28171700755643,9.77178267132298,0.2));
#9056=CARTESIAN_POINT('Ctrl Pts',(-1.21481045193081,9.77592453348857,0.2));
#9057=CARTESIAN_POINT('Ctrl Pts',(-1.15848482312654,9.81209398693887,0.2));
#9058=CARTESIAN_POINT('Ctrl Pts',(-1.13127525176662,9.82956658947518,0.2));
#9059=CARTESIAN_POINT('',(-1.3163025977816,9.76964164423993,0.));
#9060=CARTESIAN_POINT('Ctrl Pts',(-1.50037492837566,9.81571938741258,0.));
#9061=CARTESIAN_POINT('Ctrl Pts',(-1.50037492837566,9.81571938741258,0.2));
#9062=CARTESIAN_POINT('Ctrl Pts',(-1.47371568107155,9.80230112808593,0.));
#9063=CARTESIAN_POINT('Ctrl Pts',(-1.47371568107155,9.80230112808593,0.2));
#9064=CARTESIAN_POINT('Ctrl Pts',(-1.41595475537147,9.77322862385691,0.));
#9065=CARTESIAN_POINT('Ctrl Pts',(-1.41595475537147,9.77322862385691,0.2));
#9066=CARTESIAN_POINT('Ctrl Pts',(-1.35118059160535,9.77089707769921,0.));
#9067=CARTESIAN_POINT('Ctrl Pts',(-1.35118059160535,9.77089707769921,0.2));
#9068=CARTESIAN_POINT('Ctrl Pts',(-1.3163025977816,9.76964164423993,0.));
#9069=CARTESIAN_POINT('Ctrl Pts',(-1.3163025977816,9.76964164423993,0.2));
#9070=CARTESIAN_POINT('',(-1.50037492837566,9.81571938741258,0.2));
#9071=CARTESIAN_POINT('Ctrl Pts',(-1.50037492837566,9.81571938741258,0.2));
#9072=CARTESIAN_POINT('Ctrl Pts',(-1.47371568107155,9.80230112808593,0.2));
#9073=CARTESIAN_POINT('Ctrl Pts',(-1.41595475537147,9.77322862385691,0.2));
#9074=CARTESIAN_POINT('Ctrl Pts',(-1.35118059160535,9.77089707769921,0.2));
#9075=CARTESIAN_POINT('Ctrl Pts',(-1.3163025977816,9.76964164423993,0.2));
#9076=CARTESIAN_POINT('',(-1.50037492837566,9.81571938741258,0.));
#9077=CARTESIAN_POINT('Ctrl Pts',(-1.60828757311958,9.94917776334336,0.));
#9078=CARTESIAN_POINT('Ctrl Pts',(-1.60828757311958,9.94917776334336,0.2));
#9079=CARTESIAN_POINT('Ctrl Pts',(-1.59492356912394,9.92202635721591,0.));
#9080=CARTESIAN_POINT('Ctrl Pts',(-1.59492356912394,9.92202635721591,0.2));
#9081=CARTESIAN_POINT('Ctrl Pts',(-1.5689929526632,9.86934359096633,0.));
#9082=CARTESIAN_POINT('Ctrl Pts',(-1.5689929526632,9.86934359096633,0.2));
#9083=CARTESIAN_POINT('Ctrl Pts',(-1.52277384235993,9.83322388328442,0.));
#9084=CARTESIAN_POINT('Ctrl Pts',(-1.52277384235993,9.83322388328442,0.2));
#9085=CARTESIAN_POINT('Ctrl Pts',(-1.50037492837566,9.81571938741258,0.));
#9086=CARTESIAN_POINT('Ctrl Pts',(-1.50037492837566,9.81571938741258,0.2));
#9087=CARTESIAN_POINT('',(-1.60828757311958,9.94917776334336,0.2));
#9088=CARTESIAN_POINT('Ctrl Pts',(-1.60828757311958,9.94917776334336,0.2));
#9089=CARTESIAN_POINT('Ctrl Pts',(-1.59492356912394,9.92202635721591,0.2));
#9090=CARTESIAN_POINT('Ctrl Pts',(-1.5689929526632,9.86934359096633,0.2));
#9091=CARTESIAN_POINT('Ctrl Pts',(-1.52277384235993,9.83322388328442,0.2));
#9092=CARTESIAN_POINT('Ctrl Pts',(-1.50037492837566,9.81571938741258,0.2));
#9093=CARTESIAN_POINT('',(-1.60828757311958,9.94917776334336,0.));
#9094=CARTESIAN_POINT('Ctrl Pts',(-1.64529304232257,10.1368312900071,0.));
#9095=CARTESIAN_POINT('Ctrl Pts',(-1.64529304232257,10.1368312900071,0.2));
#9096=CARTESIAN_POINT('Ctrl Pts',(-1.64384062587747,10.1041572134998,0.));
#9097=CARTESIAN_POINT('Ctrl Pts',(-1.64384062587747,10.1041572134998,0.2));
#9098=CARTESIAN_POINT('Ctrl Pts',(-1.64097647092132,10.0397241657455,0.));
#9099=CARTESIAN_POINT('Ctrl Pts',(-1.64097647092132,10.0397241657455,0.2));
#9100=CARTESIAN_POINT('Ctrl Pts',(-1.61908021242748,9.97907276523915,0.));
#9101=CARTESIAN_POINT('Ctrl Pts',(-1.61908021242748,9.97907276523915,0.2));
#9102=CARTESIAN_POINT('Ctrl Pts',(-1.60828757311958,9.94917776334336,0.));
#9103=CARTESIAN_POINT('Ctrl Pts',(-1.60828757311958,9.94917776334336,0.2));
#9104=CARTESIAN_POINT('',(-1.64529304232257,10.1368312900071,0.2));
#9105=CARTESIAN_POINT('Ctrl Pts',(-1.64529304232257,10.1368312900071,0.2));
#9106=CARTESIAN_POINT('Ctrl Pts',(-1.64384062587747,10.1041572134998,0.2));
#9107=CARTESIAN_POINT('Ctrl Pts',(-1.64097647092132,10.0397241657455,0.2));
#9108=CARTESIAN_POINT('Ctrl Pts',(-1.61908021242748,9.97907276523915,0.2));
#9109=CARTESIAN_POINT('Ctrl Pts',(-1.60828757311958,9.94917776334336,0.2));
#9110=CARTESIAN_POINT('',(-1.64529304232257,10.1368312900071,0.));
#9111=CARTESIAN_POINT('Ctrl Pts',(-1.60351271953243,10.3275884305244,0.));
#9112=CARTESIAN_POINT('Ctrl Pts',(-1.60351271953243,10.3275884305244,0.2));
#9113=CARTESIAN_POINT('Ctrl Pts',(-1.61569149206173,10.2985131830431,0.));
#9114=CARTESIAN_POINT('Ctrl Pts',(-1.61569149206173,10.2985131830431,0.2));
#9115=CARTESIAN_POINT('Ctrl Pts',(-1.64123185055755,10.2375388736666,0.));
#9116=CARTESIAN_POINT('Ctrl Pts',(-1.64123185055755,10.2375388736666,0.2));
#9117=CARTESIAN_POINT('Ctrl Pts',(-1.6438981515621,10.1714211557618,0.));
#9118=CARTESIAN_POINT('Ctrl Pts',(-1.6438981515621,10.1714211557618,0.2));
#9119=CARTESIAN_POINT('Ctrl Pts',(-1.64529304232257,10.1368312900071,0.));
#9120=CARTESIAN_POINT('Ctrl Pts',(-1.64529304232257,10.1368312900071,0.2));
#9121=CARTESIAN_POINT('',(-1.60351271953243,10.3275884305244,0.2));
#9122=CARTESIAN_POINT('Ctrl Pts',(-1.60351271953243,10.3275884305244,0.2));
#9123=CARTESIAN_POINT('Ctrl Pts',(-1.61569149206173,10.2985131830431,0.2));
#9124=CARTESIAN_POINT('Ctrl Pts',(-1.64123185055755,10.2375388736666,0.2));
#9125=CARTESIAN_POINT('Ctrl Pts',(-1.6438981515621,10.1714211557618,0.2));
#9126=CARTESIAN_POINT('Ctrl Pts',(-1.64529304232257,10.1368312900071,0.2));
#9127=CARTESIAN_POINT('',(-1.60351271953243,10.3275884305244,0.));
#9128=CARTESIAN_POINT('Ctrl Pts',(-1.48461769547122,10.4512583081727,0.));
#9129=CARTESIAN_POINT('Ctrl Pts',(-1.48461769547122,10.4512583081727,0.2));
#9130=CARTESIAN_POINT('Ctrl Pts',(-1.5089225266403,10.4353992140653,0.));
#9131=CARTESIAN_POINT('Ctrl Pts',(-1.5089225266403,10.4353992140653,0.2));
#9132=CARTESIAN_POINT('Ctrl Pts',(-1.55805506666773,10.4033398440325,0.));
#9133=CARTESIAN_POINT('Ctrl Pts',(-1.55805506666773,10.4033398440325,0.2));
#9134=CARTESIAN_POINT('Ctrl Pts',(-1.58825304440002,10.3530174152631,0.));
#9135=CARTESIAN_POINT('Ctrl Pts',(-1.58825304440002,10.3530174152631,0.2));
#9136=CARTESIAN_POINT('Ctrl Pts',(-1.60351271953243,10.3275884305244,0.));
#9137=CARTESIAN_POINT('Ctrl Pts',(-1.60351271953243,10.3275884305244,0.2));
#9138=CARTESIAN_POINT('',(-1.48461769547122,10.4512583081727,0.2));
#9139=CARTESIAN_POINT('Ctrl Pts',(-1.48461769547122,10.4512583081727,0.2));
#9140=CARTESIAN_POINT('Ctrl Pts',(-1.5089225266403,10.4353992140653,0.2));
#9141=CARTESIAN_POINT('Ctrl Pts',(-1.55805506666773,10.4033398440325,0.2));
#9142=CARTESIAN_POINT('Ctrl Pts',(-1.58825304440002,10.3530174152631,0.2));
#9143=CARTESIAN_POINT('Ctrl Pts',(-1.60351271953243,10.3275884305244,0.2));
#9144=CARTESIAN_POINT('',(-1.48461769547122,10.4512583081727,0.));
#9145=CARTESIAN_POINT('Ctrl Pts',(-1.31487007465023,10.4935161386733,0.));
#9146=CARTESIAN_POINT('Ctrl Pts',(-1.31487007465023,10.4935161386733,0.2));
#9147=CARTESIAN_POINT('Ctrl Pts',(-1.34492072982909,10.4918534605916,0.));
#9148=CARTESIAN_POINT('Ctrl Pts',(-1.34492072982909,10.4918534605916,0.2));
#9149=CARTESIAN_POINT('Ctrl Pts',(-1.4042132416161,10.488572854589,0.));
#9150=CARTESIAN_POINT('Ctrl Pts',(-1.4042132416161,10.488572854589,0.2));
#9151=CARTESIAN_POINT('Ctrl Pts',(-1.45806105365057,10.4635828623033,0.));
#9152=CARTESIAN_POINT('Ctrl Pts',(-1.45806105365057,10.4635828623033,0.2));
#9153=CARTESIAN_POINT('Ctrl Pts',(-1.48461769547122,10.4512583081727,0.));
#9154=CARTESIAN_POINT('Ctrl Pts',(-1.48461769547122,10.4512583081727,0.2));
#9155=CARTESIAN_POINT('',(-1.31487007465023,10.4935161386733,0.2));
#9156=CARTESIAN_POINT('Ctrl Pts',(-1.31487007465023,10.4935161386733,0.2));
#9157=CARTESIAN_POINT('Ctrl Pts',(-1.34492072982909,10.4918534605916,0.2));
#9158=CARTESIAN_POINT('Ctrl Pts',(-1.4042132416161,10.488572854589,0.2));
#9159=CARTESIAN_POINT('Ctrl Pts',(-1.45806105365057,10.4635828623033,0.2));
#9160=CARTESIAN_POINT('Ctrl Pts',(-1.48461769547122,10.4512583081727,0.2));
#9161=CARTESIAN_POINT('',(-1.31487007465023,10.4935161386733,0.));
#9162=CARTESIAN_POINT('Ctrl Pts',(-1.13819892730373,10.4400372867589,0.));
#9163=CARTESIAN_POINT('Ctrl Pts',(-1.13819892730373,10.4400372867589,0.2));
#9164=CARTESIAN_POINT('Ctrl Pts',(-1.16416925186233,10.4556272036237,0.));
#9165=CARTESIAN_POINT('Ctrl Pts',(-1.16416925186233,10.4556272036237,0.2));
#9166=CARTESIAN_POINT('Ctrl Pts',(-1.21847210571242,10.4882250625812,0.));
#9167=CARTESIAN_POINT('Ctrl Pts',(-1.21847210571242,10.4882250625812,0.2));
#9168=CARTESIAN_POINT('Ctrl Pts',(-1.28181887824092,10.4917020299627,0.));
#9169=CARTESIAN_POINT('Ctrl Pts',(-1.28181887824092,10.4917020299627,0.2));
#9170=CARTESIAN_POINT('Ctrl Pts',(-1.31487007465023,10.4935161386733,0.));
#9171=CARTESIAN_POINT('Ctrl Pts',(-1.31487007465023,10.4935161386733,0.2));
#9172=CARTESIAN_POINT('',(-1.13819892730373,10.4400372867589,0.2));
#9173=CARTESIAN_POINT('Ctrl Pts',(-1.13819892730373,10.4400372867589,0.2));
#9174=CARTESIAN_POINT('Ctrl Pts',(-1.16416925186233,10.4556272036237,0.2));
#9175=CARTESIAN_POINT('Ctrl Pts',(-1.21847210571242,10.4882250625812,0.2));
#9176=CARTESIAN_POINT('Ctrl Pts',(-1.28181887824092,10.4917020299627,0.2));
#9177=CARTESIAN_POINT('Ctrl Pts',(-1.31487007465023,10.4935161386733,0.2));
#9178=CARTESIAN_POINT('',(-1.13819892730373,10.4400372867589,0.));
#9179=CARTESIAN_POINT('Ctrl Pts',(-1.03840346660274,10.2896280204063,0.));
#9180=CARTESIAN_POINT('Ctrl Pts',(-1.03840346660274,10.2896280204063,0.2));
#9181=CARTESIAN_POINT('Ctrl Pts',(-1.04919004469121,10.3198111152404,0.));
#9182=CARTESIAN_POINT('Ctrl Pts',(-1.04919004469121,10.3198111152404,0.2));
#9183=CARTESIAN_POINT('Ctrl Pts',(-1.07007738431368,10.3782582471749,0.));
#9184=CARTESIAN_POINT('Ctrl Pts',(-1.07007738431368,10.3782582471749,0.2));
#9185=CARTESIAN_POINT('Ctrl Pts',(-1.1159942927701,10.4199000300911,0.));
#9186=CARTESIAN_POINT('Ctrl Pts',(-1.1159942927701,10.4199000300911,0.2));
#9187=CARTESIAN_POINT('Ctrl Pts',(-1.13819892730373,10.4400372867589,0.));
#9188=CARTESIAN_POINT('Ctrl Pts',(-1.13819892730373,10.4400372867589,0.2));
#9189=CARTESIAN_POINT('',(-1.03840346660274,10.2896280204063,0.2));
#9190=CARTESIAN_POINT('Ctrl Pts',(-1.03840346660274,10.2896280204063,0.2));
#9191=CARTESIAN_POINT('Ctrl Pts',(-1.04919004469121,10.3198111152404,0.2));
#9192=CARTESIAN_POINT('Ctrl Pts',(-1.07007738431368,10.3782582471749,0.2));
#9193=CARTESIAN_POINT('Ctrl Pts',(-1.1159942927701,10.4199000300911,0.2));
#9194=CARTESIAN_POINT('Ctrl Pts',(-1.13819892730373,10.4400372867589,0.2));
#9195=CARTESIAN_POINT('',(-1.03840346660274,10.2896280204063,0.));
#9196=CARTESIAN_POINT('Origin',(-1.12960408653873,10.2681409557467,0.));
#9197=CARTESIAN_POINT('',(-1.12960408653873,10.2681409557467,0.2));
#9198=CARTESIAN_POINT('',(-1.03840346660274,10.2896280204063,0.2));
#9199=CARTESIAN_POINT('',(-1.12960408653873,10.2681409557467,0.));
#9200=CARTESIAN_POINT('Ctrl Pts',(-1.20027254547733,10.379396079958,0.));
#9201=CARTESIAN_POINT('Ctrl Pts',(-1.20027254547733,10.379396079958,0.2));
#9202=CARTESIAN_POINT('Ctrl Pts',(-1.18546689018362,10.3650986019768,0.));
#9203=CARTESIAN_POINT('Ctrl Pts',(-1.18546689018362,10.3650986019768,0.2));
#9204=CARTESIAN_POINT('Ctrl Pts',(-1.15306005570175,10.3338040734165,0.));
#9205=CARTESIAN_POINT('Ctrl Pts',(-1.15306005570175,10.3338040734165,0.2));
#9206=CARTESIAN_POINT('Ctrl Pts',(-1.13785981769003,10.2912522176293,0.));
#9207=CARTESIAN_POINT('Ctrl Pts',(-1.13785981769003,10.2912522176293,0.2));
#9208=CARTESIAN_POINT('Ctrl Pts',(-1.12960408653873,10.2681409557467,0.));
#9209=CARTESIAN_POINT('Ctrl Pts',(-1.12960408653873,10.2681409557467,0.2));
#9210=CARTESIAN_POINT('',(-1.20027254547733,10.379396079958,0.2));
#9211=CARTESIAN_POINT('Ctrl Pts',(-1.20027254547733,10.379396079958,0.2));
#9212=CARTESIAN_POINT('Ctrl Pts',(-1.18546689018362,10.3650986019768,0.2));
#9213=CARTESIAN_POINT('Ctrl Pts',(-1.15306005570175,10.3338040734165,0.2));
#9214=CARTESIAN_POINT('Ctrl Pts',(-1.13785981769003,10.2912522176293,0.2));
#9215=CARTESIAN_POINT('Ctrl Pts',(-1.12960408653873,10.2681409557467,0.2));
#9216=CARTESIAN_POINT('',(-1.20027254547733,10.379396079958,0.));
#9217=CARTESIAN_POINT('Ctrl Pts',(-1.31678010549205,10.4142528389697,0.));
#9218=CARTESIAN_POINT('Ctrl Pts',(-1.31678010549205,10.4142528389697,0.2));
#9219=CARTESIAN_POINT('Ctrl Pts',(-1.29482461334507,10.4131243608492,0.));
#9220=CARTESIAN_POINT('Ctrl Pts',(-1.29482461334507,10.4131243608492,0.2));
#9221=CARTESIAN_POINT('Ctrl Pts',(-1.25306626142919,10.4109780465617,0.));
#9222=CARTESIAN_POINT('Ctrl Pts',(-1.25306626142919,10.4109780465617,0.2));
#9223=CARTESIAN_POINT('Ctrl Pts',(-1.21725509869651,10.3895552896091,0.));
#9224=CARTESIAN_POINT('Ctrl Pts',(-1.21725509869651,10.3895552896091,0.2));
#9225=CARTESIAN_POINT('Ctrl Pts',(-1.20027254547733,10.379396079958,0.));
#9226=CARTESIAN_POINT('Ctrl Pts',(-1.20027254547733,10.379396079958,0.2));
#9227=CARTESIAN_POINT('',(-1.31678010549205,10.4142528389697,0.2));
#9228=CARTESIAN_POINT('Ctrl Pts',(-1.31678010549205,10.4142528389697,0.2));
#9229=CARTESIAN_POINT('Ctrl Pts',(-1.29482461334507,10.4131243608492,0.2));
#9230=CARTESIAN_POINT('Ctrl Pts',(-1.25306626142919,10.4109780465617,0.2));
#9231=CARTESIAN_POINT('Ctrl Pts',(-1.21725509869651,10.3895552896091,0.2));
#9232=CARTESIAN_POINT('Ctrl Pts',(-1.20027254547733,10.379396079958,0.2));
#9233=CARTESIAN_POINT('',(-1.31678010549205,10.4142528389697,0.));
#9234=CARTESIAN_POINT('Ctrl Pts',(-1.4516709300484,10.3755761672859,0.));
#9235=CARTESIAN_POINT('Ctrl Pts',(-1.4516709300484,10.3755761672859,0.2));
#9236=CARTESIAN_POINT('Ctrl Pts',(-1.43187147158035,10.3868487329281,0.));
#9237=CARTESIAN_POINT('Ctrl Pts',(-1.43187147158035,10.3868487329281,0.2));
#9238=CARTESIAN_POINT('Ctrl Pts',(-1.39012304067765,10.4106176621929,0.));
#9239=CARTESIAN_POINT('Ctrl Pts',(-1.39012304067765,10.4106176621929,0.2));
#9240=CARTESIAN_POINT('Ctrl Pts',(-1.34205275364286,10.4130002228396,0.));
#9241=CARTESIAN_POINT('Ctrl Pts',(-1.34205275364286,10.4130002228396,0.2));
#9242=CARTESIAN_POINT('Ctrl Pts',(-1.31678010549205,10.4142528389697,0.));
#9243=CARTESIAN_POINT('Ctrl Pts',(-1.31678010549205,10.4142528389697,0.2));
#9244=CARTESIAN_POINT('',(-1.4516709300484,10.3755761672859,0.2));
#9245=CARTESIAN_POINT('Ctrl Pts',(-1.4516709300484,10.3755761672859,0.2));
#9246=CARTESIAN_POINT('Ctrl Pts',(-1.43187147158035,10.3868487329281,0.2));
#9247=CARTESIAN_POINT('Ctrl Pts',(-1.39012304067765,10.4106176621929,0.2));
#9248=CARTESIAN_POINT('Ctrl Pts',(-1.34205275364286,10.4130002228396,0.2));
#9249=CARTESIAN_POINT('Ctrl Pts',(-1.31678010549205,10.4142528389697,0.2));
#9250=CARTESIAN_POINT('',(-1.4516709300484,10.3755761672859,0.));
#9251=CARTESIAN_POINT('Ctrl Pts',(-1.52783054139274,10.2717221518164,0.));
#9252=CARTESIAN_POINT('Ctrl Pts',(-1.52783054139274,10.2717221518164,0.2));
#9253=CARTESIAN_POINT('Ctrl Pts',(-1.51924625074541,10.2922862336466,0.));
#9254=CARTESIAN_POINT('Ctrl Pts',(-1.51924625074541,10.2922862336466,0.2));
#9255=CARTESIAN_POINT('Ctrl Pts',(-1.50222642795543,10.333058039142,0.));
#9256=CARTESIAN_POINT('Ctrl Pts',(-1.50222642795543,10.333058039142,0.2));
#9257=CARTESIAN_POINT('Ctrl Pts',(-1.46842428228847,10.3614862817765,0.));
#9258=CARTESIAN_POINT('Ctrl Pts',(-1.46842428228847,10.3614862817765,0.2));
#9259=CARTESIAN_POINT('Ctrl Pts',(-1.4516709300484,10.3755761672859,0.));
#9260=CARTESIAN_POINT('Ctrl Pts',(-1.4516709300484,10.3755761672859,0.2));
#9261=CARTESIAN_POINT('',(-1.52783054139274,10.2717221518164,0.2));
#9262=CARTESIAN_POINT('Ctrl Pts',(-1.52783054139274,10.2717221518164,0.2));
#9263=CARTESIAN_POINT('Ctrl Pts',(-1.51924625074541,10.2922862336466,0.2));
#9264=CARTESIAN_POINT('Ctrl Pts',(-1.50222642795543,10.333058039142,0.2));
#9265=CARTESIAN_POINT('Ctrl Pts',(-1.46842428228847,10.3614862817765,0.2));
#9266=CARTESIAN_POINT('Ctrl Pts',(-1.4516709300484,10.3755761672859,0.2));
#9267=CARTESIAN_POINT('',(-1.52783054139274,10.2717221518164,0.));
#9268=CARTESIAN_POINT('Ctrl Pts',(-1.54979507650989,10.1373087604647,0.));
#9269=CARTESIAN_POINT('Ctrl Pts',(-1.54979507650989,10.1373087604647,0.2));
#9270=CARTESIAN_POINT('Ctrl Pts',(-1.54888611495242,10.1601999083738,0.));
#9271=CARTESIAN_POINT('Ctrl Pts',(-1.54888611495242,10.1601999083738,0.2));
#9272=CARTESIAN_POINT('Ctrl Pts',(-1.5470712574902,10.205904999266,0.));
#9273=CARTESIAN_POINT('Ctrl Pts',(-1.5470712574902,10.205904999266,0.2));
#9274=CARTESIAN_POINT('Ctrl Pts',(-1.53423688682954,10.2498078211455,0.));
#9275=CARTESIAN_POINT('Ctrl Pts',(-1.53423688682954,10.2498078211455,0.2));
#9276=CARTESIAN_POINT('Ctrl Pts',(-1.52783054139274,10.2717221518164,0.));
#9277=CARTESIAN_POINT('Ctrl Pts',(-1.52783054139274,10.2717221518164,0.2));
#9278=CARTESIAN_POINT('',(-1.54979507650989,10.1373087604647,0.2));
#9279=CARTESIAN_POINT('Ctrl Pts',(-1.54979507650989,10.1373087604647,0.2));
#9280=CARTESIAN_POINT('Ctrl Pts',(-1.54888611495242,10.1601999083738,0.2));
#9281=CARTESIAN_POINT('Ctrl Pts',(-1.5470712574902,10.205904999266,0.2));
#9282=CARTESIAN_POINT('Ctrl Pts',(-1.53423688682954,10.2498078211455,0.2));
#9283=CARTESIAN_POINT('Ctrl Pts',(-1.52783054139274,10.2717221518164,0.2));
#9284=CARTESIAN_POINT('',(-1.54979507650989,10.1373087604647,0.));
#9285=CARTESIAN_POINT('Ctrl Pts',(-1.52377191211837,9.98140837895921,0.));
#9286=CARTESIAN_POINT('Ctrl Pts',(-1.52377191211837,9.98140837895921,0.2));
#9287=CARTESIAN_POINT('Ctrl Pts',(-1.53135540779648,10.0053159590424,0.));
#9288=CARTESIAN_POINT('Ctrl Pts',(-1.53135540779648,10.0053159590424,0.2));
#9289=CARTESIAN_POINT('Ctrl Pts',(-1.54743445035069,10.0560064339688,0.));
#9290=CARTESIAN_POINT('Ctrl Pts',(-1.54743445035069,10.0560064339688,0.2));
#9291=CARTESIAN_POINT('Ctrl Pts',(-1.54897899735425,10.109202177938,0.));
#9292=CARTESIAN_POINT('Ctrl Pts',(-1.54897899735425,10.109202177938,0.2));
#9293=CARTESIAN_POINT('Ctrl Pts',(-1.54979507650989,10.1373087604647,0.));
#9294=CARTESIAN_POINT('Ctrl Pts',(-1.54979507650989,10.1373087604647,0.2));
#9295=CARTESIAN_POINT('',(-1.52377191211837,9.98140837895921,0.2));
#9296=CARTESIAN_POINT('Ctrl Pts',(-1.52377191211837,9.98140837895921,0.2));
#9297=CARTESIAN_POINT('Ctrl Pts',(-1.53135540779648,10.0053159590424,0.2));
#9298=CARTESIAN_POINT('Ctrl Pts',(-1.54743445035069,10.0560064339688,0.2));
#9299=CARTESIAN_POINT('Ctrl Pts',(-1.54897899735425,10.109202177938,0.2));
#9300=CARTESIAN_POINT('Ctrl Pts',(-1.54979507650989,10.1373087604647,0.2));
#9301=CARTESIAN_POINT('',(-1.52377191211837,9.98140837895921,0.));
#9302=CARTESIAN_POINT('Ctrl Pts',(-1.44283737268108,9.88185170936635,0.));
#9303=CARTESIAN_POINT('Ctrl Pts',(-1.44283737268108,9.88185170936635,0.2));
#9304=CARTESIAN_POINT('Ctrl Pts',(-1.46005758604221,9.89455182315961,0.));
#9305=CARTESIAN_POINT('Ctrl Pts',(-1.46005758604221,9.89455182315961,0.2));
#9306=CARTESIAN_POINT('Ctrl Pts',(-1.49555995263692,9.9207352441328,0.));
#9307=CARTESIAN_POINT('Ctrl Pts',(-1.49555995263692,9.9207352441328,0.2));
#9308=CARTESIAN_POINT('Ctrl Pts',(-1.51418225011328,9.96078468367292,0.));
#9309=CARTESIAN_POINT('Ctrl Pts',(-1.51418225011328,9.96078468367292,0.2));
#9310=CARTESIAN_POINT('Ctrl Pts',(-1.52377191211837,9.98140837895921,0.));
#9311=CARTESIAN_POINT('Ctrl Pts',(-1.52377191211837,9.98140837895921,0.2));
#9312=CARTESIAN_POINT('',(-1.44283737268108,9.88185170936635,0.2));
#9313=CARTESIAN_POINT('Ctrl Pts',(-1.44283737268108,9.88185170936635,0.2));
#9314=CARTESIAN_POINT('Ctrl Pts',(-1.46005758604221,9.89455182315961,0.2));
#9315=CARTESIAN_POINT('Ctrl Pts',(-1.49555995263692,9.9207352441328,0.2));
#9316=CARTESIAN_POINT('Ctrl Pts',(-1.51418225011328,9.96078468367292,0.2));
#9317=CARTESIAN_POINT('Ctrl Pts',(-1.52377191211837,9.98140837895921,0.2));
#9318=CARTESIAN_POINT('',(-1.44283737268108,9.88185170936635,0.));
#9319=CARTESIAN_POINT('Ctrl Pts',(-1.32394242312568,9.84890494394353,0.));
#9320=CARTESIAN_POINT('Ctrl Pts',(-1.32394242312568,9.84890494394353,0.2));
#9321=CARTESIAN_POINT('Ctrl Pts',(-1.34489432627598,9.85027893002715,0.));
#9322=CARTESIAN_POINT('Ctrl Pts',(-1.34489432627598,9.85027893002715,0.2));
#9323=CARTESIAN_POINT('Ctrl Pts',(-1.38680732702112,9.85302750514863,0.));
#9324=CARTESIAN_POINT('Ctrl Pts',(-1.38680732702112,9.85302750514863,0.2));
#9325=CARTESIAN_POINT('Ctrl Pts',(-1.42415795959477,9.87224223625018,0.));
#9326=CARTESIAN_POINT('Ctrl Pts',(-1.42415795959477,9.87224223625018,0.2));
#9327=CARTESIAN_POINT('Ctrl Pts',(-1.44283737268108,9.88185170936635,0.));
#9328=CARTESIAN_POINT('Ctrl Pts',(-1.44283737268108,9.88185170936635,0.2));
#9329=CARTESIAN_POINT('',(-1.32394242312568,9.84890494394353,0.2));
#9330=CARTESIAN_POINT('Ctrl Pts',(-1.32394242312568,9.84890494394353,0.2));
#9331=CARTESIAN_POINT('Ctrl Pts',(-1.34489432627598,9.85027893002715,0.2));
#9332=CARTESIAN_POINT('Ctrl Pts',(-1.38680732702112,9.85302750514863,0.2));
#9333=CARTESIAN_POINT('Ctrl Pts',(-1.42415795959477,9.87224223625018,0.2));
#9334=CARTESIAN_POINT('Ctrl Pts',(-1.44283737268108,9.88185170936635,0.2));
#9335=CARTESIAN_POINT('',(-1.32394242312568,9.84890494394353,0.));
#9336=CARTESIAN_POINT('Ctrl Pts',(-1.19215528692859,9.89378895509294,0.));
#9337=CARTESIAN_POINT('Ctrl Pts',(-1.19215528692859,9.89378895509294,0.2));
#9338=CARTESIAN_POINT('Ctrl Pts',(-1.21148364286737,9.88070066630715,0.));
#9339=CARTESIAN_POINT('Ctrl Pts',(-1.21148364286737,9.88070066630715,0.2));
#9340=CARTESIAN_POINT('Ctrl Pts',(-1.25126527452836,9.85376234391708,0.));
#9341=CARTESIAN_POINT('Ctrl Pts',(-1.25126527452836,9.85376234391708,0.2));
#9342=CARTESIAN_POINT('Ctrl Pts',(-1.2992642784494,9.85055431546692,0.));
#9343=CARTESIAN_POINT('Ctrl Pts',(-1.2992642784494,9.85055431546692,0.2));
#9344=CARTESIAN_POINT('Ctrl Pts',(-1.32394242312568,9.84890494394353,0.));
#9345=CARTESIAN_POINT('Ctrl Pts',(-1.32394242312568,9.84890494394353,0.2));
#9346=CARTESIAN_POINT('',(-1.19215528692859,9.89378895509294,0.2));
#9347=CARTESIAN_POINT('Ctrl Pts',(-1.19215528692859,9.89378895509294,0.2));
#9348=CARTESIAN_POINT('Ctrl Pts',(-1.21148364286737,9.88070066630715,0.2));
#9349=CARTESIAN_POINT('Ctrl Pts',(-1.25126527452836,9.85376234391708,0.2));
#9350=CARTESIAN_POINT('Ctrl Pts',(-1.2992642784494,9.85055431546692,0.2));
#9351=CARTESIAN_POINT('Ctrl Pts',(-1.32394242312568,9.84890494394353,0.2));
#9352=CARTESIAN_POINT('',(-1.19215528692859,9.89378895509294,0.));
#9353=CARTESIAN_POINT('Ctrl Pts',(-1.11909936394351,10.0270086144214,0.));
#9354=CARTESIAN_POINT('Ctrl Pts',(-1.11909936394351,10.0270086144214,0.2));
#9355=CARTESIAN_POINT('Ctrl Pts',(-1.12622904490402,9.99997741156467,0.));
#9356=CARTESIAN_POINT('Ctrl Pts',(-1.12622904490402,9.99997741156467,0.2));
#9357=CARTESIAN_POINT('Ctrl Pts',(-1.13957731564719,9.94936928249921,0.));
#9358=CARTESIAN_POINT('Ctrl Pts',(-1.13957731564719,9.94936928249921,0.2));
#9359=CARTESIAN_POINT('Ctrl Pts',(-1.17544535870215,9.91145306915299,0.));
#9360=CARTESIAN_POINT('Ctrl Pts',(-1.17544535870215,9.91145306915299,0.2));
#9361=CARTESIAN_POINT('Ctrl Pts',(-1.19215528692859,9.89378895509294,0.));
#9362=CARTESIAN_POINT('Ctrl Pts',(-1.19215528692859,9.89378895509294,0.2));
#9363=CARTESIAN_POINT('Ctrl Pts',(-1.11909936394351,10.0270086144214,0.2));
#9364=CARTESIAN_POINT('Ctrl Pts',(-1.12622904490402,9.99997741156467,0.2));
#9365=CARTESIAN_POINT('Ctrl Pts',(-1.13957731564719,9.94936928249921,0.2));
#9366=CARTESIAN_POINT('Ctrl Pts',(-1.17544535870215,9.91145306915299,0.2));
#9367=CARTESIAN_POINT('Ctrl Pts',(-1.19215528692859,9.89378895509294,0.2));
#9368=CARTESIAN_POINT('Origin',(-1.33110470976373,10.1315788914566,0.2));
#9369=CARTESIAN_POINT('Origin',(-3.10961777876639,9.8641845946317,0.));
#9370=CARTESIAN_POINT('',(-3.25907195519232,9.8641845946317,0.));
#9371=CARTESIAN_POINT('',(-3.10961777876639,9.8641845946317,0.));
#9372=CARTESIAN_POINT('',(-1.55480888938319,9.8641845946317,0.));
#9373=CARTESIAN_POINT('',(-3.25907195519232,9.8641845946317,0.2));
#9374=CARTESIAN_POINT('',(-3.25907195519232,9.8641845946317,0.));
#9375=CARTESIAN_POINT('',(-3.10961777876639,9.8641845946317,0.2));
#9376=CARTESIAN_POINT('',(-3.25907195519232,9.8641845946317,0.2));
#9377=CARTESIAN_POINT('',(-3.10961777876639,9.8641845946317,0.));
#9378=CARTESIAN_POINT('Ctrl Pts',(-3.00098876069807,9.8770768557792,0.));
#9379=CARTESIAN_POINT('Ctrl Pts',(-3.00098876069807,9.8770768557792,0.2));
#9380=CARTESIAN_POINT('Ctrl Pts',(-3.01653962834399,9.87333216020148,0.));
#9381=CARTESIAN_POINT('Ctrl Pts',(-3.01653962834399,9.87333216020148,0.2));
#9382=CARTESIAN_POINT('Ctrl Pts',(-3.05219804646672,9.86474550615149,0.));
#9383=CARTESIAN_POINT('Ctrl Pts',(-3.05219804646672,9.86474550615149,0.2));
#9384=CARTESIAN_POINT('Ctrl Pts',(-3.08891393026209,9.86438684265107,0.));
#9385=CARTESIAN_POINT('Ctrl Pts',(-3.08891393026209,9.86438684265107,0.2));
#9386=CARTESIAN_POINT('Ctrl Pts',(-3.10961777876639,9.8641845946317,0.));
#9387=CARTESIAN_POINT('Ctrl Pts',(-3.10961777876639,9.8641845946317,0.2));
#9388=CARTESIAN_POINT('',(-3.00098876069807,9.8770768557792,0.));
#9389=CARTESIAN_POINT('Ctrl Pts',(-3.10961777876639,9.8641845946317,0.));
#9390=CARTESIAN_POINT('Ctrl Pts',(-3.08891393026209,9.86438684265107,0.));
#9391=CARTESIAN_POINT('Ctrl Pts',(-3.05219804646672,9.86474550615149,0.));
#9392=CARTESIAN_POINT('Ctrl Pts',(-3.01653962834399,9.87333216020148,0.));
#9393=CARTESIAN_POINT('Ctrl Pts',(-3.00098876069807,9.8770768557792,0.));
#9394=CARTESIAN_POINT('',(-3.00098876069807,9.8770768557792,0.2));
#9395=CARTESIAN_POINT('Ctrl Pts',(-3.00098876069807,9.8770768557792,0.2));
#9396=CARTESIAN_POINT('Ctrl Pts',(-3.01653962834399,9.87333216020148,0.2));
#9397=CARTESIAN_POINT('Ctrl Pts',(-3.05219804646672,9.86474550615149,0.2));
#9398=CARTESIAN_POINT('Ctrl Pts',(-3.08891393026209,9.86438684265107,0.2));
#9399=CARTESIAN_POINT('Ctrl Pts',(-3.10961777876639,9.8641845946317,0.2));
#9400=CARTESIAN_POINT('',(-3.00098876069807,9.8770768557792,0.));
#9401=CARTESIAN_POINT('Ctrl Pts',(-2.93819884370589,9.91336610066941,0.));
#9402=CARTESIAN_POINT('Ctrl Pts',(-2.93819884370589,9.91336610066941,0.2));
#9403=CARTESIAN_POINT('Ctrl Pts',(-2.94700987398521,9.90589590633037,0.));
#9404=CARTESIAN_POINT('Ctrl Pts',(-2.94700987398521,9.90589590633037,0.2));
#9405=CARTESIAN_POINT('Ctrl Pts',(-2.96572544930772,9.890028410658,0.));
#9406=CARTESIAN_POINT('Ctrl Pts',(-2.96572544930772,9.890028410658,0.2));
#9407=CARTESIAN_POINT('Ctrl Pts',(-2.98878521118203,9.88155899132012,0.));
#9408=CARTESIAN_POINT('Ctrl Pts',(-2.98878521118203,9.88155899132012,0.2));
#9409=CARTESIAN_POINT('Ctrl Pts',(-3.00098876069807,9.8770768557792,0.));
#9410=CARTESIAN_POINT('Ctrl Pts',(-3.00098876069807,9.8770768557792,0.2));
#9411=CARTESIAN_POINT('',(-2.93819884370589,9.91336610066941,0.));
#9412=CARTESIAN_POINT('Ctrl Pts',(-3.00098876069807,9.8770768557792,0.));
#9413=CARTESIAN_POINT('Ctrl Pts',(-2.98878521118203,9.88155899132012,0.));
#9414=CARTESIAN_POINT('Ctrl Pts',(-2.96572544930772,9.890028410658,0.));
#9415=CARTESIAN_POINT('Ctrl Pts',(-2.94700987398521,9.90589590633037,0.));
#9416=CARTESIAN_POINT('Ctrl Pts',(-2.93819884370589,9.91336610066941,0.));
#9417=CARTESIAN_POINT('',(-2.93819884370589,9.91336610066941,0.2));
#9418=CARTESIAN_POINT('Ctrl Pts',(-2.93819884370589,9.91336610066941,0.2));
#9419=CARTESIAN_POINT('Ctrl Pts',(-2.94700987398521,9.90589590633037,0.2));
#9420=CARTESIAN_POINT('Ctrl Pts',(-2.96572544930772,9.890028410658,0.2));
#9421=CARTESIAN_POINT('Ctrl Pts',(-2.98878521118203,9.88155899132012,0.2));
#9422=CARTESIAN_POINT('Ctrl Pts',(-3.00098876069807,9.8770768557792,0.2));
#9423=CARTESIAN_POINT('',(-2.93819884370589,9.91336610066941,0.));
#9424=CARTESIAN_POINT('Ctrl Pts',(-2.88686866472983,10.001940390945,0.));
#9425=CARTESIAN_POINT('Ctrl Pts',(-2.88686866472983,10.001940390945,0.2));
#9426=CARTESIAN_POINT('Ctrl Pts',(-2.89324069113778,9.98471710672375,0.));
#9427=CARTESIAN_POINT('Ctrl Pts',(-2.89324069113778,9.98471710672375,0.2));
#9428=CARTESIAN_POINT('Ctrl Pts',(-2.90527061452796,9.95220079614317,0.));
#9429=CARTESIAN_POINT('Ctrl Pts',(-2.90527061452796,9.95220079614317,0.2));
#9430=CARTESIAN_POINT('Ctrl Pts',(-2.9276659162692,9.92578836082925,0.));
#9431=CARTESIAN_POINT('Ctrl Pts',(-2.9276659162692,9.92578836082925,0.2));
#9432=CARTESIAN_POINT('Ctrl Pts',(-2.93819884370589,9.91336610066941,0.));
#9433=CARTESIAN_POINT('Ctrl Pts',(-2.93819884370589,9.91336610066941,0.2));
#9434=CARTESIAN_POINT('',(-2.88686866472983,10.001940390945,0.));
#9435=CARTESIAN_POINT('Ctrl Pts',(-2.93819884370589,9.91336610066941,0.));
#9436=CARTESIAN_POINT('Ctrl Pts',(-2.9276659162692,9.92578836082925,0.));
#9437=CARTESIAN_POINT('Ctrl Pts',(-2.90527061452796,9.95220079614317,0.));
#9438=CARTESIAN_POINT('Ctrl Pts',(-2.89324069113778,9.98471710672375,0.));
#9439=CARTESIAN_POINT('Ctrl Pts',(-2.88686866472983,10.001940390945,0.));
#9440=CARTESIAN_POINT('',(-2.88686866472983,10.001940390945,0.2));
#9441=CARTESIAN_POINT('Ctrl Pts',(-2.88686866472983,10.001940390945,0.2));
#9442=CARTESIAN_POINT('Ctrl Pts',(-2.89324069113778,9.98471710672375,0.2));
#9443=CARTESIAN_POINT('Ctrl Pts',(-2.90527061452796,9.95220079614317,0.2));
#9444=CARTESIAN_POINT('Ctrl Pts',(-2.9276659162692,9.92578836082925,0.2));
#9445=CARTESIAN_POINT('Ctrl Pts',(-2.93819884370589,9.91336610066941,0.2));
#9446=CARTESIAN_POINT('',(-2.88686866472983,10.001940390945,0.));
#9447=CARTESIAN_POINT('Ctrl Pts',(-2.8684854001882,10.1368312900071,0.));
#9448=CARTESIAN_POINT('Ctrl Pts',(-2.8684854001882,10.1368312900071,0.2));
#9449=CARTESIAN_POINT('Ctrl Pts',(-2.86898816410966,10.1122332262479,0.));
#9450=CARTESIAN_POINT('Ctrl Pts',(-2.86898816410966,10.1122332262479,0.2));
#9451=CARTESIAN_POINT('Ctrl Pts',(-2.86992230412893,10.0665297961227,0.));
#9452=CARTESIAN_POINT('Ctrl Pts',(-2.86992230412893,10.0665297961227,0.2));
#9453=CARTESIAN_POINT('Ctrl Pts',(-2.88151519081866,10.0223446360629,0.));
#9454=CARTESIAN_POINT('Ctrl Pts',(-2.88151519081866,10.0223446360629,0.2));
#9455=CARTESIAN_POINT('Ctrl Pts',(-2.88686866472983,10.001940390945,0.));
#9456=CARTESIAN_POINT('Ctrl Pts',(-2.88686866472983,10.001940390945,0.2));
#9457=CARTESIAN_POINT('',(-2.8684854001882,10.1368312900071,0.));
#9458=CARTESIAN_POINT('Ctrl Pts',(-2.88686866472983,10.001940390945,0.));
#9459=CARTESIAN_POINT('Ctrl Pts',(-2.88151519081866,10.0223446360629,0.));
#9460=CARTESIAN_POINT('Ctrl Pts',(-2.86992230412893,10.0665297961227,0.));
#9461=CARTESIAN_POINT('Ctrl Pts',(-2.86898816410966,10.1122332262479,0.));
#9462=CARTESIAN_POINT('Ctrl Pts',(-2.8684854001882,10.1368312900071,0.));
#9463=CARTESIAN_POINT('',(-2.8684854001882,10.1368312900071,0.2));
#9464=CARTESIAN_POINT('Ctrl Pts',(-2.8684854001882,10.1368312900071,0.2));
#9465=CARTESIAN_POINT('Ctrl Pts',(-2.86898816410966,10.1122332262479,0.2));
#9466=CARTESIAN_POINT('Ctrl Pts',(-2.86992230412893,10.0665297961227,0.2));
#9467=CARTESIAN_POINT('Ctrl Pts',(-2.88151519081866,10.0223446360629,0.2));
#9468=CARTESIAN_POINT('Ctrl Pts',(-2.88686866472983,10.001940390945,0.2));
#9469=CARTESIAN_POINT('',(-2.8684854001882,10.1368312900071,0.));
#9470=CARTESIAN_POINT('Ctrl Pts',(-2.90453577946448,10.3056239326601,0.));
#9471=CARTESIAN_POINT('Ctrl Pts',(-2.90453577946448,10.3056239326601,0.2));
#9472=CARTESIAN_POINT('Ctrl Pts',(-2.89405973673989,10.28206697645,0.));
#9473=CARTESIAN_POINT('Ctrl Pts',(-2.89405973673989,10.28206697645,0.2));
#9474=CARTESIAN_POINT('Ctrl Pts',(-2.87024786652205,10.2285224082624,0.));
#9475=CARTESIAN_POINT('Ctrl Pts',(-2.87024786652205,10.2285224082624,0.2));
#9476=CARTESIAN_POINT('Ctrl Pts',(-2.86911811630358,10.1697479177138,0.));
#9477=CARTESIAN_POINT('Ctrl Pts',(-2.86911811630358,10.1697479177138,0.2));
#9478=CARTESIAN_POINT('Ctrl Pts',(-2.8684854001882,10.1368312900071,0.));
#9479=CARTESIAN_POINT('Ctrl Pts',(-2.8684854001882,10.1368312900071,0.2));
#9480=CARTESIAN_POINT('',(-2.90453577946448,10.3056239326601,0.));
#9481=CARTESIAN_POINT('Ctrl Pts',(-2.8684854001882,10.1368312900071,0.));
#9482=CARTESIAN_POINT('Ctrl Pts',(-2.86911811630358,10.1697479177138,0.));
#9483=CARTESIAN_POINT('Ctrl Pts',(-2.87024786652205,10.2285224082624,0.));
#9484=CARTESIAN_POINT('Ctrl Pts',(-2.89405973673989,10.28206697645,0.));
#9485=CARTESIAN_POINT('Ctrl Pts',(-2.90453577946448,10.3056239326601,0.));
#9486=CARTESIAN_POINT('',(-2.90453577946448,10.3056239326601,0.2));
#9487=CARTESIAN_POINT('Ctrl Pts',(-2.90453577946448,10.3056239326601,0.2));
#9488=CARTESIAN_POINT('Ctrl Pts',(-2.89405973673989,10.28206697645,0.2));
#9489=CARTESIAN_POINT('Ctrl Pts',(-2.87024786652205,10.2285224082624,0.2));
#9490=CARTESIAN_POINT('Ctrl Pts',(-2.86911811630358,10.1697479177138,0.2));
#9491=CARTESIAN_POINT('Ctrl Pts',(-2.8684854001882,10.1368312900071,0.2));
#9492=CARTESIAN_POINT('',(-2.90453577946448,10.3056239326601,0.));
#9493=CARTESIAN_POINT('Ctrl Pts',(-2.99215520333075,10.3846484785085,0.));
#9494=CARTESIAN_POINT('Ctrl Pts',(-2.99215520333075,10.3846484785085,0.2));
#9495=CARTESIAN_POINT('Ctrl Pts',(-2.97529714939698,10.3758086260706,0.));
#9496=CARTESIAN_POINT('Ctrl Pts',(-2.97529714939698,10.3758086260706,0.2));
#9497=CARTESIAN_POINT('Ctrl Pts',(-2.93943100481669,10.3570015071202,0.));
#9498=CARTESIAN_POINT('Ctrl Pts',(-2.93943100481669,10.3570015071202,0.2));
#9499=CARTESIAN_POINT('Ctrl Pts',(-2.91662326649521,10.323420801965,0.));
#9500=CARTESIAN_POINT('Ctrl Pts',(-2.91662326649521,10.323420801965,0.2));
#9501=CARTESIAN_POINT('Ctrl Pts',(-2.90453577946448,10.3056239326601,0.));
#9502=CARTESIAN_POINT('Ctrl Pts',(-2.90453577946448,10.3056239326601,0.2));
#9503=CARTESIAN_POINT('',(-2.99215520333075,10.3846484785085,0.));
#9504=CARTESIAN_POINT('Ctrl Pts',(-2.90453577946448,10.3056239326601,0.));
#9505=CARTESIAN_POINT('Ctrl Pts',(-2.91662326649521,10.323420801965,0.));
#9506=CARTESIAN_POINT('Ctrl Pts',(-2.93943100481669,10.3570015071202,0.));
#9507=CARTESIAN_POINT('Ctrl Pts',(-2.97529714939698,10.3758086260706,0.));
#9508=CARTESIAN_POINT('Ctrl Pts',(-2.99215520333075,10.3846484785085,0.));
#9509=CARTESIAN_POINT('',(-2.99215520333075,10.3846484785085,0.2));
#9510=CARTESIAN_POINT('Ctrl Pts',(-2.99215520333075,10.3846484785085,0.2));
#9511=CARTESIAN_POINT('Ctrl Pts',(-2.97529714939698,10.3758086260706,0.2));
#9512=CARTESIAN_POINT('Ctrl Pts',(-2.93943100481669,10.3570015071202,0.2));
#9513=CARTESIAN_POINT('Ctrl Pts',(-2.91662326649521,10.323420801965,0.2));
#9514=CARTESIAN_POINT('Ctrl Pts',(-2.90453577946448,10.3056239326601,0.2));
#9515=CARTESIAN_POINT('',(-2.99215520333075,10.3846484785085,0.));
#9516=CARTESIAN_POINT('Ctrl Pts',(-3.11200509380125,10.3989731510287,0.));
#9517=CARTESIAN_POINT('Ctrl Pts',(-3.11200509380125,10.3989731510287,0.2));
#9518=CARTESIAN_POINT('Ctrl Pts',(-3.08809357125153,10.3989406075935,0.));
#9519=CARTESIAN_POINT('Ctrl Pts',(-3.08809357125153,10.3989406075935,0.2));
#9520=CARTESIAN_POINT('Ctrl Pts',(-3.04750775399467,10.3988853705459,0.));
#9521=CARTESIAN_POINT('Ctrl Pts',(-3.04750775399467,10.3988853705459,0.2));
#9522=CARTESIAN_POINT('Ctrl Pts',(-3.00827401118676,10.3887942987908,0.));
#9523=CARTESIAN_POINT('Ctrl Pts',(-3.00827401118676,10.3887942987908,0.2));
#9524=CARTESIAN_POINT('Ctrl Pts',(-2.99215520333075,10.3846484785085,0.));
#9525=CARTESIAN_POINT('Ctrl Pts',(-2.99215520333075,10.3846484785085,0.2));
#9526=CARTESIAN_POINT('',(-3.11200509380125,10.3989731510287,0.));
#9527=CARTESIAN_POINT('Ctrl Pts',(-2.99215520333075,10.3846484785085,0.));
#9528=CARTESIAN_POINT('Ctrl Pts',(-3.00827401118676,10.3887942987908,0.));
#9529=CARTESIAN_POINT('Ctrl Pts',(-3.04750775399467,10.3988853705459,0.));
#9530=CARTESIAN_POINT('Ctrl Pts',(-3.08809357125153,10.3989406075935,0.));
#9531=CARTESIAN_POINT('Ctrl Pts',(-3.11200509380125,10.3989731510287,0.));
#9532=CARTESIAN_POINT('',(-3.11200509380125,10.3989731510287,0.2));
#9533=CARTESIAN_POINT('Ctrl Pts',(-3.11200509380125,10.3989731510287,0.2));
#9534=CARTESIAN_POINT('Ctrl Pts',(-3.08809357125153,10.3989406075935,0.2));
#9535=CARTESIAN_POINT('Ctrl Pts',(-3.04750775399467,10.3988853705459,0.2));
#9536=CARTESIAN_POINT('Ctrl Pts',(-3.00827401118676,10.3887942987908,0.2));
#9537=CARTESIAN_POINT('Ctrl Pts',(-2.99215520333075,10.3846484785085,0.2));
#9538=CARTESIAN_POINT('',(-3.11200509380125,10.3989731510287,0.));
#9539=CARTESIAN_POINT('Origin',(-3.25907195519232,10.3989731510287,0.));
#9540=CARTESIAN_POINT('',(-3.25907195519232,10.3989731510287,0.));
#9541=CARTESIAN_POINT('',(-1.62953597759616,10.3989731510287,0.));
#9542=CARTESIAN_POINT('',(-3.25907195519232,10.3989731510287,0.2));
#9543=CARTESIAN_POINT('',(-3.11200509380125,10.3989731510287,0.2));
#9544=CARTESIAN_POINT('',(-3.25907195519232,10.3989731510287,0.));
#9545=CARTESIAN_POINT('Origin',(-3.25907195519232,9.8641845946317,0.));
#9546=CARTESIAN_POINT('',(-3.25907195519232,4.93209229731585,0.));
#9547=CARTESIAN_POINT('',(-3.25907195519232,10.3989731510287,0.2));
#9548=CARTESIAN_POINT('Origin',(-3.35170502375388,10.4815788929468,0.));
#9549=CARTESIAN_POINT('',(-3.35170502375388,9.78157888996652,0.2));
#9550=CARTESIAN_POINT('',(-3.35170502375388,9.78157888996652,0.));
#9551=CARTESIAN_POINT('',(-3.35170502375388,10.4815788929468,0.2));
#9552=CARTESIAN_POINT('',(-3.35170502375388,9.78157888996652,0.2));
#9553=CARTESIAN_POINT('',(-3.35170502375388,10.4815788929468,0.));
#9554=CARTESIAN_POINT('Origin',(-3.11057264517569,10.4815788929468,0.));
#9555=CARTESIAN_POINT('',(-3.11057264517569,10.4815788929468,0.2));
#9556=CARTESIAN_POINT('',(-3.35170502375388,10.4815788929468,0.2));
#9557=CARTESIAN_POINT('',(-3.11057264517569,10.4815788929468,0.));
#9558=CARTESIAN_POINT('Ctrl Pts',(-2.98594782661223,10.4715516035562,0.));
#9559=CARTESIAN_POINT('Ctrl Pts',(-2.98594782661223,10.4715516035562,0.2));
#9560=CARTESIAN_POINT('Ctrl Pts',(-3.00346002980994,10.4744597715596,0.));
#9561=CARTESIAN_POINT('Ctrl Pts',(-3.00346002980994,10.4744597715596,0.2));
#9562=CARTESIAN_POINT('Ctrl Pts',(-3.04469117806146,10.4813068315631,0.));
#9563=CARTESIAN_POINT('Ctrl Pts',(-3.04469117806146,10.4813068315631,0.2));
#9564=CARTESIAN_POINT('Ctrl Pts',(-3.0865135742949,10.481479539602,0.));
#9565=CARTESIAN_POINT('Ctrl Pts',(-3.0865135742949,10.481479539602,0.2));
#9566=CARTESIAN_POINT('Ctrl Pts',(-3.11057264517569,10.4815788929468,0.));
#9567=CARTESIAN_POINT('Ctrl Pts',(-3.11057264517569,10.4815788929468,0.2));
#9568=CARTESIAN_POINT('',(-2.98594782661223,10.4715516035562,0.2));
#9569=CARTESIAN_POINT('Ctrl Pts',(-2.98594782661223,10.4715516035562,0.2));
#9570=CARTESIAN_POINT('Ctrl Pts',(-3.00346002980994,10.4744597715596,0.2));
#9571=CARTESIAN_POINT('Ctrl Pts',(-3.04469117806146,10.4813068315631,0.2));
#9572=CARTESIAN_POINT('Ctrl Pts',(-3.0865135742949,10.481479539602,0.2));
#9573=CARTESIAN_POINT('Ctrl Pts',(-3.11057264517569,10.4815788929468,0.2));
#9574=CARTESIAN_POINT('',(-2.98594782661223,10.4715516035562,0.));
#9575=CARTESIAN_POINT('Ctrl Pts',(-2.88328761767172,10.4214151566034,0.));
#9576=CARTESIAN_POINT('Ctrl Pts',(-2.88328761767172,10.4214151566034,0.2));
#9577=CARTESIAN_POINT('Ctrl Pts',(-2.89843761262648,10.4326321922459,0.));
#9578=CARTESIAN_POINT('Ctrl Pts',(-2.89843761262648,10.4326321922459,0.2));
#9579=CARTESIAN_POINT('Ctrl Pts',(-2.92954602311227,10.4556648170251,0.));
#9580=CARTESIAN_POINT('Ctrl Pts',(-2.92954602311227,10.4556648170251,0.2));
#9581=CARTESIAN_POINT('Ctrl Pts',(-2.96682430601132,10.4661650508104,0.));
#9582=CARTESIAN_POINT('Ctrl Pts',(-2.96682430601132,10.4661650508104,0.2));
#9583=CARTESIAN_POINT('Ctrl Pts',(-2.98594782661223,10.4715516035562,0.));
#9584=CARTESIAN_POINT('Ctrl Pts',(-2.98594782661223,10.4715516035562,0.2));
#9585=CARTESIAN_POINT('',(-2.88328761767172,10.4214151566034,0.2));
#9586=CARTESIAN_POINT('Ctrl Pts',(-2.88328761767172,10.4214151566034,0.2));
#9587=CARTESIAN_POINT('Ctrl Pts',(-2.89843761262648,10.4326321922459,0.2));
#9588=CARTESIAN_POINT('Ctrl Pts',(-2.92954602311227,10.4556648170251,0.2));
#9589=CARTESIAN_POINT('Ctrl Pts',(-2.96682430601132,10.4661650508104,0.2));
#9590=CARTESIAN_POINT('Ctrl Pts',(-2.98594782661223,10.4715516035562,0.2));
#9591=CARTESIAN_POINT('',(-2.88328761767172,10.4214151566034,0.));
#9592=CARTESIAN_POINT('Ctrl Pts',(-2.80044312189841,10.3018039827352,0.));
#9593=CARTESIAN_POINT('Ctrl Pts',(-2.80044312189841,10.3018039827352,0.2));
#9594=CARTESIAN_POINT('Ctrl Pts',(-2.81058201684661,10.3248411999475,0.));
#9595=CARTESIAN_POINT('Ctrl Pts',(-2.81058201684661,10.3248411999475,0.2));
#9596=CARTESIAN_POINT('Ctrl Pts',(-2.83049054380616,10.3700766089626,0.));
#9597=CARTESIAN_POINT('Ctrl Pts',(-2.83049054380616,10.3700766089626,0.2));
#9598=CARTESIAN_POINT('Ctrl Pts',(-2.86590756443296,10.4045152296591,0.));
#9599=CARTESIAN_POINT('Ctrl Pts',(-2.86590756443296,10.4045152296591,0.2));
#9600=CARTESIAN_POINT('Ctrl Pts',(-2.88328761767172,10.4214151566034,0.));
#9601=CARTESIAN_POINT('Ctrl Pts',(-2.88328761767172,10.4214151566034,0.2));
#9602=CARTESIAN_POINT('',(-2.80044312189841,10.3018039827352,0.2));
#9603=CARTESIAN_POINT('Ctrl Pts',(-2.80044312189841,10.3018039827352,0.2));
#9604=CARTESIAN_POINT('Ctrl Pts',(-2.81058201684661,10.3248411999475,0.2));
#9605=CARTESIAN_POINT('Ctrl Pts',(-2.83049054380616,10.3700766089626,0.2));
#9606=CARTESIAN_POINT('Ctrl Pts',(-2.86590756443296,10.4045152296591,0.2));
#9607=CARTESIAN_POINT('Ctrl Pts',(-2.88328761767172,10.4214151566034,0.2));
#9608=CARTESIAN_POINT('',(-2.80044312189841,10.3018039827352,0.));
#9609=CARTESIAN_POINT('Ctrl Pts',(-2.77298743437552,10.1353988041287,0.));
#9610=CARTESIAN_POINT('Ctrl Pts',(-2.77298743437552,10.1353988041287,0.2));
#9611=CARTESIAN_POINT('Ctrl Pts',(-2.77389973182326,10.1650969023173,0.));
#9612=CARTESIAN_POINT('Ctrl Pts',(-2.77389973182326,10.1650969023173,0.2));
#9613=CARTESIAN_POINT('Ctrl Pts',(-2.77564222053139,10.2218202888342,0.));
#9614=CARTESIAN_POINT('Ctrl Pts',(-2.77564222053139,10.2218202888342,0.2));
#9615=CARTESIAN_POINT('Ctrl Pts',(-2.79243999215951,10.2759936353687,0.));
#9616=CARTESIAN_POINT('Ctrl Pts',(-2.79243999215951,10.2759936353687,0.2));
#9617=CARTESIAN_POINT('Ctrl Pts',(-2.80044312189841,10.3018039827352,0.));
#9618=CARTESIAN_POINT('Ctrl Pts',(-2.80044312189841,10.3018039827352,0.2));
#9619=CARTESIAN_POINT('',(-2.77298743437552,10.1353988041287,0.2));
#9620=CARTESIAN_POINT('Ctrl Pts',(-2.77298743437552,10.1353988041287,0.2));
#9621=CARTESIAN_POINT('Ctrl Pts',(-2.77389973182326,10.1650969023173,0.2));
#9622=CARTESIAN_POINT('Ctrl Pts',(-2.77564222053139,10.2218202888342,0.2));
#9623=CARTESIAN_POINT('Ctrl Pts',(-2.79243999215951,10.2759936353687,0.2));
#9624=CARTESIAN_POINT('Ctrl Pts',(-2.80044312189841,10.3018039827352,0.2));
#9625=CARTESIAN_POINT('',(-2.77298743437552,10.1353988041287,0.));
#9626=CARTESIAN_POINT('Ctrl Pts',(-2.79160956453108,9.99406184899858,0.));
#9627=CARTESIAN_POINT('Ctrl Pts',(-2.79160956453108,9.99406184899858,0.2));
#9628=CARTESIAN_POINT('Ctrl Pts',(-2.78618246339957,10.0160011714669,0.));
#9629=CARTESIAN_POINT('Ctrl Pts',(-2.78618246339957,10.0160011714669,0.2));
#9630=CARTESIAN_POINT('Ctrl Pts',(-2.77470538205826,10.0623978356235,0.));
#9631=CARTESIAN_POINT('Ctrl Pts',(-2.77470538205826,10.0623978356235,0.2));
#9632=CARTESIAN_POINT('Ctrl Pts',(-2.77358043448862,10.1102003752041,0.));
#9633=CARTESIAN_POINT('Ctrl Pts',(-2.77358043448862,10.1102003752041,0.2));
#9634=CARTESIAN_POINT('Ctrl Pts',(-2.77298743437552,10.1353988041287,0.));
#9635=CARTESIAN_POINT('Ctrl Pts',(-2.77298743437552,10.1353988041287,0.2));
#9636=CARTESIAN_POINT('',(-2.79160956453108,9.99406184899858,0.2));
#9637=CARTESIAN_POINT('Ctrl Pts',(-2.79160956453108,9.99406184899858,0.2));
#9638=CARTESIAN_POINT('Ctrl Pts',(-2.78618246339957,10.0160011714669,0.2));
#9639=CARTESIAN_POINT('Ctrl Pts',(-2.77470538205826,10.0623978356235,0.2));
#9640=CARTESIAN_POINT('Ctrl Pts',(-2.77358043448862,10.1102003752041,0.2));
#9641=CARTESIAN_POINT('Ctrl Pts',(-2.77298743437552,10.1353988041287,0.2));
#9642=CARTESIAN_POINT('',(-2.79160956453108,9.99406184899858,0.));
#9643=CARTESIAN_POINT('Ctrl Pts',(-2.83935854743742,9.89211778986505,0.));
#9644=CARTESIAN_POINT('Ctrl Pts',(-2.83935854743742,9.89211778986505,0.2));
#9645=CARTESIAN_POINT('Ctrl Pts',(-2.82991312838176,9.90704716790197,0.));
#9646=CARTESIAN_POINT('Ctrl Pts',(-2.82991312838176,9.90704716790197,0.2));
#9647=CARTESIAN_POINT('Ctrl Pts',(-2.8097040261753,9.93898956504169,0.));
#9648=CARTESIAN_POINT('Ctrl Pts',(-2.8097040261753,9.93898956504169,0.2));
#9649=CARTESIAN_POINT('Ctrl Pts',(-2.79789776398347,9.97492309192313,0.));
#9650=CARTESIAN_POINT('Ctrl Pts',(-2.79789776398347,9.97492309192313,0.2));
#9651=CARTESIAN_POINT('Ctrl Pts',(-2.79160956453108,9.99406184899858,0.));
#9652=CARTESIAN_POINT('Ctrl Pts',(-2.79160956453108,9.99406184899858,0.2));
#9653=CARTESIAN_POINT('',(-2.83935854743742,9.89211778986505,0.2));
#9654=CARTESIAN_POINT('Ctrl Pts',(-2.83935854743742,9.89211778986505,0.2));
#9655=CARTESIAN_POINT('Ctrl Pts',(-2.82991312838176,9.90704716790197,0.2));
#9656=CARTESIAN_POINT('Ctrl Pts',(-2.8097040261753,9.93898956504169,0.2));
#9657=CARTESIAN_POINT('Ctrl Pts',(-2.79789776398347,9.97492309192313,0.2));
#9658=CARTESIAN_POINT('Ctrl Pts',(-2.79160956453108,9.99406184899858,0.2));
#9659=CARTESIAN_POINT('',(-2.83935854743742,9.89211778986505,0.));
#9660=CARTESIAN_POINT('Ctrl Pts',(-2.90310333083891,9.82861164856008,0.));
#9661=CARTESIAN_POINT('Ctrl Pts',(-2.90310333083891,9.82861164856008,0.2));
#9662=CARTESIAN_POINT('Ctrl Pts',(-2.89159235304711,9.83732913441456,0.));
#9663=CARTESIAN_POINT('Ctrl Pts',(-2.89159235304711,9.83732913441456,0.2));
#9664=CARTESIAN_POINT('Ctrl Pts',(-2.86747454028929,9.85559401993168,0.));
#9665=CARTESIAN_POINT('Ctrl Pts',(-2.86747454028929,9.85559401993168,0.2));
#9666=CARTESIAN_POINT('Ctrl Pts',(-2.84901020385234,9.87957991221543,0.));
#9667=CARTESIAN_POINT('Ctrl Pts',(-2.84901020385234,9.87957991221543,0.2));
#9668=CARTESIAN_POINT('Ctrl Pts',(-2.83935854743742,9.89211778986505,0.));
#9669=CARTESIAN_POINT('Ctrl Pts',(-2.83935854743742,9.89211778986505,0.2));
#9670=CARTESIAN_POINT('',(-2.90310333083891,9.82861164856008,0.2));
#9671=CARTESIAN_POINT('Ctrl Pts',(-2.90310333083891,9.82861164856008,0.2));
#9672=CARTESIAN_POINT('Ctrl Pts',(-2.89159235304711,9.83732913441456,0.2));
#9673=CARTESIAN_POINT('Ctrl Pts',(-2.86747454028929,9.85559401993168,0.2));
#9674=CARTESIAN_POINT('Ctrl Pts',(-2.84901020385234,9.87957991221543,0.2));
#9675=CARTESIAN_POINT('Ctrl Pts',(-2.83935854743742,9.89211778986505,0.2));
#9676=CARTESIAN_POINT('',(-2.90310333083891,9.82861164856008,0.));
#9677=CARTESIAN_POINT('Ctrl Pts',(-2.98666412543082,9.7935161356931,0.));
#9678=CARTESIAN_POINT('Ctrl Pts',(-2.98666412543082,9.7935161356931,0.2));
#9679=CARTESIAN_POINT('Ctrl Pts',(-2.97125818355976,9.79775874086721,0.));
#9680=CARTESIAN_POINT('Ctrl Pts',(-2.97125818355976,9.79775874086721,0.2));
#9681=CARTESIAN_POINT('Ctrl Pts',(-2.94187198494333,9.80585133522729,0.));
#9682=CARTESIAN_POINT('Ctrl Pts',(-2.94187198494333,9.80585133522729,0.2));
#9683=CARTESIAN_POINT('Ctrl Pts',(-2.91560137186003,9.82127429480721,0.));
#9684=CARTESIAN_POINT('Ctrl Pts',(-2.91560137186003,9.82127429480721,0.2));
#9685=CARTESIAN_POINT('Ctrl Pts',(-2.90310333083891,9.82861164856008,0.));
#9686=CARTESIAN_POINT('Ctrl Pts',(-2.90310333083891,9.82861164856008,0.2));
#9687=CARTESIAN_POINT('',(-2.98666412543082,9.7935161356931,0.2));
#9688=CARTESIAN_POINT('Ctrl Pts',(-2.98666412543082,9.7935161356931,0.2));
#9689=CARTESIAN_POINT('Ctrl Pts',(-2.97125818355976,9.79775874086721,0.2));
#9690=CARTESIAN_POINT('Ctrl Pts',(-2.94187198494333,9.80585133522729,0.2));
#9691=CARTESIAN_POINT('Ctrl Pts',(-2.91560137186003,9.82127429480721,0.2));
#9692=CARTESIAN_POINT('Ctrl Pts',(-2.90310333083891,9.82861164856008,0.2));
#9693=CARTESIAN_POINT('',(-2.98666412543082,9.7935161356931,0.));
#9694=CARTESIAN_POINT('Ctrl Pts',(-3.09911290715956,9.78157888996652,0.));
#9695=CARTESIAN_POINT('Ctrl Pts',(-3.09911290715956,9.78157888996652,0.2));
#9696=CARTESIAN_POINT('Ctrl Pts',(-3.07908938410759,9.7819496247442,0.));
#9697=CARTESIAN_POINT('Ctrl Pts',(-3.07908938410759,9.7819496247442,0.2));
#9698=CARTESIAN_POINT('Ctrl Pts',(-3.04124693409636,9.78265027628566,0.));
#9699=CARTESIAN_POINT('Ctrl Pts',(-3.04124693409636,9.78265027628566,0.2));
#9700=CARTESIAN_POINT('Ctrl Pts',(-3.00413776934297,9.79003763829205,0.));
#9701=CARTESIAN_POINT('Ctrl Pts',(-3.00413776934297,9.79003763829205,0.2));
#9702=CARTESIAN_POINT('Ctrl Pts',(-2.98666412543082,9.7935161356931,0.));
#9703=CARTESIAN_POINT('Ctrl Pts',(-2.98666412543082,9.7935161356931,0.2));
#9704=CARTESIAN_POINT('',(-3.09911290715956,9.78157888996652,0.2));
#9705=CARTESIAN_POINT('Ctrl Pts',(-3.09911290715956,9.78157888996652,0.2));
#9706=CARTESIAN_POINT('Ctrl Pts',(-3.07908938410759,9.7819496247442,0.2));
#9707=CARTESIAN_POINT('Ctrl Pts',(-3.04124693409636,9.78265027628566,0.2));
#9708=CARTESIAN_POINT('Ctrl Pts',(-3.00413776934297,9.79003763829205,0.2));
#9709=CARTESIAN_POINT('Ctrl Pts',(-2.98666412543082,9.7935161356931,0.2));
#9710=CARTESIAN_POINT('',(-3.09911290715956,9.78157888996652,0.));
#9711=CARTESIAN_POINT('Origin',(-3.35170502375388,9.78157888996652,0.));
#9712=CARTESIAN_POINT('',(-3.09911290715956,9.78157888996652,0.2));
#9713=CARTESIAN_POINT('Origin',(-3.80746900636279,10.1315788914566,0.2));
#9714=CARTESIAN_POINT('Origin',(0.,0.,0.));
#9715=CARTESIAN_POINT('Origin',(-4.05886734436774,10.4815788929468,0.));
#9716=CARTESIAN_POINT('',(-4.05886734436774,9.78157888996652,0.2));
#9717=CARTESIAN_POINT('',(-4.05886734436774,9.78157888996652,0.));
#9718=CARTESIAN_POINT('',(-4.05886734436774,10.4815788929468,0.2));
#9719=CARTESIAN_POINT('',(-4.05886734436774,9.78157888996652,0.2));
#9720=CARTESIAN_POINT('',(-4.05886734436774,10.4815788929468,0.));
#9721=CARTESIAN_POINT('Origin',(-3.96384688626551,10.4815788929468,0.));
#9722=CARTESIAN_POINT('',(-3.96384688626551,10.4815788929468,0.2));
#9723=CARTESIAN_POINT('',(-4.05886734436774,10.4815788929468,0.2));
#9724=CARTESIAN_POINT('',(-3.96384688626551,10.4815788929468,0.));
#9725=CARTESIAN_POINT('Origin',(-3.59617973278784,9.93198815631917,0.));
#9726=CARTESIAN_POINT('',(-3.59617973278784,9.93198815631917,0.2));
#9727=CARTESIAN_POINT('',(-3.96384688626551,10.4815788929468,0.2));
#9728=CARTESIAN_POINT('',(-3.59617973278784,9.93198815631917,0.));
#9729=CARTESIAN_POINT('Origin',(-3.59617973278784,10.4815788929468,0.));
#9730=CARTESIAN_POINT('',(-3.59617973278784,10.4815788929468,0.2));
#9731=CARTESIAN_POINT('',(-3.59617973278784,9.93198815631917,0.2));
#9732=CARTESIAN_POINT('',(-3.59617973278784,10.4815788929468,0.));
#9733=CARTESIAN_POINT('Origin',(-3.50736672590994,10.4815788929468,0.));
#9734=CARTESIAN_POINT('',(-3.50736672590994,10.4815788929468,0.2));
#9735=CARTESIAN_POINT('',(-3.59617973278784,10.4815788929468,0.2));
#9736=CARTESIAN_POINT('',(-3.50736672590994,10.4815788929468,0.));
#9737=CARTESIAN_POINT('Origin',(-3.50736672590994,9.78157888996652,0.));
#9738=CARTESIAN_POINT('',(-3.50736672590994,9.78157888996652,0.2));
#9739=CARTESIAN_POINT('',(-3.50736672590994,10.4815788929468,0.2));
#9740=CARTESIAN_POINT('',(-3.50736672590994,9.78157888996652,0.));
#9741=CARTESIAN_POINT('Origin',(-3.60238710950636,9.78157888996652,0.));
#9742=CARTESIAN_POINT('',(-3.60238710950636,9.78157888996652,0.2));
#9743=CARTESIAN_POINT('',(-3.50736672590994,9.78157888996652,0.2));
#9744=CARTESIAN_POINT('',(-3.60238710950636,9.78157888996652,0.));
#9745=CARTESIAN_POINT('Origin',(-3.97005426298403,10.3316470970517,0.));
#9746=CARTESIAN_POINT('',(-3.97005426298403,10.3316470970517,0.2));
#9747=CARTESIAN_POINT('',(-3.60238710950636,9.78157888996652,0.2));
#9748=CARTESIAN_POINT('',(-3.97005426298403,10.3316470970517,0.));
#9749=CARTESIAN_POINT('Origin',(-3.97005426298403,9.78157888996652,0.));
#9750=CARTESIAN_POINT('',(-3.97005426298403,9.78157888996652,0.2));
#9751=CARTESIAN_POINT('',(-3.97005426298403,10.3316470970517,0.2));
#9752=CARTESIAN_POINT('',(-3.97005426298403,9.78157888996652,0.));
#9753=CARTESIAN_POINT('Origin',(-4.05886734436774,9.78157888996652,0.));
#9754=CARTESIAN_POINT('',(-3.97005426298403,9.78157888996652,0.2));
#9755=CARTESIAN_POINT('Origin',(-3.80746900636279,10.1315788914566,0.2));
#9756=CARTESIAN_POINT('Origin',(-4.49099558006548,10.1382637386327,0.));
#9757=CARTESIAN_POINT('',(-4.49099558006548,10.0561355044251,0.2));
#9758=CARTESIAN_POINT('',(-4.49099558006548,10.0561355044251,0.));
#9759=CARTESIAN_POINT('',(-4.49099558006548,10.1382637386327,0.2));
#9760=CARTESIAN_POINT('',(-4.49099558006548,10.0561355044251,0.2));
#9761=CARTESIAN_POINT('',(-4.49099558006548,10.1382637386327,0.));
#9762=CARTESIAN_POINT('Origin',(-4.19447439323687,10.1387412463432,0.));
#9763=CARTESIAN_POINT('',(-4.19447439323687,10.1387412463432,0.2));
#9764=CARTESIAN_POINT('',(-4.49099558006548,10.1382637386327,0.2));
#9765=CARTESIAN_POINT('',(-4.19447439323687,10.1387412463432,0.));
#9766=CARTESIAN_POINT('Origin',(-4.19447439323687,9.87898681211522,0.));
#9767=CARTESIAN_POINT('',(-4.19447439323687,9.87898681211522,0.2));
#9768=CARTESIAN_POINT('',(-4.19447439323687,10.1387412463432,0.2));
#9769=CARTESIAN_POINT('',(-4.19447439323687,9.87898681211522,0.));
#9770=CARTESIAN_POINT('Ctrl Pts',(-4.33533387790942,9.79709733176282,0.));
#9771=CARTESIAN_POINT('Ctrl Pts',(-4.33533387790942,9.79709733176282,0.2));
#9772=CARTESIAN_POINT('Ctrl Pts',(-4.3109986887906,9.80763178180954,0.));
#9773=CARTESIAN_POINT('Ctrl Pts',(-4.3109986887906,9.80763178180954,0.2));
#9774=CARTESIAN_POINT('Ctrl Pts',(-4.26082173600088,9.82935286234354,0.));
#9775=CARTESIAN_POINT('Ctrl Pts',(-4.26082173600088,9.82935286234354,0.2));
#9776=CARTESIAN_POINT('Ctrl Pts',(-4.21702847506997,9.86211427256481,0.));
#9777=CARTESIAN_POINT('Ctrl Pts',(-4.21702847506997,9.86211427256481,0.2));
#9778=CARTESIAN_POINT('Ctrl Pts',(-4.19447439323687,9.87898681211522,0.));
#9779=CARTESIAN_POINT('Ctrl Pts',(-4.19447439323687,9.87898681211522,0.2));
#9780=CARTESIAN_POINT('',(-4.33533387790942,9.79709733176282,0.2));
#9781=CARTESIAN_POINT('Ctrl Pts',(-4.33533387790942,9.79709733176282,0.2));
#9782=CARTESIAN_POINT('Ctrl Pts',(-4.3109986887906,9.80763178180954,0.2));
#9783=CARTESIAN_POINT('Ctrl Pts',(-4.26082173600088,9.82935286234354,0.2));
#9784=CARTESIAN_POINT('Ctrl Pts',(-4.21702847506997,9.86211427256481,0.2));
#9785=CARTESIAN_POINT('Ctrl Pts',(-4.19447439323687,9.87898681211522,0.2));
#9786=CARTESIAN_POINT('',(-4.33533387790942,9.79709733176282,0.));
#9787=CARTESIAN_POINT('Ctrl Pts',(-4.48431069563651,9.76964164423993,0.));
#9788=CARTESIAN_POINT('Ctrl Pts',(-4.48431069563651,9.76964164423993,0.2));
#9789=CARTESIAN_POINT('Ctrl Pts',(-4.45895583983664,9.77080378842527,0.));
#9790=CARTESIAN_POINT('Ctrl Pts',(-4.45895583983664,9.77080378842527,0.2));
#9791=CARTESIAN_POINT('Ctrl Pts',(-4.40804289535959,9.77313739200989,0.));
#9792=CARTESIAN_POINT('Ctrl Pts',(-4.40804289535959,9.77313739200989,0.2));
#9793=CARTESIAN_POINT('Ctrl Pts',(-4.35963462865087,9.78908945950523,0.));
#9794=CARTESIAN_POINT('Ctrl Pts',(-4.35963462865087,9.78908945950523,0.2));
#9795=CARTESIAN_POINT('Ctrl Pts',(-4.33533387790942,9.79709733176282,0.));
#9796=CARTESIAN_POINT('Ctrl Pts',(-4.33533387790942,9.79709733176282,0.2));
#9797=CARTESIAN_POINT('',(-4.48431069563651,9.76964164423993,0.2));
#9798=CARTESIAN_POINT('Ctrl Pts',(-4.48431069563651,9.76964164423993,0.2));
#9799=CARTESIAN_POINT('Ctrl Pts',(-4.45895583983664,9.77080378842527,0.2));
#9800=CARTESIAN_POINT('Ctrl Pts',(-4.40804289535959,9.77313739200989,0.2));
#9801=CARTESIAN_POINT('Ctrl Pts',(-4.35963462865087,9.78908945950523,0.2));
#9802=CARTESIAN_POINT('Ctrl Pts',(-4.33533387790942,9.79709733176282,0.2));
#9803=CARTESIAN_POINT('',(-4.48431069563651,9.76964164423993,0.));
#9804=CARTESIAN_POINT('Ctrl Pts',(-4.67172546844506,9.81380943107656,0.));
#9805=CARTESIAN_POINT('Ctrl Pts',(-4.67172546844506,9.81380943107656,0.2));
#9806=CARTESIAN_POINT('Ctrl Pts',(-4.64249975684989,9.80092877470024,0.));
#9807=CARTESIAN_POINT('Ctrl Pts',(-4.64249975684989,9.80092877470024,0.2));
#9808=CARTESIAN_POINT('Ctrl Pts',(-4.58279182687565,9.77461368134709,0.));
#9809=CARTESIAN_POINT('Ctrl Pts',(-4.58279182687565,9.77461368134709,0.2));
#9810=CARTESIAN_POINT('Ctrl Pts',(-4.51759507761679,9.7713220796717,0.));
#9811=CARTESIAN_POINT('Ctrl Pts',(-4.51759507761679,9.7713220796717,0.2));
#9812=CARTESIAN_POINT('Ctrl Pts',(-4.48431069563651,9.76964164423993,0.));
#9813=CARTESIAN_POINT('Ctrl Pts',(-4.48431069563651,9.76964164423993,0.2));
#9814=CARTESIAN_POINT('',(-4.67172546844506,9.81380943107656,0.2));
#9815=CARTESIAN_POINT('Ctrl Pts',(-4.67172546844506,9.81380943107656,0.2));
#9816=CARTESIAN_POINT('Ctrl Pts',(-4.64249975684989,9.80092877470024,0.2));
#9817=CARTESIAN_POINT('Ctrl Pts',(-4.58279182687565,9.77461368134709,0.2));
#9818=CARTESIAN_POINT('Ctrl Pts',(-4.51759507761679,9.7713220796717,0.2));
#9819=CARTESIAN_POINT('Ctrl Pts',(-4.48431069563651,9.76964164423993,0.2));
#9820=CARTESIAN_POINT('',(-4.67172546844506,9.81380943107656,0.));
#9821=CARTESIAN_POINT('Ctrl Pts',(-4.798976495597,9.94153793799928,0.));
#9822=CARTESIAN_POINT('Ctrl Pts',(-4.798976495597,9.94153793799928,0.2));
#9823=CARTESIAN_POINT('Ctrl Pts',(-4.78288386522782,9.91530117983965,0.));
#9824=CARTESIAN_POINT('Ctrl Pts',(-4.78288386522782,9.91530117983965,0.2));
#9825=CARTESIAN_POINT('Ctrl Pts',(-4.7505899410705,9.86265050318186,0.));
#9826=CARTESIAN_POINT('Ctrl Pts',(-4.7505899410705,9.86265050318186,0.2));
#9827=CARTESIAN_POINT('Ctrl Pts',(-4.69807252996128,9.83012626790356,0.));
#9828=CARTESIAN_POINT('Ctrl Pts',(-4.69807252996128,9.83012626790356,0.2));
#9829=CARTESIAN_POINT('Ctrl Pts',(-4.67172546844506,9.81380943107656,0.));
#9830=CARTESIAN_POINT('Ctrl Pts',(-4.67172546844506,9.81380943107656,0.2));
#9831=CARTESIAN_POINT('',(-4.798976495597,9.94153793799928,0.2));
#9832=CARTESIAN_POINT('Ctrl Pts',(-4.798976495597,9.94153793799928,0.2));
#9833=CARTESIAN_POINT('Ctrl Pts',(-4.78288386522782,9.91530117983965,0.2));
#9834=CARTESIAN_POINT('Ctrl Pts',(-4.7505899410705,9.86265050318186,0.2));
#9835=CARTESIAN_POINT('Ctrl Pts',(-4.69807252996128,9.83012626790356,0.2));
#9836=CARTESIAN_POINT('Ctrl Pts',(-4.67172546844506,9.81380943107656,0.2));
#9837=CARTESIAN_POINT('',(-4.798976495597,9.94153793799928,0.));
#9838=CARTESIAN_POINT('Ctrl Pts',(-4.84195057835006,10.1282364492421,0.));
#9839=CARTESIAN_POINT('Ctrl Pts',(-4.84195057835006,10.1282364492421,0.2));
#9840=CARTESIAN_POINT('Ctrl Pts',(-4.84034037679883,10.0950288454461,0.));
#9841=CARTESIAN_POINT('Ctrl Pts',(-4.84034037679883,10.0950288454461,0.2));
#9842=CARTESIAN_POINT('Ctrl Pts',(-4.83719630807361,10.0301879014945,0.));
#9843=CARTESIAN_POINT('Ctrl Pts',(-4.83719630807361,10.0301879014945,0.2));
#9844=CARTESIAN_POINT('Ctrl Pts',(-4.81150854328147,9.97060573027138,0.));
#9845=CARTESIAN_POINT('Ctrl Pts',(-4.81150854328147,9.97060573027138,0.2));
#9846=CARTESIAN_POINT('Ctrl Pts',(-4.798976495597,9.94153793799928,0.));
#9847=CARTESIAN_POINT('Ctrl Pts',(-4.798976495597,9.94153793799928,0.2));
#9848=CARTESIAN_POINT('',(-4.84195057835006,10.1282364492421,0.2));
#9849=CARTESIAN_POINT('Ctrl Pts',(-4.84195057835006,10.1282364492421,0.2));
#9850=CARTESIAN_POINT('Ctrl Pts',(-4.84034037679883,10.0950288454461,0.2));
#9851=CARTESIAN_POINT('Ctrl Pts',(-4.83719630807361,10.0301879014945,0.2));
#9852=CARTESIAN_POINT('Ctrl Pts',(-4.81150854328147,9.97060573027138,0.2));
#9853=CARTESIAN_POINT('Ctrl Pts',(-4.798976495597,9.94153793799928,0.2));
#9854=CARTESIAN_POINT('',(-4.84195057835006,10.1282364492421,0.));
#9855=CARTESIAN_POINT('Ctrl Pts',(-4.799215240139,10.3189936270123,0.));
#9856=CARTESIAN_POINT('Ctrl Pts',(-4.799215240139,10.3189936270123,0.2));
#9857=CARTESIAN_POINT('Ctrl Pts',(-4.81167936541112,10.2887357611937,0.));
#9858=CARTESIAN_POINT('Ctrl Pts',(-4.81167936541112,10.2887357611937,0.2));
#9859=CARTESIAN_POINT('Ctrl Pts',(-4.83685787912324,10.2276124915876,0.));
#9860=CARTESIAN_POINT('Ctrl Pts',(-4.83685787912324,10.2276124915876,0.2));
#9861=CARTESIAN_POINT('Ctrl Pts',(-4.84024180038637,10.161580572607,0.));
#9862=CARTESIAN_POINT('Ctrl Pts',(-4.84024180038637,10.161580572607,0.2));
#9863=CARTESIAN_POINT('Ctrl Pts',(-4.84195057835006,10.1282364492421,0.));
#9864=CARTESIAN_POINT('Ctrl Pts',(-4.84195057835006,10.1282364492421,0.2));
#9865=CARTESIAN_POINT('',(-4.799215240139,10.3189936270123,0.2));
#9866=CARTESIAN_POINT('Ctrl Pts',(-4.799215240139,10.3189936270123,0.2));
#9867=CARTESIAN_POINT('Ctrl Pts',(-4.81167936541112,10.2887357611937,0.2));
#9868=CARTESIAN_POINT('Ctrl Pts',(-4.83685787912324,10.2276124915876,0.2));
#9869=CARTESIAN_POINT('Ctrl Pts',(-4.84024180038637,10.161580572607,0.2));
#9870=CARTESIAN_POINT('Ctrl Pts',(-4.84195057835006,10.1282364492421,0.2));
#9871=CARTESIAN_POINT('',(-4.799215240139,10.3189936270123,0.));
#9872=CARTESIAN_POINT('Ctrl Pts',(-4.67626160542988,10.45054208386,0.));
#9873=CARTESIAN_POINT('Ctrl Pts',(-4.67626160542988,10.45054208386,0.2));
#9874=CARTESIAN_POINT('Ctrl Pts',(-4.7015805731703,10.4340200622308,0.));
#9875=CARTESIAN_POINT('Ctrl Pts',(-4.7015805731703,10.4340200622308,0.2));
#9876=CARTESIAN_POINT('Ctrl Pts',(-4.75329855460175,10.4002712294746,0.));
#9877=CARTESIAN_POINT('Ctrl Pts',(-4.75329855460175,10.4002712294746,0.2));
#9878=CARTESIAN_POINT('Ctrl Pts',(-4.78369806352149,10.346460742674,0.));
#9879=CARTESIAN_POINT('Ctrl Pts',(-4.78369806352149,10.346460742674,0.2));
#9880=CARTESIAN_POINT('Ctrl Pts',(-4.799215240139,10.3189936270123,0.));
#9881=CARTESIAN_POINT('Ctrl Pts',(-4.799215240139,10.3189936270123,0.2));
#9882=CARTESIAN_POINT('',(-4.67626160542988,10.45054208386,0.2));
#9883=CARTESIAN_POINT('Ctrl Pts',(-4.67626160542988,10.45054208386,0.2));
#9884=CARTESIAN_POINT('Ctrl Pts',(-4.7015805731703,10.4340200622308,0.2));
#9885=CARTESIAN_POINT('Ctrl Pts',(-4.75329855460175,10.4002712294746,0.2));
#9886=CARTESIAN_POINT('Ctrl Pts',(-4.78369806352149,10.346460742674,0.2));
#9887=CARTESIAN_POINT('Ctrl Pts',(-4.799215240139,10.3189936270123,0.2));
#9888=CARTESIAN_POINT('',(-4.67626160542988,10.45054208386,0.));
#9889=CARTESIAN_POINT('Ctrl Pts',(-4.49147308777594,10.4935161386733,0.));
#9890=CARTESIAN_POINT('Ctrl Pts',(-4.49147308777594,10.4935161386733,0.2));
#9891=CARTESIAN_POINT('Ctrl Pts',(-4.52479067056798,10.4920001573553,0.));
#9892=CARTESIAN_POINT('Ctrl Pts',(-4.52479067056798,10.4920001573553,0.2));
#9893=CARTESIAN_POINT('Ctrl Pts',(-4.58909231907703,10.4890743719383,0.));
#9894=CARTESIAN_POINT('Ctrl Pts',(-4.58909231907703,10.4890743719383,0.2));
#9895=CARTESIAN_POINT('Ctrl Pts',(-4.64791675941809,10.4630716320272,0.));
#9896=CARTESIAN_POINT('Ctrl Pts',(-4.64791675941809,10.4630716320272,0.2));
#9897=CARTESIAN_POINT('Ctrl Pts',(-4.67626160542988,10.45054208386,0.));
#9898=CARTESIAN_POINT('Ctrl Pts',(-4.67626160542988,10.45054208386,0.2));
#9899=CARTESIAN_POINT('',(-4.49147308777594,10.4935161386733,0.2));
#9900=CARTESIAN_POINT('Ctrl Pts',(-4.49147308777594,10.4935161386733,0.2));
#9901=CARTESIAN_POINT('Ctrl Pts',(-4.52479067056798,10.4920001573553,0.2));
#9902=CARTESIAN_POINT('Ctrl Pts',(-4.58909231907703,10.4890743719383,0.2));
#9903=CARTESIAN_POINT('Ctrl Pts',(-4.64791675941809,10.4630716320272,0.2));
#9904=CARTESIAN_POINT('Ctrl Pts',(-4.67626160542988,10.45054208386,0.2));
#9905=CARTESIAN_POINT('',(-4.49147308777594,10.4935161386733,0.));
#9906=CARTESIAN_POINT('Ctrl Pts',(-4.35419472466731,10.4689254229074,0.));
#9907=CARTESIAN_POINT('Ctrl Pts',(-4.35419472466731,10.4689254229074,0.2));
#9908=CARTESIAN_POINT('Ctrl Pts',(-4.37567414360378,10.476095218062,0.));
#9909=CARTESIAN_POINT('Ctrl Pts',(-4.37567414360378,10.476095218062,0.2));
#9910=CARTESIAN_POINT('Ctrl Pts',(-4.42021513574371,10.4909629288959,0.));
#9911=CARTESIAN_POINT('Ctrl Pts',(-4.42021513574371,10.4909629288959,0.2));
#9912=CARTESIAN_POINT('Ctrl Pts',(-4.46716453574433,10.4926451505106,0.));
#9913=CARTESIAN_POINT('Ctrl Pts',(-4.46716453574433,10.4926451505106,0.2));
#9914=CARTESIAN_POINT('Ctrl Pts',(-4.49147308777594,10.4935161386733,0.));
#9915=CARTESIAN_POINT('Ctrl Pts',(-4.49147308777594,10.4935161386733,0.2));
#9916=CARTESIAN_POINT('',(-4.35419472466731,10.4689254229074,0.2));
#9917=CARTESIAN_POINT('Ctrl Pts',(-4.35419472466731,10.4689254229074,0.2));
#9918=CARTESIAN_POINT('Ctrl Pts',(-4.37567414360378,10.476095218062,0.2));
#9919=CARTESIAN_POINT('Ctrl Pts',(-4.42021513574371,10.4909629288959,0.2));
#9920=CARTESIAN_POINT('Ctrl Pts',(-4.46716453574433,10.4926451505106,0.2));
#9921=CARTESIAN_POINT('Ctrl Pts',(-4.49147308777594,10.4935161386733,0.2));
#9922=CARTESIAN_POINT('',(-4.35419472466731,10.4689254229074,0.));
#9923=CARTESIAN_POINT('Ctrl Pts',(-4.25798053454184,10.4004056369071,0.));
#9924=CARTESIAN_POINT('Ctrl Pts',(-4.25798053454184,10.4004056369071,0.2));
#9925=CARTESIAN_POINT('Ctrl Pts',(-4.27111224582451,10.4144021984066,0.));
#9926=CARTESIAN_POINT('Ctrl Pts',(-4.27111224582451,10.4144021984066,0.2));
#9927=CARTESIAN_POINT('Ctrl Pts',(-4.29855970855784,10.4436573420724,0.));
#9928=CARTESIAN_POINT('Ctrl Pts',(-4.29855970855784,10.4436573420724,0.2));
#9929=CARTESIAN_POINT('Ctrl Pts',(-4.33512394484016,10.4602639352337,0.));
#9930=CARTESIAN_POINT('Ctrl Pts',(-4.33512394484016,10.4602639352337,0.2));
#9931=CARTESIAN_POINT('Ctrl Pts',(-4.35419472466731,10.4689254229074,0.));
#9932=CARTESIAN_POINT('Ctrl Pts',(-4.35419472466731,10.4689254229074,0.2));
#9933=CARTESIAN_POINT('',(-4.25798053454184,10.4004056369071,0.2));
#9934=CARTESIAN_POINT('Ctrl Pts',(-4.25798053454184,10.4004056369071,0.2));
#9935=CARTESIAN_POINT('Ctrl Pts',(-4.27111224582451,10.4144021984066,0.2));
#9936=CARTESIAN_POINT('Ctrl Pts',(-4.29855970855784,10.4436573420724,0.2));
#9937=CARTESIAN_POINT('Ctrl Pts',(-4.33512394484016,10.4602639352337,0.2));
#9938=CARTESIAN_POINT('Ctrl Pts',(-4.35419472466731,10.4689254229074,0.2));
#9939=CARTESIAN_POINT('',(-4.25798053454184,10.4004056369071,0.));
#9940=CARTESIAN_POINT('Ctrl Pts',(-4.20497911583209,10.2858081077342,0.));
#9941=CARTESIAN_POINT('Ctrl Pts',(-4.20497911583209,10.2858081077342,0.2));
#9942=CARTESIAN_POINT('Ctrl Pts',(-4.21128094235679,10.3076726430179,0.));
#9943=CARTESIAN_POINT('Ctrl Pts',(-4.21128094235679,10.3076726430179,0.2));
#9944=CARTESIAN_POINT('Ctrl Pts',(-4.22308670008458,10.3486333716856,0.));
#9945=CARTESIAN_POINT('Ctrl Pts',(-4.22308670008458,10.3486333716856,0.2));
#9946=CARTESIAN_POINT('Ctrl Pts',(-4.24688540365697,10.3839437012164,0.));
#9947=CARTESIAN_POINT('Ctrl Pts',(-4.24688540365697,10.3839437012164,0.2));
#9948=CARTESIAN_POINT('Ctrl Pts',(-4.25798053454184,10.4004056369071,0.));
#9949=CARTESIAN_POINT('Ctrl Pts',(-4.25798053454184,10.4004056369071,0.2));
#9950=CARTESIAN_POINT('',(-4.20497911583209,10.2858081077342,0.2));
#9951=CARTESIAN_POINT('Ctrl Pts',(-4.20497911583209,10.2858081077342,0.2));
#9952=CARTESIAN_POINT('Ctrl Pts',(-4.21128094235679,10.3076726430179,0.2));
#9953=CARTESIAN_POINT('Ctrl Pts',(-4.22308670008458,10.3486333716856,0.2));
#9954=CARTESIAN_POINT('Ctrl Pts',(-4.24688540365697,10.3839437012164,0.2));
#9955=CARTESIAN_POINT('Ctrl Pts',(-4.25798053454184,10.4004056369071,0.2));
#9956=CARTESIAN_POINT('',(-4.20497911583209,10.2858081077342,0.));
#9957=CARTESIAN_POINT('Origin',(-4.28853991042399,10.2628885944491,0.));
#9958=CARTESIAN_POINT('',(-4.28853991042399,10.2628885944491,0.2));
#9959=CARTESIAN_POINT('',(-4.20497911583209,10.2858081077342,0.2));
#9960=CARTESIAN_POINT('',(-4.28853991042399,10.2628885944491,0.));
#9961=CARTESIAN_POINT('Ctrl Pts',(-4.32769405256533,10.3469267849927,0.));
#9962=CARTESIAN_POINT('Ctrl Pts',(-4.32769405256533,10.3469267849927,0.2));
#9963=CARTESIAN_POINT('Ctrl Pts',(-4.32001428228318,10.3350768071981,0.));
#9964=CARTESIAN_POINT('Ctrl Pts',(-4.32001428228318,10.3350768071981,0.2));
#9965=CARTESIAN_POINT('Ctrl Pts',(-4.30306335748753,10.3089213266241,0.));
#9966=CARTESIAN_POINT('Ctrl Pts',(-4.30306335748753,10.3089213266241,0.2));
#9967=CARTESIAN_POINT('Ctrl Pts',(-4.2936748625461,10.279164060923,0.));
#9968=CARTESIAN_POINT('Ctrl Pts',(-4.2936748625461,10.279164060923,0.2));
#9969=CARTESIAN_POINT('Ctrl Pts',(-4.28853991042399,10.2628885944491,0.));
#9970=CARTESIAN_POINT('Ctrl Pts',(-4.28853991042399,10.2628885944491,0.2));
#9971=CARTESIAN_POINT('',(-4.32769405256533,10.3469267849927,0.2));
#9972=CARTESIAN_POINT('Ctrl Pts',(-4.32769405256533,10.3469267849927,0.2));
#9973=CARTESIAN_POINT('Ctrl Pts',(-4.32001428228318,10.3350768071981,0.2));
#9974=CARTESIAN_POINT('Ctrl Pts',(-4.30306335748753,10.3089213266241,0.2));
#9975=CARTESIAN_POINT('Ctrl Pts',(-4.2936748625461,10.279164060923,0.2));
#9976=CARTESIAN_POINT('Ctrl Pts',(-4.28853991042399,10.2628885944491,0.2));
#9977=CARTESIAN_POINT('',(-4.32769405256533,10.3469267849927,0.));
#9978=CARTESIAN_POINT('Ctrl Pts',(-4.39454259883189,10.3958694999223,0.));
#9979=CARTESIAN_POINT('Ctrl Pts',(-4.39454259883189,10.3958694999223,0.2));
#9980=CARTESIAN_POINT('Ctrl Pts',(-4.38113076678119,10.3895335562726,0.));
#9981=CARTESIAN_POINT('Ctrl Pts',(-4.38113076678119,10.3895335562726,0.2));
#9982=CARTESIAN_POINT('Ctrl Pts',(-4.35566519706579,10.3775032524249,0.));
#9983=CARTESIAN_POINT('Ctrl Pts',(-4.35566519706579,10.3775032524249,0.2));
#9984=CARTESIAN_POINT('Ctrl Pts',(-4.33668027490079,10.3567500131618,0.));
#9985=CARTESIAN_POINT('Ctrl Pts',(-4.33668027490079,10.3567500131618,0.2));
#9986=CARTESIAN_POINT('Ctrl Pts',(-4.32769405256533,10.3469267849927,0.));
#9987=CARTESIAN_POINT('Ctrl Pts',(-4.32769405256533,10.3469267849927,0.2));
#9988=CARTESIAN_POINT('',(-4.39454259883189,10.3958694999223,0.2));
#9989=CARTESIAN_POINT('Ctrl Pts',(-4.39454259883189,10.3958694999223,0.2));
#9990=CARTESIAN_POINT('Ctrl Pts',(-4.38113076678119,10.3895335562726,0.2));
#9991=CARTESIAN_POINT('Ctrl Pts',(-4.35566519706579,10.3775032524249,0.2));
#9992=CARTESIAN_POINT('Ctrl Pts',(-4.33668027490079,10.3567500131618,0.2));
#9993=CARTESIAN_POINT('Ctrl Pts',(-4.32769405256533,10.3469267849927,0.2));
#9994=CARTESIAN_POINT('',(-4.39454259883189,10.3958694999223,0.));
#9995=CARTESIAN_POINT('Ctrl Pts',(-4.49099558006548,10.4142528389697,0.));
#9996=CARTESIAN_POINT('Ctrl Pts',(-4.49099558006548,10.4142528389697,0.2));
#9997=CARTESIAN_POINT('Ctrl Pts',(-4.47395727408188,10.4135828381192,0.));
#9998=CARTESIAN_POINT('Ctrl Pts',(-4.47395727408188,10.4135828381192,0.2));
#9999=CARTESIAN_POINT('Ctrl Pts',(-4.44087117957159,10.4122817867421,0.));
#10000=CARTESIAN_POINT('Ctrl Pts',(-4.44087117957159,10.4122817867421,0.2));
#10001=CARTESIAN_POINT('Ctrl Pts',(-4.40967413781269,10.401229974036,0.));
#10002=CARTESIAN_POINT('Ctrl Pts',(-4.40967413781269,10.401229974036,0.2));
#10003=CARTESIAN_POINT('Ctrl Pts',(-4.39454259883189,10.3958694999223,0.));
#10004=CARTESIAN_POINT('Ctrl Pts',(-4.39454259883189,10.3958694999223,0.2));
#10005=CARTESIAN_POINT('',(-4.49099558006548,10.4142528389697,0.2));
#10006=CARTESIAN_POINT('Ctrl Pts',(-4.49099558006548,10.4142528389697,0.2));
#10007=CARTESIAN_POINT('Ctrl Pts',(-4.47395727408188,10.4135828381192,0.2));
#10008=CARTESIAN_POINT('Ctrl Pts',(-4.44087117957159,10.4122817867421,0.2));
#10009=CARTESIAN_POINT('Ctrl Pts',(-4.40967413781269,10.401229974036,0.2));
#10010=CARTESIAN_POINT('Ctrl Pts',(-4.39454259883189,10.3958694999223,0.2));
#10011=CARTESIAN_POINT('',(-4.49099558006548,10.4142528389697,0.));
#10012=CARTESIAN_POINT('Ctrl Pts',(-4.60081821839833,10.3949144845014,0.));
#10013=CARTESIAN_POINT('Ctrl Pts',(-4.60081821839833,10.3949144845014,0.2));
#10014=CARTESIAN_POINT('Ctrl Pts',(-4.58409276004159,10.4005493150415,0.));
#10015=CARTESIAN_POINT('Ctrl Pts',(-4.58409276004159,10.4005493150415,0.2));
#10016=CARTESIAN_POINT('Ctrl Pts',(-4.54849607845946,10.4125418873363,0.));
#10017=CARTESIAN_POINT('Ctrl Pts',(-4.54849607845946,10.4125418873363,0.2));
#10018=CARTESIAN_POINT('Ctrl Pts',(-4.51091749086045,10.4136600540936,0.));
#10019=CARTESIAN_POINT('Ctrl Pts',(-4.51091749086045,10.4136600540936,0.2));
#10020=CARTESIAN_POINT('Ctrl Pts',(-4.49099558006548,10.4142528389697,0.));
#10021=CARTESIAN_POINT('Ctrl Pts',(-4.49099558006548,10.4142528389697,0.2));
#10022=CARTESIAN_POINT('',(-4.60081821839833,10.3949144845014,0.2));
#10023=CARTESIAN_POINT('Ctrl Pts',(-4.60081821839833,10.3949144845014,0.2));
#10024=CARTESIAN_POINT('Ctrl Pts',(-4.58409276004159,10.4005493150415,0.2));
#10025=CARTESIAN_POINT('Ctrl Pts',(-4.54849607845946,10.4125418873363,0.2));
#10026=CARTESIAN_POINT('Ctrl Pts',(-4.51091749086045,10.4136600540936,0.2));
#10027=CARTESIAN_POINT('Ctrl Pts',(-4.49099558006548,10.4142528389697,0.2));
#10028=CARTESIAN_POINT('',(-4.60081821839833,10.3949144845014,0.));
#10029=CARTESIAN_POINT('Ctrl Pts',(-4.6755453811171,10.3440618504887,0.));
#10030=CARTESIAN_POINT('Ctrl Pts',(-4.6755453811171,10.3440618504887,0.2));
#10031=CARTESIAN_POINT('Ctrl Pts',(-4.6650188847291,10.354185837052,0.));
#10032=CARTESIAN_POINT('Ctrl Pts',(-4.6650188847291,10.354185837052,0.2));
#10033=CARTESIAN_POINT('Ctrl Pts',(-4.64300950717012,10.3753536249332,0.));
#10034=CARTESIAN_POINT('Ctrl Pts',(-4.64300950717012,10.3753536249332,0.2));
#10035=CARTESIAN_POINT('Ctrl Pts',(-4.61528357767203,10.388208008601,0.));
#10036=CARTESIAN_POINT('Ctrl Pts',(-4.61528357767203,10.388208008601,0.2));
#10037=CARTESIAN_POINT('Ctrl Pts',(-4.60081821839833,10.3949144845014,0.));
#10038=CARTESIAN_POINT('Ctrl Pts',(-4.60081821839833,10.3949144845014,0.2));
#10039=CARTESIAN_POINT('',(-4.6755453811171,10.3440618504887,0.2));
#10040=CARTESIAN_POINT('Ctrl Pts',(-4.6755453811171,10.3440618504887,0.2));
#10041=CARTESIAN_POINT('Ctrl Pts',(-4.6650188847291,10.354185837052,0.2));
#10042=CARTESIAN_POINT('Ctrl Pts',(-4.64300950717012,10.3753536249332,0.2));
#10043=CARTESIAN_POINT('Ctrl Pts',(-4.61528357767203,10.388208008601,0.2));
#10044=CARTESIAN_POINT('Ctrl Pts',(-4.60081821839833,10.3949144845014,0.2));
#10045=CARTESIAN_POINT('',(-4.6755453811171,10.3440618504887,0.));
#10046=CARTESIAN_POINT('Ctrl Pts',(-4.71971318658018,10.2748258401757,0.));
#10047=CARTESIAN_POINT('Ctrl Pts',(-4.71971318658018,10.2748258401757,0.2));
#10048=CARTESIAN_POINT('Ctrl Pts',(-4.71388932541275,10.2871900187,0.));
#10049=CARTESIAN_POINT('Ctrl Pts',(-4.71388932541275,10.2871900187,0.2));
#10050=CARTESIAN_POINT('Ctrl Pts',(-4.70212986703118,10.3121555937026,0.));
#10051=CARTESIAN_POINT('Ctrl Pts',(-4.70212986703118,10.3121555937026,0.2));
#10052=CARTESIAN_POINT('Ctrl Pts',(-4.68446283264346,10.3333592738356,0.));
#10053=CARTESIAN_POINT('Ctrl Pts',(-4.68446283264346,10.3333592738356,0.2));
#10054=CARTESIAN_POINT('Ctrl Pts',(-4.6755453811171,10.3440618504887,0.));
#10055=CARTESIAN_POINT('Ctrl Pts',(-4.6755453811171,10.3440618504887,0.2));
#10056=CARTESIAN_POINT('',(-4.71971318658018,10.2748258401757,0.2));
#10057=CARTESIAN_POINT('Ctrl Pts',(-4.71971318658018,10.2748258401757,0.2));
#10058=CARTESIAN_POINT('Ctrl Pts',(-4.71388932541275,10.2871900187,0.2));
#10059=CARTESIAN_POINT('Ctrl Pts',(-4.70212986703118,10.3121555937026,0.2));
#10060=CARTESIAN_POINT('Ctrl Pts',(-4.68446283264346,10.3333592738356,0.2));
#10061=CARTESIAN_POINT('Ctrl Pts',(-4.6755453811171,10.3440618504887,0.2));
#10062=CARTESIAN_POINT('',(-4.71971318658018,10.2748258401757,0.));
#10063=CARTESIAN_POINT('Ctrl Pts',(-4.74645261253738,10.1339663555031,0.));
#10064=CARTESIAN_POINT('Ctrl Pts',(-4.74645261253738,10.1339663555031,0.2));
#10065=CARTESIAN_POINT('Ctrl Pts',(-4.74543051499822,10.1585895629026,0.));
#10066=CARTESIAN_POINT('Ctrl Pts',(-4.74543051499822,10.1585895629026,0.2));
#10067=CARTESIAN_POINT('Ctrl Pts',(-4.74342648105517,10.206868461466,0.));
#10068=CARTESIAN_POINT('Ctrl Pts',(-4.74342648105517,10.206868461466,0.2));
#10069=CARTESIAN_POINT('Ctrl Pts',(-4.72751130390742,10.2524780549285,0.));
#10070=CARTESIAN_POINT('Ctrl Pts',(-4.72751130390742,10.2524780549285,0.2));
#10071=CARTESIAN_POINT('Ctrl Pts',(-4.71971318658018,10.2748258401757,0.));
#10072=CARTESIAN_POINT('Ctrl Pts',(-4.71971318658018,10.2748258401757,0.2));
#10073=CARTESIAN_POINT('',(-4.74645261253738,10.1339663555031,0.2));
#10074=CARTESIAN_POINT('Ctrl Pts',(-4.74645261253738,10.1339663555031,0.2));
#10075=CARTESIAN_POINT('Ctrl Pts',(-4.74543051499822,10.1585895629026,0.2));
#10076=CARTESIAN_POINT('Ctrl Pts',(-4.74342648105517,10.206868461466,0.2));
#10077=CARTESIAN_POINT('Ctrl Pts',(-4.72751130390742,10.2524780549285,0.2));
#10078=CARTESIAN_POINT('Ctrl Pts',(-4.71971318658018,10.2748258401757,0.2));
#10079=CARTESIAN_POINT('',(-4.74645261253738,10.1339663555031,0.));
#10080=CARTESIAN_POINT('Ctrl Pts',(-4.71422205280089,9.97734967517903,0.));
#10081=CARTESIAN_POINT('Ctrl Pts',(-4.71422205280089,9.97734967517903,0.2));
#10082=CARTESIAN_POINT('Ctrl Pts',(-4.72360955204763,10.0006202752065,0.));
#10083=CARTESIAN_POINT('Ctrl Pts',(-4.72360955204763,10.0006202752065,0.2));
#10084=CARTESIAN_POINT('Ctrl Pts',(-4.7438471298166,10.0507870518323,0.));
#10085=CARTESIAN_POINT('Ctrl Pts',(-4.7438471298166,10.0507870518323,0.2));
#10086=CARTESIAN_POINT('Ctrl Pts',(-4.74554325829581,10.1049354768869,0.));
#10087=CARTESIAN_POINT('Ctrl Pts',(-4.74554325829581,10.1049354768869,0.2));
#10088=CARTESIAN_POINT('Ctrl Pts',(-4.74645261253738,10.1339663555031,0.));
#10089=CARTESIAN_POINT('Ctrl Pts',(-4.74645261253738,10.1339663555031,0.2));
#10090=CARTESIAN_POINT('',(-4.71422205280089,9.97734967517903,0.2));
#10091=CARTESIAN_POINT('Ctrl Pts',(-4.71422205280089,9.97734967517903,0.2));
#10092=CARTESIAN_POINT('Ctrl Pts',(-4.72360955204763,10.0006202752065,0.2));
#10093=CARTESIAN_POINT('Ctrl Pts',(-4.7438471298166,10.0507870518323,0.2));
#10094=CARTESIAN_POINT('Ctrl Pts',(-4.74554325829581,10.1049354768869,0.2));
#10095=CARTESIAN_POINT('Ctrl Pts',(-4.74645261253738,10.1339663555031,0.2));
#10096=CARTESIAN_POINT('',(-4.71422205280089,9.97734967517903,0.));
#10097=CARTESIAN_POINT('Ctrl Pts',(-4.62039530809545,9.88376166570237,0.));
#10098=CARTESIAN_POINT('Ctrl Pts',(-4.62039530809545,9.88376166570237,0.2));
#10099=CARTESIAN_POINT('Ctrl Pts',(-4.63974519241369,9.89538242375924,0.));
#10100=CARTESIAN_POINT('Ctrl Pts',(-4.63974519241369,9.89538242375924,0.2));
#10101=CARTESIAN_POINT('Ctrl Pts',(-4.67875139291983,9.91880797046251,0.));
#10102=CARTESIAN_POINT('Ctrl Pts',(-4.67875139291983,9.91880797046251,0.2));
#10103=CARTESIAN_POINT('Ctrl Pts',(-4.70233673752108,9.95773384000973,0.));
#10104=CARTESIAN_POINT('Ctrl Pts',(-4.70233673752108,9.95773384000973,0.2));
#10105=CARTESIAN_POINT('Ctrl Pts',(-4.71422205280089,9.97734967517903,0.));
#10106=CARTESIAN_POINT('Ctrl Pts',(-4.71422205280089,9.97734967517903,0.2));
#10107=CARTESIAN_POINT('',(-4.62039530809545,9.88376166570237,0.2));
#10108=CARTESIAN_POINT('Ctrl Pts',(-4.62039530809545,9.88376166570237,0.2));
#10109=CARTESIAN_POINT('Ctrl Pts',(-4.63974519241369,9.89538242375924,0.2));
#10110=CARTESIAN_POINT('Ctrl Pts',(-4.67875139291983,9.91880797046251,0.2));
#10111=CARTESIAN_POINT('Ctrl Pts',(-4.70233673752108,9.95773384000973,0.2));
#10112=CARTESIAN_POINT('Ctrl Pts',(-4.71422205280089,9.97734967517903,0.2));
#10113=CARTESIAN_POINT('',(-4.62039530809545,9.88376166570237,0.));
#10114=CARTESIAN_POINT('Ctrl Pts',(-4.48956313143992,9.85320236432603,0.));
#10115=CARTESIAN_POINT('Ctrl Pts',(-4.48956313143992,9.85320236432603,0.2));
#10116=CARTESIAN_POINT('Ctrl Pts',(-4.51230498803527,9.85446650495268,0.));
#10117=CARTESIAN_POINT('Ctrl Pts',(-4.51230498803527,9.85446650495268,0.2));
#10118=CARTESIAN_POINT('Ctrl Pts',(-4.55770723422396,9.85699025773899,0.));
#10119=CARTESIAN_POINT('Ctrl Pts',(-4.55770723422396,9.85699025773899,0.2));
#10120=CARTESIAN_POINT('Ctrl Pts',(-4.59952429479333,9.87484854431878,0.));
#10121=CARTESIAN_POINT('Ctrl Pts',(-4.59952429479333,9.87484854431878,0.2));
#10122=CARTESIAN_POINT('Ctrl Pts',(-4.62039530809545,9.88376166570237,0.));
#10123=CARTESIAN_POINT('Ctrl Pts',(-4.62039530809545,9.88376166570237,0.2));
#10124=CARTESIAN_POINT('',(-4.48956313143992,9.85320236432603,0.2));
#10125=CARTESIAN_POINT('Ctrl Pts',(-4.48956313143992,9.85320236432603,0.2));
#10126=CARTESIAN_POINT('Ctrl Pts',(-4.51230498803527,9.85446650495268,0.2));
#10127=CARTESIAN_POINT('Ctrl Pts',(-4.55770723422396,9.85699025773899,0.2));
#10128=CARTESIAN_POINT('Ctrl Pts',(-4.59952429479333,9.87484854431878,0.2));
#10129=CARTESIAN_POINT('Ctrl Pts',(-4.62039530809545,9.88376166570237,0.2));
#10130=CARTESIAN_POINT('',(-4.48956313143992,9.85320236432603,0.));
#10131=CARTESIAN_POINT('Ctrl Pts',(-4.37210063051009,9.87636063146642,0.));
#10132=CARTESIAN_POINT('Ctrl Pts',(-4.37210063051009,9.87636063146642,0.2));
#10133=CARTESIAN_POINT('Ctrl Pts',(-4.39124942289437,9.86960622015257,0.));
#10134=CARTESIAN_POINT('Ctrl Pts',(-4.39124942289437,9.86960622015257,0.2));
#10135=CARTESIAN_POINT('Ctrl Pts',(-4.4292844159438,9.85619002229425,0.));
#10136=CARTESIAN_POINT('Ctrl Pts',(-4.4292844159438,9.85619002229425,0.2));
#10137=CARTESIAN_POINT('Ctrl Pts',(-4.46956291987715,9.85419365604401,0.));
#10138=CARTESIAN_POINT('Ctrl Pts',(-4.46956291987715,9.85419365604401,0.2));
#10139=CARTESIAN_POINT('Ctrl Pts',(-4.48956313143992,9.85320236432603,0.));
#10140=CARTESIAN_POINT('Ctrl Pts',(-4.48956313143992,9.85320236432603,0.2));
#10141=CARTESIAN_POINT('',(-4.37210063051009,9.87636063146642,0.2));
#10142=CARTESIAN_POINT('Ctrl Pts',(-4.37210063051009,9.87636063146642,0.2));
#10143=CARTESIAN_POINT('Ctrl Pts',(-4.39124942289437,9.86960622015257,0.2));
#10144=CARTESIAN_POINT('Ctrl Pts',(-4.4292844159438,9.85619002229425,0.2));
#10145=CARTESIAN_POINT('Ctrl Pts',(-4.46956291987715,9.85419365604401,0.2));
#10146=CARTESIAN_POINT('Ctrl Pts',(-4.48956313143992,9.85320236432603,0.2));
#10147=CARTESIAN_POINT('',(-4.37210063051009,9.87636063146642,0.));
#10148=CARTESIAN_POINT('Ctrl Pts',(-4.2851974309566,9.92578077960065,0.));
#10149=CARTESIAN_POINT('Ctrl Pts',(-4.2851974309566,9.92578077960065,0.2));
#10150=CARTESIAN_POINT('Ctrl Pts',(-4.29709943525153,9.9168139201723,0.));
#10151=CARTESIAN_POINT('Ctrl Pts',(-4.29709943525153,9.9168139201723,0.2));
#10152=CARTESIAN_POINT('Ctrl Pts',(-4.32390479096938,9.89661901428143,0.));
#10153=CARTESIAN_POINT('Ctrl Pts',(-4.32390479096938,9.89661901428143,0.2));
#10154=CARTESIAN_POINT('Ctrl Pts',(-4.35487929753102,9.88359935496204,0.));
#10155=CARTESIAN_POINT('Ctrl Pts',(-4.35487929753102,9.88359935496204,0.2));
#10156=CARTESIAN_POINT('Ctrl Pts',(-4.37210063051009,9.87636063146642,0.));
#10157=CARTESIAN_POINT('Ctrl Pts',(-4.37210063051009,9.87636063146642,0.2));
#10158=CARTESIAN_POINT('',(-4.2851974309566,9.92578077960065,0.2));
#10159=CARTESIAN_POINT('Ctrl Pts',(-4.2851974309566,9.92578077960065,0.2));
#10160=CARTESIAN_POINT('Ctrl Pts',(-4.29709943525153,9.9168139201723,0.2));
#10161=CARTESIAN_POINT('Ctrl Pts',(-4.32390479096938,9.89661901428143,0.2));
#10162=CARTESIAN_POINT('Ctrl Pts',(-4.35487929753102,9.88359935496204,0.2));
#10163=CARTESIAN_POINT('Ctrl Pts',(-4.37210063051009,9.87636063146642,0.2));
#10164=CARTESIAN_POINT('',(-4.2851974309566,9.92578077960065,0.));
#10165=CARTESIAN_POINT('Origin',(-4.2851974309566,10.0561355044251,0.));
#10166=CARTESIAN_POINT('',(-4.2851974309566,10.0561355044251,0.2));
#10167=CARTESIAN_POINT('',(-4.2851974309566,9.92578077960065,0.2));
#10168=CARTESIAN_POINT('',(-4.2851974309566,10.0561355044251,0.));
#10169=CARTESIAN_POINT('Origin',(-4.49099558006548,10.0561355044251,0.));
#10170=CARTESIAN_POINT('',(-4.2851974309566,10.0561355044251,0.2));
#10171=CARTESIAN_POINT('Origin',(-3.80746900636279,10.1315788914566,0.2));
#10172=CARTESIAN_POINT('Origin',(-0.320258841177402,10.0036116306787,0.));
#10173=CARTESIAN_POINT('',(-0.412891909738956,10.0270086144214,0.2));
#10174=CARTESIAN_POINT('',(-0.412891909738956,10.0270086144214,0.));
#10175=CARTESIAN_POINT('',(-0.320258841177402,10.0036116306787,0.2));
#10176=CARTESIAN_POINT('',(-0.412891909738956,10.0270086144214,0.2));
#10177=CARTESIAN_POINT('',(-0.320258841177402,10.0036116306787,0.));
#10178=CARTESIAN_POINT('Ctrl Pts',(-0.42506779756206,9.82956658947518,0.));
#10179=CARTESIAN_POINT('Ctrl Pts',(-0.42506779756206,9.82956658947518,0.2));
#10180=CARTESIAN_POINT('Ctrl Pts',(-0.4015568506611,9.85272857993881,0.));
#10181=CARTESIAN_POINT('Ctrl Pts',(-0.4015568506611,9.85272857993881,0.2));
#10182=CARTESIAN_POINT('Ctrl Pts',(-0.351869136295006,9.90167881453187,
0.));
#10183=CARTESIAN_POINT('Ctrl Pts',(-0.351869136295006,9.90167881453187,
0.2));
#10184=CARTESIAN_POINT('Ctrl Pts',(-0.331165860177922,9.96844007791863,
0.));
#10185=CARTESIAN_POINT('Ctrl Pts',(-0.331165860177922,9.96844007791863,
0.2));
#10186=CARTESIAN_POINT('Ctrl Pts',(-0.320258841177402,10.0036116306787,
0.));
#10187=CARTESIAN_POINT('Ctrl Pts',(-0.320258841177402,10.0036116306787,
0.2));
#10188=CARTESIAN_POINT('',(-0.42506779756206,9.82956658947518,0.2));
#10189=CARTESIAN_POINT('Ctrl Pts',(-0.42506779756206,9.82956658947518,0.2));
#10190=CARTESIAN_POINT('Ctrl Pts',(-0.4015568506611,9.85272857993881,0.2));
#10191=CARTESIAN_POINT('Ctrl Pts',(-0.351869136295006,9.90167881453187,
0.2));
#10192=CARTESIAN_POINT('Ctrl Pts',(-0.331165860177922,9.96844007791863,
0.2));
#10193=CARTESIAN_POINT('Ctrl Pts',(-0.320258841177402,10.0036116306787,
0.2));
#10194=CARTESIAN_POINT('',(-0.42506779756206,9.82956658947518,0.));
#10195=CARTESIAN_POINT('Ctrl Pts',(-0.610095218082843,9.76964164423993,
0.));
#10196=CARTESIAN_POINT('Ctrl Pts',(-0.610095218082843,9.76964164423993,
0.2));
#10197=CARTESIAN_POINT('Ctrl Pts',(-0.57550957405161,9.77178265954189,0.));
#10198=CARTESIAN_POINT('Ctrl Pts',(-0.57550957405161,9.77178265954189,0.2));
#10199=CARTESIAN_POINT('Ctrl Pts',(-0.508602983299952,9.77592449464756,
0.));
#10200=CARTESIAN_POINT('Ctrl Pts',(-0.508602983299952,9.77592449464756,
0.2));
#10201=CARTESIAN_POINT('Ctrl Pts',(-0.452277343987365,9.81209398728163,
0.));
#10202=CARTESIAN_POINT('Ctrl Pts',(-0.452277343987365,9.81209398728163,
0.2));
#10203=CARTESIAN_POINT('Ctrl Pts',(-0.42506779756206,9.82956658947518,0.));
#10204=CARTESIAN_POINT('Ctrl Pts',(-0.42506779756206,9.82956658947518,0.2));
#10205=CARTESIAN_POINT('',(-0.610095218082843,9.76964164423993,0.2));
#10206=CARTESIAN_POINT('Ctrl Pts',(-0.610095218082843,9.76964164423993,
0.2));
#10207=CARTESIAN_POINT('Ctrl Pts',(-0.57550957405161,9.77178265954189,0.2));
#10208=CARTESIAN_POINT('Ctrl Pts',(-0.508602983299952,9.77592449464756,
0.2));
#10209=CARTESIAN_POINT('Ctrl Pts',(-0.452277343987365,9.81209398728163,
0.2));
#10210=CARTESIAN_POINT('Ctrl Pts',(-0.42506779756206,9.82956658947518,0.2));
#10211=CARTESIAN_POINT('',(-0.610095218082843,9.76964164423993,0.));
#10212=CARTESIAN_POINT('Ctrl Pts',(-0.7941674741711,9.81571938741258,0.));
#10213=CARTESIAN_POINT('Ctrl Pts',(-0.7941674741711,9.81571938741258,0.2));
#10214=CARTESIAN_POINT('Ctrl Pts',(-0.767508202013849,9.80230112750515,
0.));
#10215=CARTESIAN_POINT('Ctrl Pts',(-0.767508202013849,9.80230112750515,
0.2));
#10216=CARTESIAN_POINT('Ctrl Pts',(-0.709747291179429,9.77322865660294,
0.));
#10217=CARTESIAN_POINT('Ctrl Pts',(-0.709747291179429,9.77322865660294,
0.2));
#10218=CARTESIAN_POINT('Ctrl Pts',(-0.644973159216826,9.77089708832811,
0.));
#10219=CARTESIAN_POINT('Ctrl Pts',(-0.644973159216826,9.77089708832811,
0.2));
#10220=CARTESIAN_POINT('Ctrl Pts',(-0.610095218082843,9.76964164423993,
0.));
#10221=CARTESIAN_POINT('Ctrl Pts',(-0.610095218082843,9.76964164423993,
0.2));
#10222=CARTESIAN_POINT('',(-0.7941674741711,9.81571938741258,0.2));
#10223=CARTESIAN_POINT('Ctrl Pts',(-0.7941674741711,9.81571938741258,0.2));
#10224=CARTESIAN_POINT('Ctrl Pts',(-0.767508202013849,9.80230112750515,
0.2));
#10225=CARTESIAN_POINT('Ctrl Pts',(-0.709747291179429,9.77322865660294,
0.2));
#10226=CARTESIAN_POINT('Ctrl Pts',(-0.644973159216826,9.77089708832811,
0.2));
#10227=CARTESIAN_POINT('Ctrl Pts',(-0.610095218082843,9.76964164423993,
0.2));
#10228=CARTESIAN_POINT('',(-0.7941674741711,9.81571938741258,0.));
#10229=CARTESIAN_POINT('Ctrl Pts',(-0.902080193420825,9.94917776334336,
0.));
#10230=CARTESIAN_POINT('Ctrl Pts',(-0.902080193420825,9.94917776334336,
0.2));
#10231=CARTESIAN_POINT('Ctrl Pts',(-0.888716130033127,9.92202636389427,
0.));
#10232=CARTESIAN_POINT('Ctrl Pts',(-0.888716130033127,9.92202636389427,
0.2));
#10233=CARTESIAN_POINT('Ctrl Pts',(-0.862785417227218,9.86934364899177,
0.));
#10234=CARTESIAN_POINT('Ctrl Pts',(-0.862785417227218,9.86934364899177,
0.2));
#10235=CARTESIAN_POINT('Ctrl Pts',(-0.816566349947703,9.83322389308892,
0.));
#10236=CARTESIAN_POINT('Ctrl Pts',(-0.816566349947703,9.83322389308892,
0.2));
#10237=CARTESIAN_POINT('Ctrl Pts',(-0.7941674741711,9.81571938741258,0.));
#10238=CARTESIAN_POINT('Ctrl Pts',(-0.7941674741711,9.81571938741258,0.2));
#10239=CARTESIAN_POINT('',(-0.902080193420825,9.94917776334336,0.2));
#10240=CARTESIAN_POINT('Ctrl Pts',(-0.902080193420825,9.94917776334336,
0.2));
#10241=CARTESIAN_POINT('Ctrl Pts',(-0.888716130033127,9.92202636389427,
0.2));
#10242=CARTESIAN_POINT('Ctrl Pts',(-0.862785417227218,9.86934364899177,
0.2));
#10243=CARTESIAN_POINT('Ctrl Pts',(-0.816566349947703,9.83322389308892,
0.2));
#10244=CARTESIAN_POINT('Ctrl Pts',(-0.7941674741711,9.81571938741258,0.2));
#10245=CARTESIAN_POINT('',(-0.902080193420825,9.94917776334336,0.));
#10246=CARTESIAN_POINT('Ctrl Pts',(-0.939085588118014,10.1368312900071,
0.));
#10247=CARTESIAN_POINT('Ctrl Pts',(-0.939085588118014,10.1368312900071,
0.2));
#10248=CARTESIAN_POINT('Ctrl Pts',(-0.937633165935398,10.1041572152772,
0.));
#10249=CARTESIAN_POINT('Ctrl Pts',(-0.937633165935398,10.1041572152772,
0.2));
#10250=CARTESIAN_POINT('Ctrl Pts',(-0.934768999990012,10.0397241783418,
0.));
#10251=CARTESIAN_POINT('Ctrl Pts',(-0.934768999990012,10.0397241783418,
0.2));
#10252=CARTESIAN_POINT('Ctrl Pts',(-0.912872801762954,9.9790727670595,0.));
#10253=CARTESIAN_POINT('Ctrl Pts',(-0.912872801762954,9.9790727670595,0.2));
#10254=CARTESIAN_POINT('Ctrl Pts',(-0.902080193420825,9.94917776334336,
0.));
#10255=CARTESIAN_POINT('Ctrl Pts',(-0.902080193420825,9.94917776334336,
0.2));
#10256=CARTESIAN_POINT('',(-0.939085588118014,10.1368312900071,0.2));
#10257=CARTESIAN_POINT('Ctrl Pts',(-0.939085588118014,10.1368312900071,
0.2));
#10258=CARTESIAN_POINT('Ctrl Pts',(-0.937633165935398,10.1041572152772,
0.2));
#10259=CARTESIAN_POINT('Ctrl Pts',(-0.934768999990012,10.0397241783418,
0.2));
#10260=CARTESIAN_POINT('Ctrl Pts',(-0.912872801762954,9.9790727670595,0.2));
#10261=CARTESIAN_POINT('Ctrl Pts',(-0.902080193420825,9.94917776334336,
0.2));
#10262=CARTESIAN_POINT('',(-0.939085588118014,10.1368312900071,0.));
#10263=CARTESIAN_POINT('Ctrl Pts',(-0.897305265327868,10.3275884305244,
0.));
#10264=CARTESIAN_POINT('Ctrl Pts',(-0.897305265327868,10.3275884305244,
0.2));
#10265=CARTESIAN_POINT('Ctrl Pts',(-0.909484110266423,10.2985131882078,
0.));
#10266=CARTESIAN_POINT('Ctrl Pts',(-0.909484110266423,10.2985131882078,
0.2));
#10267=CARTESIAN_POINT('Ctrl Pts',(-0.935024611555566,10.2375389112862,
0.));
#10268=CARTESIAN_POINT('Ctrl Pts',(-0.935024611555566,10.2375389112862,
0.2));
#10269=CARTESIAN_POINT('Ctrl Pts',(-0.937690771568821,10.1714211613422,
0.));
#10270=CARTESIAN_POINT('Ctrl Pts',(-0.937690771568821,10.1714211613422,
0.2));
#10271=CARTESIAN_POINT('Ctrl Pts',(-0.939085588118014,10.1368312900071,
0.));
#10272=CARTESIAN_POINT('Ctrl Pts',(-0.939085588118014,10.1368312900071,
0.2));
#10273=CARTESIAN_POINT('',(-0.897305265327868,10.3275884305244,0.2));
#10274=CARTESIAN_POINT('Ctrl Pts',(-0.897305265327868,10.3275884305244,
0.2));
#10275=CARTESIAN_POINT('Ctrl Pts',(-0.909484110266423,10.2985131882078,
0.2));
#10276=CARTESIAN_POINT('Ctrl Pts',(-0.935024611555566,10.2375389112862,
0.2));
#10277=CARTESIAN_POINT('Ctrl Pts',(-0.937690771568821,10.1714211613422,
0.2));
#10278=CARTESIAN_POINT('Ctrl Pts',(-0.939085588118014,10.1368312900071,
0.2));
#10279=CARTESIAN_POINT('',(-0.897305265327868,10.3275884305244,0.));
#10280=CARTESIAN_POINT('Ctrl Pts',(-0.778410241266665,10.4512583081727,
0.));
#10281=CARTESIAN_POINT('Ctrl Pts',(-0.778410241266665,10.4512583081727,
0.2));
#10282=CARTESIAN_POINT('Ctrl Pts',(-0.802715105526237,10.4353992217777,
0.));
#10283=CARTESIAN_POINT('Ctrl Pts',(-0.802715105526237,10.4353992217777,
0.2));
#10284=CARTESIAN_POINT('Ctrl Pts',(-0.851847683138814,10.4033398864593,
0.));
#10285=CARTESIAN_POINT('Ctrl Pts',(-0.851847683138814,10.4033398864593,
0.2));
#10286=CARTESIAN_POINT('Ctrl Pts',(-0.882045619840052,10.353017419641,0.));
#10287=CARTESIAN_POINT('Ctrl Pts',(-0.882045619840052,10.353017419641,0.2));
#10288=CARTESIAN_POINT('Ctrl Pts',(-0.897305265327868,10.3275884305244,
0.));
#10289=CARTESIAN_POINT('Ctrl Pts',(-0.897305265327868,10.3275884305244,
0.2));
#10290=CARTESIAN_POINT('',(-0.778410241266665,10.4512583081727,0.2));
#10291=CARTESIAN_POINT('Ctrl Pts',(-0.778410241266665,10.4512583081727,
0.2));
#10292=CARTESIAN_POINT('Ctrl Pts',(-0.802715105526237,10.4353992217777,
0.2));
#10293=CARTESIAN_POINT('Ctrl Pts',(-0.851847683138814,10.4033398864593,
0.2));
#10294=CARTESIAN_POINT('Ctrl Pts',(-0.882045619840052,10.353017419641,0.2));
#10295=CARTESIAN_POINT('Ctrl Pts',(-0.897305265327868,10.3275884305244,
0.2));
#10296=CARTESIAN_POINT('',(-0.778410241266665,10.4512583081727,0.));
#10297=CARTESIAN_POINT('Ctrl Pts',(-0.608662620445666,10.4935161386733,
0.));
#10298=CARTESIAN_POINT('Ctrl Pts',(-0.608662620445666,10.4935161386733,
0.2));
#10299=CARTESIAN_POINT('Ctrl Pts',(-0.63871327562453,10.4918534605916,0.));
#10300=CARTESIAN_POINT('Ctrl Pts',(-0.63871327562453,10.4918534605916,0.2));
#10301=CARTESIAN_POINT('Ctrl Pts',(-0.698005787411541,10.488572854589,0.));
#10302=CARTESIAN_POINT('Ctrl Pts',(-0.698005787411541,10.488572854589,0.2));
#10303=CARTESIAN_POINT('Ctrl Pts',(-0.751853599446013,10.4635828623033,
0.));
#10304=CARTESIAN_POINT('Ctrl Pts',(-0.751853599446013,10.4635828623033,
0.2));
#10305=CARTESIAN_POINT('Ctrl Pts',(-0.778410241266665,10.4512583081727,
0.));
#10306=CARTESIAN_POINT('Ctrl Pts',(-0.778410241266665,10.4512583081727,
0.2));
#10307=CARTESIAN_POINT('',(-0.608662620445666,10.4935161386733,0.2));
#10308=CARTESIAN_POINT('Ctrl Pts',(-0.608662620445666,10.4935161386733,
0.2));
#10309=CARTESIAN_POINT('Ctrl Pts',(-0.63871327562453,10.4918534605916,0.2));
#10310=CARTESIAN_POINT('Ctrl Pts',(-0.698005787411541,10.488572854589,0.2));
#10311=CARTESIAN_POINT('Ctrl Pts',(-0.751853599446013,10.4635828623033,
0.2));
#10312=CARTESIAN_POINT('Ctrl Pts',(-0.778410241266665,10.4512583081727,
0.2));
#10313=CARTESIAN_POINT('',(-0.608662620445666,10.4935161386733,0.));
#10314=CARTESIAN_POINT('Ctrl Pts',(-0.43199147309917,10.4400372867589,0.));
#10315=CARTESIAN_POINT('Ctrl Pts',(-0.43199147309917,10.4400372867589,0.2));
#10316=CARTESIAN_POINT('Ctrl Pts',(-0.457961822735538,10.4556272038961,
0.));
#10317=CARTESIAN_POINT('Ctrl Pts',(-0.457961822735538,10.4556272038961,
0.2));
#10318=CARTESIAN_POINT('Ctrl Pts',(-0.512264686510531,10.4882250379036,
0.));
#10319=CARTESIAN_POINT('Ctrl Pts',(-0.512264686510531,10.4882250379036,
0.2));
#10320=CARTESIAN_POINT('Ctrl Pts',(-0.575611451622957,10.4917020223572,
0.));
#10321=CARTESIAN_POINT('Ctrl Pts',(-0.575611451622957,10.4917020223572,
0.2));
#10322=CARTESIAN_POINT('Ctrl Pts',(-0.608662620445666,10.4935161386733,
0.));
#10323=CARTESIAN_POINT('Ctrl Pts',(-0.608662620445666,10.4935161386733,
0.2));
#10324=CARTESIAN_POINT('',(-0.43199147309917,10.4400372867589,0.2));
#10325=CARTESIAN_POINT('Ctrl Pts',(-0.43199147309917,10.4400372867589,0.2));
#10326=CARTESIAN_POINT('Ctrl Pts',(-0.457961822735538,10.4556272038961,
0.2));
#10327=CARTESIAN_POINT('Ctrl Pts',(-0.512264686510531,10.4882250379036,
0.2));
#10328=CARTESIAN_POINT('Ctrl Pts',(-0.575611451622957,10.4917020223572,
0.2));
#10329=CARTESIAN_POINT('Ctrl Pts',(-0.608662620445666,10.4935161386733,
0.2));
#10330=CARTESIAN_POINT('',(-0.43199147309917,10.4400372867589,0.));
#10331=CARTESIAN_POINT('Ctrl Pts',(-0.332196012398181,10.2896280204063,
0.));
#10332=CARTESIAN_POINT('Ctrl Pts',(-0.332196012398181,10.2896280204063,
0.2));
#10333=CARTESIAN_POINT('Ctrl Pts',(-0.342982590486653,10.3198111152404,
0.));
#10334=CARTESIAN_POINT('Ctrl Pts',(-0.342982590486653,10.3198111152404,
0.2));
#10335=CARTESIAN_POINT('Ctrl Pts',(-0.363869930109121,10.3782582471749,
0.));
#10336=CARTESIAN_POINT('Ctrl Pts',(-0.363869930109121,10.3782582471749,
0.2));
#10337=CARTESIAN_POINT('Ctrl Pts',(-0.409786838565545,10.4199000300911,
0.));
#10338=CARTESIAN_POINT('Ctrl Pts',(-0.409786838565545,10.4199000300911,
0.2));
#10339=CARTESIAN_POINT('Ctrl Pts',(-0.43199147309917,10.4400372867589,0.));
#10340=CARTESIAN_POINT('Ctrl Pts',(-0.43199147309917,10.4400372867589,0.2));
#10341=CARTESIAN_POINT('',(-0.332196012398181,10.2896280204063,0.2));
#10342=CARTESIAN_POINT('Ctrl Pts',(-0.332196012398181,10.2896280204063,
0.2));
#10343=CARTESIAN_POINT('Ctrl Pts',(-0.342982590486653,10.3198111152404,
0.2));
#10344=CARTESIAN_POINT('Ctrl Pts',(-0.363869930109121,10.3782582471749,
0.2));
#10345=CARTESIAN_POINT('Ctrl Pts',(-0.409786838565545,10.4199000300911,
0.2));
#10346=CARTESIAN_POINT('Ctrl Pts',(-0.43199147309917,10.4400372867589,0.2));
#10347=CARTESIAN_POINT('',(-0.332196012398181,10.2896280204063,0.));
#10348=CARTESIAN_POINT('Origin',(-0.42339663233417,10.2681409557467,0.));
#10349=CARTESIAN_POINT('',(-0.42339663233417,10.2681409557467,0.2));
#10350=CARTESIAN_POINT('',(-0.332196012398181,10.2896280204063,0.2));
#10351=CARTESIAN_POINT('',(-0.42339663233417,10.2681409557467,0.));
#10352=CARTESIAN_POINT('Ctrl Pts',(-0.494065091272769,10.379396079958,0.));
#10353=CARTESIAN_POINT('Ctrl Pts',(-0.494065091272769,10.379396079958,0.2));
#10354=CARTESIAN_POINT('Ctrl Pts',(-0.479259503405518,10.3650985904104,
0.));
#10355=CARTESIAN_POINT('Ctrl Pts',(-0.479259503405518,10.3650985904104,
0.2));
#10356=CARTESIAN_POINT('Ctrl Pts',(-0.446852772760381,10.3338039942874,
0.));
#10357=CARTESIAN_POINT('Ctrl Pts',(-0.446852772760381,10.3338039942874,
0.2));
#10358=CARTESIAN_POINT('Ctrl Pts',(-0.431652429839645,10.2912522067852,
0.));
#10359=CARTESIAN_POINT('Ctrl Pts',(-0.431652429839645,10.2912522067852,
0.2));
#10360=CARTESIAN_POINT('Ctrl Pts',(-0.42339663233417,10.2681409557467,0.));
#10361=CARTESIAN_POINT('Ctrl Pts',(-0.42339663233417,10.2681409557467,0.2));
#10362=CARTESIAN_POINT('',(-0.494065091272769,10.379396079958,0.2));
#10363=CARTESIAN_POINT('Ctrl Pts',(-0.494065091272769,10.379396079958,0.2));
#10364=CARTESIAN_POINT('Ctrl Pts',(-0.479259503405518,10.3650985904104,
0.2));
#10365=CARTESIAN_POINT('Ctrl Pts',(-0.446852772760381,10.3338039942874,
0.2));
#10366=CARTESIAN_POINT('Ctrl Pts',(-0.431652429839645,10.2912522067852,
0.2));
#10367=CARTESIAN_POINT('Ctrl Pts',(-0.42339663233417,10.2681409557467,0.2));
#10368=CARTESIAN_POINT('',(-0.494065091272769,10.379396079958,0.));
#10369=CARTESIAN_POINT('Ctrl Pts',(-0.610572651287494,10.4142528389697,
0.));
#10370=CARTESIAN_POINT('Ctrl Pts',(-0.610572651287494,10.4142528389697,
0.2));
#10371=CARTESIAN_POINT('Ctrl Pts',(-0.588617186758097,10.4131243531407,
0.));
#10372=CARTESIAN_POINT('Ctrl Pts',(-0.588617186758097,10.4131243531407,
0.2));
#10373=CARTESIAN_POINT('Ctrl Pts',(-0.546858842236111,10.4109780218721,
0.));
#10374=CARTESIAN_POINT('Ctrl Pts',(-0.546858842236111,10.4109780218721,
0.2));
#10375=CARTESIAN_POINT('Ctrl Pts',(-0.511047669558524,10.3895552899248,
0.));
#10376=CARTESIAN_POINT('Ctrl Pts',(-0.511047669558524,10.3895552899248,
0.2));
#10377=CARTESIAN_POINT('Ctrl Pts',(-0.494065091272769,10.379396079958,0.));
#10378=CARTESIAN_POINT('Ctrl Pts',(-0.494065091272769,10.379396079958,0.2));
#10379=CARTESIAN_POINT('',(-0.610572651287494,10.4142528389697,0.2));
#10380=CARTESIAN_POINT('Ctrl Pts',(-0.610572651287494,10.4142528389697,
0.2));
#10381=CARTESIAN_POINT('Ctrl Pts',(-0.588617186758097,10.4131243531407,
0.2));
#10382=CARTESIAN_POINT('Ctrl Pts',(-0.546858842236111,10.4109780218721,
0.2));
#10383=CARTESIAN_POINT('Ctrl Pts',(-0.511047669558524,10.3895552899248,
0.2));
#10384=CARTESIAN_POINT('Ctrl Pts',(-0.494065091272769,10.379396079958,0.2));
#10385=CARTESIAN_POINT('',(-0.610572651287494,10.4142528389697,0.));
#10386=CARTESIAN_POINT('Ctrl Pts',(-0.745463475843844,10.3755761672859,
0.));
#10387=CARTESIAN_POINT('Ctrl Pts',(-0.745463475843844,10.3755761672859,
0.2));
#10388=CARTESIAN_POINT('Ctrl Pts',(-0.725664017375788,10.3868487329281,
0.));
#10389=CARTESIAN_POINT('Ctrl Pts',(-0.725664017375788,10.3868487329281,
0.2));
#10390=CARTESIAN_POINT('Ctrl Pts',(-0.683915586473095,10.4106176621929,
0.));
#10391=CARTESIAN_POINT('Ctrl Pts',(-0.683915586473095,10.4106176621929,
0.2));
#10392=CARTESIAN_POINT('Ctrl Pts',(-0.635845299438297,10.4130002228396,
0.));
#10393=CARTESIAN_POINT('Ctrl Pts',(-0.635845299438297,10.4130002228396,
0.2));
#10394=CARTESIAN_POINT('Ctrl Pts',(-0.610572651287494,10.4142528389697,
0.));
#10395=CARTESIAN_POINT('Ctrl Pts',(-0.610572651287494,10.4142528389697,
0.2));
#10396=CARTESIAN_POINT('',(-0.745463475843844,10.3755761672859,0.2));
#10397=CARTESIAN_POINT('Ctrl Pts',(-0.745463475843844,10.3755761672859,
0.2));
#10398=CARTESIAN_POINT('Ctrl Pts',(-0.725664017375788,10.3868487329281,
0.2));
#10399=CARTESIAN_POINT('Ctrl Pts',(-0.683915586473095,10.4106176621929,
0.2));
#10400=CARTESIAN_POINT('Ctrl Pts',(-0.635845299438297,10.4130002228396,
0.2));
#10401=CARTESIAN_POINT('Ctrl Pts',(-0.610572651287494,10.4142528389697,
0.2));
#10402=CARTESIAN_POINT('',(-0.745463475843844,10.3755761672859,0.));
#10403=CARTESIAN_POINT('Ctrl Pts',(-0.821623161693988,10.2717221518164,
0.));
#10404=CARTESIAN_POINT('Ctrl Pts',(-0.821623161693988,10.2717221518164,
0.2));
#10405=CARTESIAN_POINT('Ctrl Pts',(-0.813038811108115,10.2922862274188,
0.));
#10406=CARTESIAN_POINT('Ctrl Pts',(-0.813038811108115,10.2922862274188,
0.2));
#10407=CARTESIAN_POINT('Ctrl Pts',(-0.796018885131466,10.3330579830722,
0.));
#10408=CARTESIAN_POINT('Ctrl Pts',(-0.796018885131466,10.3330579830722,
0.2));
#10409=CARTESIAN_POINT('Ctrl Pts',(-0.762216788234029,10.3614862720119,
0.));
#10410=CARTESIAN_POINT('Ctrl Pts',(-0.762216788234029,10.3614862720119,
0.2));
#10411=CARTESIAN_POINT('Ctrl Pts',(-0.745463475843844,10.3755761672859,
0.));
#10412=CARTESIAN_POINT('Ctrl Pts',(-0.745463475843844,10.3755761672859,
0.2));
#10413=CARTESIAN_POINT('',(-0.821623161693988,10.2717221518164,0.2));
#10414=CARTESIAN_POINT('Ctrl Pts',(-0.821623161693988,10.2717221518164,
0.2));
#10415=CARTESIAN_POINT('Ctrl Pts',(-0.813038811108115,10.2922862274188,
0.2));
#10416=CARTESIAN_POINT('Ctrl Pts',(-0.796018885131466,10.3330579830722,
0.2));
#10417=CARTESIAN_POINT('Ctrl Pts',(-0.762216788234029,10.3614862720119,
0.2));
#10418=CARTESIAN_POINT('Ctrl Pts',(-0.745463475843844,10.3755761672859,
0.2));
#10419=CARTESIAN_POINT('',(-0.821623161693988,10.2717221518164,0.));
#10420=CARTESIAN_POINT('Ctrl Pts',(-0.843587622305331,10.1373087604647,
0.));
#10421=CARTESIAN_POINT('Ctrl Pts',(-0.843587622305331,10.1373087604647,
0.2));
#10422=CARTESIAN_POINT('Ctrl Pts',(-0.8426786549928,10.1601999069312,0.));
#10423=CARTESIAN_POINT('Ctrl Pts',(-0.8426786549928,10.1601999069312,0.2));
#10424=CARTESIAN_POINT('Ctrl Pts',(-0.84086378627884,10.2059049889249,0.));
#10425=CARTESIAN_POINT('Ctrl Pts',(-0.84086378627884,10.2059049889249,0.2));
#10426=CARTESIAN_POINT('Ctrl Pts',(-0.828029476096372,10.2498078196336,
0.));
#10427=CARTESIAN_POINT('Ctrl Pts',(-0.828029476096372,10.2498078196336,
0.2));
#10428=CARTESIAN_POINT('Ctrl Pts',(-0.821623161693988,10.2717221518164,
0.));
#10429=CARTESIAN_POINT('Ctrl Pts',(-0.821623161693988,10.2717221518164,
0.2));
#10430=CARTESIAN_POINT('',(-0.843587622305331,10.1373087604647,0.2));
#10431=CARTESIAN_POINT('Ctrl Pts',(-0.843587622305331,10.1373087604647,
0.2));
#10432=CARTESIAN_POINT('Ctrl Pts',(-0.8426786549928,10.1601999069312,0.2));
#10433=CARTESIAN_POINT('Ctrl Pts',(-0.84086378627884,10.2059049889249,0.2));
#10434=CARTESIAN_POINT('Ctrl Pts',(-0.828029476096372,10.2498078196336,
0.2));
#10435=CARTESIAN_POINT('Ctrl Pts',(-0.821623161693988,10.2717221518164,
0.2));
#10436=CARTESIAN_POINT('',(-0.843587622305331,10.1373087604647,0.));
#10437=CARTESIAN_POINT('Ctrl Pts',(-0.817564383408008,9.98140837895921,
0.));
#10438=CARTESIAN_POINT('Ctrl Pts',(-0.817564383408008,9.98140837895921,
0.2));
#10439=CARTESIAN_POINT('Ctrl Pts',(-0.825147945764185,10.0053159555361,
0.));
#10440=CARTESIAN_POINT('Ctrl Pts',(-0.825147945764185,10.0053159555361,
0.2));
#10441=CARTESIAN_POINT('Ctrl Pts',(-0.841227124700435,10.0560064072864,
0.));
#10442=CARTESIAN_POINT('Ctrl Pts',(-0.841227124700435,10.0560064072864,
0.2));
#10443=CARTESIAN_POINT('Ctrl Pts',(-0.842771587739507,10.1092021738117,
0.));
#10444=CARTESIAN_POINT('Ctrl Pts',(-0.842771587739507,10.1092021738117,
0.2));
#10445=CARTESIAN_POINT('Ctrl Pts',(-0.843587622305331,10.1373087604647,
0.));
#10446=CARTESIAN_POINT('Ctrl Pts',(-0.843587622305331,10.1373087604647,
0.2));
#10447=CARTESIAN_POINT('',(-0.817564383408008,9.98140837895921,0.2));
#10448=CARTESIAN_POINT('Ctrl Pts',(-0.817564383408008,9.98140837895921,
0.2));
#10449=CARTESIAN_POINT('Ctrl Pts',(-0.825147945764185,10.0053159555361,
0.2));
#10450=CARTESIAN_POINT('Ctrl Pts',(-0.841227124700435,10.0560064072864,
0.2));
#10451=CARTESIAN_POINT('Ctrl Pts',(-0.842771587739507,10.1092021738117,
0.2));
#10452=CARTESIAN_POINT('Ctrl Pts',(-0.843587622305331,10.1373087604647,
0.2));
#10453=CARTESIAN_POINT('',(-0.817564383408008,9.98140837895921,0.));
#10454=CARTESIAN_POINT('Ctrl Pts',(-0.73662991847652,9.88185170936635,0.));
#10455=CARTESIAN_POINT('Ctrl Pts',(-0.73662991847652,9.88185170936635,0.2));
#10456=CARTESIAN_POINT('Ctrl Pts',(-0.753850170353207,9.89455181320484,
0.));
#10457=CARTESIAN_POINT('Ctrl Pts',(-0.753850170353207,9.89455181320484,
0.2));
#10458=CARTESIAN_POINT('Ctrl Pts',(-0.78935257989083,9.9207351867625,0.));
#10459=CARTESIAN_POINT('Ctrl Pts',(-0.78935257989083,9.9207351867625,0.2));
#10460=CARTESIAN_POINT('Ctrl Pts',(-0.807974780541143,9.96078467734165,
0.));
#10461=CARTESIAN_POINT('Ctrl Pts',(-0.807974780541143,9.96078467734165,
0.2));
#10462=CARTESIAN_POINT('Ctrl Pts',(-0.817564383408008,9.98140837895921,
0.));
#10463=CARTESIAN_POINT('Ctrl Pts',(-0.817564383408008,9.98140837895921,
0.2));
#10464=CARTESIAN_POINT('',(-0.73662991847652,9.88185170936635,0.2));
#10465=CARTESIAN_POINT('Ctrl Pts',(-0.73662991847652,9.88185170936635,0.2));
#10466=CARTESIAN_POINT('Ctrl Pts',(-0.753850170353207,9.89455181320484,
0.2));
#10467=CARTESIAN_POINT('Ctrl Pts',(-0.78935257989083,9.9207351867625,0.2));
#10468=CARTESIAN_POINT('Ctrl Pts',(-0.807974780541143,9.96078467734165,
0.2));
#10469=CARTESIAN_POINT('Ctrl Pts',(-0.817564383408008,9.98140837895921,
0.2));
#10470=CARTESIAN_POINT('',(-0.73662991847652,9.88185170936635,0.));
#10471=CARTESIAN_POINT('Ctrl Pts',(-0.617735043426929,9.84890494394353,
0.));
#10472=CARTESIAN_POINT('Ctrl Pts',(-0.617735043426929,9.84890494394353,
0.2));
#10473=CARTESIAN_POINT('Ctrl Pts',(-0.638686920957135,9.85027893328157,
0.));
#10474=CARTESIAN_POINT('Ctrl Pts',(-0.638686920957135,9.85027893328157,
0.2));
#10475=CARTESIAN_POINT('Ctrl Pts',(-0.680599895313156,9.85302751654373,
0.));
#10476=CARTESIAN_POINT('Ctrl Pts',(-0.680599895313156,9.85302751654373,
0.2));
#10477=CARTESIAN_POINT('Ctrl Pts',(-0.717950505507009,9.8722422362509,0.));
#10478=CARTESIAN_POINT('Ctrl Pts',(-0.717950505507009,9.8722422362509,0.2));
#10479=CARTESIAN_POINT('Ctrl Pts',(-0.73662991847652,9.88185170936635,0.));
#10480=CARTESIAN_POINT('Ctrl Pts',(-0.73662991847652,9.88185170936635,0.2));
#10481=CARTESIAN_POINT('',(-0.617735043426929,9.84890494394353,0.2));
#10482=CARTESIAN_POINT('Ctrl Pts',(-0.617735043426929,9.84890494394353,
0.2));
#10483=CARTESIAN_POINT('Ctrl Pts',(-0.638686920957135,9.85027893328157,
0.2));
#10484=CARTESIAN_POINT('Ctrl Pts',(-0.680599895313156,9.85302751654373,
0.2));
#10485=CARTESIAN_POINT('Ctrl Pts',(-0.717950505507009,9.8722422362509,0.2));
#10486=CARTESIAN_POINT('Ctrl Pts',(-0.73662991847652,9.88185170936635,0.2));
#10487=CARTESIAN_POINT('',(-0.617735043426929,9.84890494394353,0.));
#10488=CARTESIAN_POINT('Ctrl Pts',(-0.485947832724032,9.89378895509294,
0.));
#10489=CARTESIAN_POINT('Ctrl Pts',(-0.485947832724032,9.89378895509294,
0.2));
#10490=CARTESIAN_POINT('Ctrl Pts',(-0.505276188863578,9.88070066640975,
0.));
#10491=CARTESIAN_POINT('Ctrl Pts',(-0.505276188863578,9.88070066640975,
0.2));
#10492=CARTESIAN_POINT('Ctrl Pts',(-0.545057841638752,9.8537623302131,0.));
#10493=CARTESIAN_POINT('Ctrl Pts',(-0.545057841638752,9.8537623302131,0.2));
#10494=CARTESIAN_POINT('Ctrl Pts',(-0.593056872674544,9.85055431134928,
0.));
#10495=CARTESIAN_POINT('Ctrl Pts',(-0.593056872674544,9.85055431134928,
0.2));
#10496=CARTESIAN_POINT('Ctrl Pts',(-0.617735043426929,9.84890494394353,
0.));
#10497=CARTESIAN_POINT('Ctrl Pts',(-0.617735043426929,9.84890494394353,
0.2));
#10498=CARTESIAN_POINT('',(-0.485947832724032,9.89378895509294,0.2));
#10499=CARTESIAN_POINT('Ctrl Pts',(-0.485947832724032,9.89378895509294,
0.2));
#10500=CARTESIAN_POINT('Ctrl Pts',(-0.505276188863578,9.88070066640975,
0.2));
#10501=CARTESIAN_POINT('Ctrl Pts',(-0.545057841638752,9.8537623302131,0.2));
#10502=CARTESIAN_POINT('Ctrl Pts',(-0.593056872674544,9.85055431134928,
0.2));
#10503=CARTESIAN_POINT('Ctrl Pts',(-0.617735043426929,9.84890494394353,
0.2));
#10504=CARTESIAN_POINT('',(-0.485947832724032,9.89378895509294,0.));
#10505=CARTESIAN_POINT('Ctrl Pts',(-0.412891909738956,10.0270086144214,
0.));
#10506=CARTESIAN_POINT('Ctrl Pts',(-0.412891909738956,10.0270086144214,
0.2));
#10507=CARTESIAN_POINT('Ctrl Pts',(-0.420021590699465,9.99997741156467,
0.));
#10508=CARTESIAN_POINT('Ctrl Pts',(-0.420021590699465,9.99997741156467,
0.2));
#10509=CARTESIAN_POINT('Ctrl Pts',(-0.433369861442628,9.94936928249921,
0.));
#10510=CARTESIAN_POINT('Ctrl Pts',(-0.433369861442628,9.94936928249921,
0.2));
#10511=CARTESIAN_POINT('Ctrl Pts',(-0.469237904497591,9.91145306915299,
0.));
#10512=CARTESIAN_POINT('Ctrl Pts',(-0.469237904497591,9.91145306915299,
0.2));
#10513=CARTESIAN_POINT('Ctrl Pts',(-0.485947832724032,9.89378895509294,
0.));
#10514=CARTESIAN_POINT('Ctrl Pts',(-0.485947832724032,9.89378895509294,
0.2));
#10515=CARTESIAN_POINT('Ctrl Pts',(-0.412891909738956,10.0270086144214,
0.2));
#10516=CARTESIAN_POINT('Ctrl Pts',(-0.420021590699465,9.99997741156467,
0.2));
#10517=CARTESIAN_POINT('Ctrl Pts',(-0.433369861442628,9.94936928249921,
0.2));
#10518=CARTESIAN_POINT('Ctrl Pts',(-0.469237904497591,9.91145306915299,
0.2));
#10519=CARTESIAN_POINT('Ctrl Pts',(-0.485947832724032,9.89378895509294,
0.2));
#10520=CARTESIAN_POINT('Origin',(-1.33110470976373,10.1315788914566,0.2));
#10521=CARTESIAN_POINT('Origin',(1.67823645175174,10.0036116306787,0.));
#10522=CARTESIAN_POINT('',(1.58560338319018,10.0270086144214,0.2));
#10523=CARTESIAN_POINT('',(1.58560338319018,10.0270086144214,0.));
#10524=CARTESIAN_POINT('',(1.67823645175174,10.0036116306787,0.2));
#10525=CARTESIAN_POINT('',(1.58560338319018,10.0270086144214,0.2));
#10526=CARTESIAN_POINT('',(1.67823645175174,10.0036116306787,0.));
#10527=CARTESIAN_POINT('Ctrl Pts',(1.57342749536708,9.82956658947518,0.));
#10528=CARTESIAN_POINT('Ctrl Pts',(1.57342749536708,9.82956658947518,0.2));
#10529=CARTESIAN_POINT('Ctrl Pts',(1.59693837294888,9.85272859183402,0.));
#10530=CARTESIAN_POINT('Ctrl Pts',(1.59693837294888,9.85272859183402,0.2));
#10531=CARTESIAN_POINT('Ctrl Pts',(1.64662598061528,9.90167889077414,0.));
#10532=CARTESIAN_POINT('Ctrl Pts',(1.64662598061528,9.90167889077414,0.2));
#10533=CARTESIAN_POINT('Ctrl Pts',(1.66732936687739,9.96844008765379,0.));
#10534=CARTESIAN_POINT('Ctrl Pts',(1.66732936687739,9.96844008765379,0.2));
#10535=CARTESIAN_POINT('Ctrl Pts',(1.67823645175174,10.0036116306787,0.));
#10536=CARTESIAN_POINT('Ctrl Pts',(1.67823645175174,10.0036116306787,0.2));
#10537=CARTESIAN_POINT('',(1.57342749536708,9.82956658947518,0.2));
#10538=CARTESIAN_POINT('Ctrl Pts',(1.57342749536708,9.82956658947518,0.2));
#10539=CARTESIAN_POINT('Ctrl Pts',(1.59693837294888,9.85272859183402,0.2));
#10540=CARTESIAN_POINT('Ctrl Pts',(1.64662598061528,9.90167889077414,0.2));
#10541=CARTESIAN_POINT('Ctrl Pts',(1.66732936687739,9.96844008765379,0.2));
#10542=CARTESIAN_POINT('Ctrl Pts',(1.67823645175174,10.0036116306787,0.2));
#10543=CARTESIAN_POINT('',(1.57342749536708,9.82956658947518,0.));
#10544=CARTESIAN_POINT('Ctrl Pts',(1.3884001493521,9.76964164423993,0.));
#10545=CARTESIAN_POINT('Ctrl Pts',(1.3884001493521,9.76964164423993,0.2));
#10546=CARTESIAN_POINT('Ctrl Pts',(1.42298573957727,9.77178267132298,0.));
#10547=CARTESIAN_POINT('Ctrl Pts',(1.42298573957727,9.77178267132298,0.2));
#10548=CARTESIAN_POINT('Ctrl Pts',(1.48989229520289,9.77592453348857,0.));
#10549=CARTESIAN_POINT('Ctrl Pts',(1.48989229520289,9.77592453348857,0.2));
#10550=CARTESIAN_POINT('Ctrl Pts',(1.54621792400716,9.81209398693887,0.));
#10551=CARTESIAN_POINT('Ctrl Pts',(1.54621792400716,9.81209398693887,0.2));
#10552=CARTESIAN_POINT('Ctrl Pts',(1.57342749536708,9.82956658947518,0.));
#10553=CARTESIAN_POINT('Ctrl Pts',(1.57342749536708,9.82956658947518,0.2));
#10554=CARTESIAN_POINT('',(1.3884001493521,9.76964164423993,0.2));
#10555=CARTESIAN_POINT('Ctrl Pts',(1.3884001493521,9.76964164423993,0.2));
#10556=CARTESIAN_POINT('Ctrl Pts',(1.42298573957727,9.77178267132298,0.2));
#10557=CARTESIAN_POINT('Ctrl Pts',(1.48989229520289,9.77592453348857,0.2));
#10558=CARTESIAN_POINT('Ctrl Pts',(1.54621792400716,9.81209398693887,0.2));
#10559=CARTESIAN_POINT('Ctrl Pts',(1.57342749536708,9.82956658947518,0.2));
#10560=CARTESIAN_POINT('',(1.3884001493521,9.76964164423993,0.));
#10561=CARTESIAN_POINT('Ctrl Pts',(1.20432781875804,9.81571938741258,0.));
#10562=CARTESIAN_POINT('Ctrl Pts',(1.20432781875804,9.81571938741258,0.2));
#10563=CARTESIAN_POINT('Ctrl Pts',(1.23098706606215,9.80230112808593,0.));
#10564=CARTESIAN_POINT('Ctrl Pts',(1.23098706606215,9.80230112808593,0.2));
#10565=CARTESIAN_POINT('Ctrl Pts',(1.28874799176223,9.77322862385691,0.));
#10566=CARTESIAN_POINT('Ctrl Pts',(1.28874799176223,9.77322862385691,0.2));
#10567=CARTESIAN_POINT('Ctrl Pts',(1.35352215552835,9.77089707769921,0.));
#10568=CARTESIAN_POINT('Ctrl Pts',(1.35352215552835,9.77089707769921,0.2));
#10569=CARTESIAN_POINT('Ctrl Pts',(1.3884001493521,9.76964164423993,0.));
#10570=CARTESIAN_POINT('Ctrl Pts',(1.3884001493521,9.76964164423993,0.2));
#10571=CARTESIAN_POINT('',(1.20432781875804,9.81571938741258,0.2));
#10572=CARTESIAN_POINT('Ctrl Pts',(1.20432781875804,9.81571938741258,0.2));
#10573=CARTESIAN_POINT('Ctrl Pts',(1.23098706606215,9.80230112808593,0.2));
#10574=CARTESIAN_POINT('Ctrl Pts',(1.28874799176223,9.77322862385691,0.2));
#10575=CARTESIAN_POINT('Ctrl Pts',(1.35352215552835,9.77089707769921,0.2));
#10576=CARTESIAN_POINT('Ctrl Pts',(1.3884001493521,9.76964164423993,0.2));
#10577=CARTESIAN_POINT('',(1.20432781875804,9.81571938741258,0.));
#10578=CARTESIAN_POINT('Ctrl Pts',(1.09641517401412,9.94917776334336,0.));
#10579=CARTESIAN_POINT('Ctrl Pts',(1.09641517401412,9.94917776334336,0.2));
#10580=CARTESIAN_POINT('Ctrl Pts',(1.10977917800976,9.92202635721591,0.));
#10581=CARTESIAN_POINT('Ctrl Pts',(1.10977917800976,9.92202635721591,0.2));
#10582=CARTESIAN_POINT('Ctrl Pts',(1.1357097944705,9.86934359096633,0.));
#10583=CARTESIAN_POINT('Ctrl Pts',(1.1357097944705,9.86934359096633,0.2));
#10584=CARTESIAN_POINT('Ctrl Pts',(1.18192890477377,9.83322388328442,0.));
#10585=CARTESIAN_POINT('Ctrl Pts',(1.18192890477377,9.83322388328442,0.2));
#10586=CARTESIAN_POINT('Ctrl Pts',(1.20432781875804,9.81571938741258,0.));
#10587=CARTESIAN_POINT('Ctrl Pts',(1.20432781875804,9.81571938741258,0.2));
#10588=CARTESIAN_POINT('',(1.09641517401412,9.94917776334336,0.2));
#10589=CARTESIAN_POINT('Ctrl Pts',(1.09641517401412,9.94917776334336,0.2));
#10590=CARTESIAN_POINT('Ctrl Pts',(1.10977917800976,9.92202635721591,0.2));
#10591=CARTESIAN_POINT('Ctrl Pts',(1.1357097944705,9.86934359096633,0.2));
#10592=CARTESIAN_POINT('Ctrl Pts',(1.18192890477377,9.83322388328442,0.2));
#10593=CARTESIAN_POINT('Ctrl Pts',(1.20432781875804,9.81571938741258,0.2));
#10594=CARTESIAN_POINT('',(1.09641517401412,9.94917776334336,0.));
#10595=CARTESIAN_POINT('Ctrl Pts',(1.05940970481113,10.1368312900071,0.));
#10596=CARTESIAN_POINT('Ctrl Pts',(1.05940970481113,10.1368312900071,0.2));
#10597=CARTESIAN_POINT('Ctrl Pts',(1.06086212125623,10.1041572134998,0.));
#10598=CARTESIAN_POINT('Ctrl Pts',(1.06086212125623,10.1041572134998,0.2));
#10599=CARTESIAN_POINT('Ctrl Pts',(1.06372627621238,10.0397241657455,0.));
#10600=CARTESIAN_POINT('Ctrl Pts',(1.06372627621238,10.0397241657455,0.2));
#10601=CARTESIAN_POINT('Ctrl Pts',(1.08562253470621,9.97907276523915,0.));
#10602=CARTESIAN_POINT('Ctrl Pts',(1.08562253470621,9.97907276523915,0.2));
#10603=CARTESIAN_POINT('Ctrl Pts',(1.09641517401412,9.94917776334336,0.));
#10604=CARTESIAN_POINT('Ctrl Pts',(1.09641517401412,9.94917776334336,0.2));
#10605=CARTESIAN_POINT('',(1.05940970481113,10.1368312900071,0.2));
#10606=CARTESIAN_POINT('Ctrl Pts',(1.05940970481113,10.1368312900071,0.2));
#10607=CARTESIAN_POINT('Ctrl Pts',(1.06086212125623,10.1041572134998,0.2));
#10608=CARTESIAN_POINT('Ctrl Pts',(1.06372627621238,10.0397241657455,0.2));
#10609=CARTESIAN_POINT('Ctrl Pts',(1.08562253470621,9.97907276523915,0.2));
#10610=CARTESIAN_POINT('Ctrl Pts',(1.09641517401412,9.94917776334336,0.2));
#10611=CARTESIAN_POINT('',(1.05940970481113,10.1368312900071,0.));
#10612=CARTESIAN_POINT('Ctrl Pts',(1.10119002760127,10.3275884305244,0.));
#10613=CARTESIAN_POINT('Ctrl Pts',(1.10119002760127,10.3275884305244,0.2));
#10614=CARTESIAN_POINT('Ctrl Pts',(1.08901125507197,10.2985131830431,0.));
#10615=CARTESIAN_POINT('Ctrl Pts',(1.08901125507197,10.2985131830431,0.2));
#10616=CARTESIAN_POINT('Ctrl Pts',(1.06347089657615,10.2375388736666,0.));
#10617=CARTESIAN_POINT('Ctrl Pts',(1.06347089657615,10.2375388736666,0.2));
#10618=CARTESIAN_POINT('Ctrl Pts',(1.0608045955716,10.1714211557618,0.));
#10619=CARTESIAN_POINT('Ctrl Pts',(1.0608045955716,10.1714211557618,0.2));
#10620=CARTESIAN_POINT('Ctrl Pts',(1.05940970481113,10.1368312900071,0.));
#10621=CARTESIAN_POINT('Ctrl Pts',(1.05940970481113,10.1368312900071,0.2));
#10622=CARTESIAN_POINT('',(1.10119002760127,10.3275884305244,0.2));
#10623=CARTESIAN_POINT('Ctrl Pts',(1.10119002760127,10.3275884305244,0.2));
#10624=CARTESIAN_POINT('Ctrl Pts',(1.08901125507197,10.2985131830431,0.2));
#10625=CARTESIAN_POINT('Ctrl Pts',(1.06347089657615,10.2375388736666,0.2));
#10626=CARTESIAN_POINT('Ctrl Pts',(1.0608045955716,10.1714211557618,0.2));
#10627=CARTESIAN_POINT('Ctrl Pts',(1.05940970481113,10.1368312900071,0.2));
#10628=CARTESIAN_POINT('',(1.10119002760127,10.3275884305244,0.));
#10629=CARTESIAN_POINT('Ctrl Pts',(1.22008505166247,10.4512583081727,0.));
#10630=CARTESIAN_POINT('Ctrl Pts',(1.22008505166247,10.4512583081727,0.2));
#10631=CARTESIAN_POINT('Ctrl Pts',(1.1957802204934,10.4353992140653,0.));
#10632=CARTESIAN_POINT('Ctrl Pts',(1.1957802204934,10.4353992140653,0.2));
#10633=CARTESIAN_POINT('Ctrl Pts',(1.14664768046597,10.4033398440325,0.));
#10634=CARTESIAN_POINT('Ctrl Pts',(1.14664768046597,10.4033398440325,0.2));
#10635=CARTESIAN_POINT('Ctrl Pts',(1.11644970273368,10.3530174152631,0.));
#10636=CARTESIAN_POINT('Ctrl Pts',(1.11644970273368,10.3530174152631,0.2));
#10637=CARTESIAN_POINT('Ctrl Pts',(1.10119002760127,10.3275884305244,0.));
#10638=CARTESIAN_POINT('Ctrl Pts',(1.10119002760127,10.3275884305244,0.2));
#10639=CARTESIAN_POINT('',(1.22008505166247,10.4512583081727,0.2));
#10640=CARTESIAN_POINT('Ctrl Pts',(1.22008505166247,10.4512583081727,0.2));
#10641=CARTESIAN_POINT('Ctrl Pts',(1.1957802204934,10.4353992140653,0.2));
#10642=CARTESIAN_POINT('Ctrl Pts',(1.14664768046597,10.4033398440325,0.2));
#10643=CARTESIAN_POINT('Ctrl Pts',(1.11644970273368,10.3530174152631,0.2));
#10644=CARTESIAN_POINT('Ctrl Pts',(1.10119002760127,10.3275884305244,0.2));
#10645=CARTESIAN_POINT('',(1.22008505166247,10.4512583081727,0.));
#10646=CARTESIAN_POINT('Ctrl Pts',(1.38983267248347,10.4935161386733,0.));
#10647=CARTESIAN_POINT('Ctrl Pts',(1.38983267248347,10.4935161386733,0.2));
#10648=CARTESIAN_POINT('Ctrl Pts',(1.35978201730461,10.4918534605916,0.));
#10649=CARTESIAN_POINT('Ctrl Pts',(1.35978201730461,10.4918534605916,0.2));
#10650=CARTESIAN_POINT('Ctrl Pts',(1.3004895055176,10.488572854589,0.));
#10651=CARTESIAN_POINT('Ctrl Pts',(1.3004895055176,10.488572854589,0.2));
#10652=CARTESIAN_POINT('Ctrl Pts',(1.24664169348313,10.4635828623033,0.));
#10653=CARTESIAN_POINT('Ctrl Pts',(1.24664169348313,10.4635828623033,0.2));
#10654=CARTESIAN_POINT('Ctrl Pts',(1.22008505166247,10.4512583081727,0.));
#10655=CARTESIAN_POINT('Ctrl Pts',(1.22008505166247,10.4512583081727,0.2));
#10656=CARTESIAN_POINT('',(1.38983267248347,10.4935161386733,0.2));
#10657=CARTESIAN_POINT('Ctrl Pts',(1.38983267248347,10.4935161386733,0.2));
#10658=CARTESIAN_POINT('Ctrl Pts',(1.35978201730461,10.4918534605916,0.2));
#10659=CARTESIAN_POINT('Ctrl Pts',(1.3004895055176,10.488572854589,0.2));
#10660=CARTESIAN_POINT('Ctrl Pts',(1.24664169348313,10.4635828623033,0.2));
#10661=CARTESIAN_POINT('Ctrl Pts',(1.22008505166247,10.4512583081727,0.2));
#10662=CARTESIAN_POINT('',(1.38983267248347,10.4935161386733,0.));
#10663=CARTESIAN_POINT('Ctrl Pts',(1.56650381982997,10.4400372867589,0.));
#10664=CARTESIAN_POINT('Ctrl Pts',(1.56650381982997,10.4400372867589,0.2));
#10665=CARTESIAN_POINT('Ctrl Pts',(1.54053349527137,10.4556272036237,0.));
#10666=CARTESIAN_POINT('Ctrl Pts',(1.54053349527137,10.4556272036237,0.2));
#10667=CARTESIAN_POINT('Ctrl Pts',(1.48623064142128,10.4882250625812,0.));
#10668=CARTESIAN_POINT('Ctrl Pts',(1.48623064142128,10.4882250625812,0.2));
#10669=CARTESIAN_POINT('Ctrl Pts',(1.42288386889278,10.4917020299627,0.));
#10670=CARTESIAN_POINT('Ctrl Pts',(1.42288386889278,10.4917020299627,0.2));
#10671=CARTESIAN_POINT('Ctrl Pts',(1.38983267248347,10.4935161386733,0.));
#10672=CARTESIAN_POINT('Ctrl Pts',(1.38983267248347,10.4935161386733,0.2));
#10673=CARTESIAN_POINT('',(1.56650381982997,10.4400372867589,0.2));
#10674=CARTESIAN_POINT('Ctrl Pts',(1.56650381982997,10.4400372867589,0.2));
#10675=CARTESIAN_POINT('Ctrl Pts',(1.54053349527137,10.4556272036237,0.2));
#10676=CARTESIAN_POINT('Ctrl Pts',(1.48623064142128,10.4882250625812,0.2));
#10677=CARTESIAN_POINT('Ctrl Pts',(1.42288386889278,10.4917020299627,0.2));
#10678=CARTESIAN_POINT('Ctrl Pts',(1.38983267248347,10.4935161386733,0.2));
#10679=CARTESIAN_POINT('',(1.56650381982997,10.4400372867589,0.));
#10680=CARTESIAN_POINT('Ctrl Pts',(1.66629928053096,10.2896280204063,0.));
#10681=CARTESIAN_POINT('Ctrl Pts',(1.66629928053096,10.2896280204063,0.2));
#10682=CARTESIAN_POINT('Ctrl Pts',(1.65551270244249,10.3198111152404,0.));
#10683=CARTESIAN_POINT('Ctrl Pts',(1.65551270244249,10.3198111152404,0.2));
#10684=CARTESIAN_POINT('Ctrl Pts',(1.63462536282002,10.3782582471749,0.));
#10685=CARTESIAN_POINT('Ctrl Pts',(1.63462536282002,10.3782582471749,0.2));
#10686=CARTESIAN_POINT('Ctrl Pts',(1.58870845436359,10.4199000300911,0.));
#10687=CARTESIAN_POINT('Ctrl Pts',(1.58870845436359,10.4199000300911,0.2));
#10688=CARTESIAN_POINT('Ctrl Pts',(1.56650381982997,10.4400372867589,0.));
#10689=CARTESIAN_POINT('Ctrl Pts',(1.56650381982997,10.4400372867589,0.2));
#10690=CARTESIAN_POINT('',(1.66629928053096,10.2896280204063,0.2));
#10691=CARTESIAN_POINT('Ctrl Pts',(1.66629928053096,10.2896280204063,0.2));
#10692=CARTESIAN_POINT('Ctrl Pts',(1.65551270244249,10.3198111152404,0.2));
#10693=CARTESIAN_POINT('Ctrl Pts',(1.63462536282002,10.3782582471749,0.2));
#10694=CARTESIAN_POINT('Ctrl Pts',(1.58870845436359,10.4199000300911,0.2));
#10695=CARTESIAN_POINT('Ctrl Pts',(1.56650381982997,10.4400372867589,0.2));
#10696=CARTESIAN_POINT('',(1.66629928053096,10.2896280204063,0.));
#10697=CARTESIAN_POINT('Origin',(1.57509866059497,10.2681409557467,0.));
#10698=CARTESIAN_POINT('',(1.57509866059497,10.2681409557467,0.2));
#10699=CARTESIAN_POINT('',(1.66629928053096,10.2896280204063,0.2));
#10700=CARTESIAN_POINT('',(1.57509866059497,10.2681409557467,0.));
#10701=CARTESIAN_POINT('Ctrl Pts',(1.50443020165637,10.379396079958,0.));
#10702=CARTESIAN_POINT('Ctrl Pts',(1.50443020165637,10.379396079958,0.2));
#10703=CARTESIAN_POINT('Ctrl Pts',(1.51923585695008,10.3650986019768,0.));
#10704=CARTESIAN_POINT('Ctrl Pts',(1.51923585695008,10.3650986019768,0.2));
#10705=CARTESIAN_POINT('Ctrl Pts',(1.55164269143194,10.3338040734165,0.));
#10706=CARTESIAN_POINT('Ctrl Pts',(1.55164269143194,10.3338040734165,0.2));
#10707=CARTESIAN_POINT('Ctrl Pts',(1.56684292944367,10.2912522176293,0.));
#10708=CARTESIAN_POINT('Ctrl Pts',(1.56684292944367,10.2912522176293,0.2));
#10709=CARTESIAN_POINT('Ctrl Pts',(1.57509866059497,10.2681409557467,0.));
#10710=CARTESIAN_POINT('Ctrl Pts',(1.57509866059497,10.2681409557467,0.2));
#10711=CARTESIAN_POINT('',(1.50443020165637,10.379396079958,0.2));
#10712=CARTESIAN_POINT('Ctrl Pts',(1.50443020165637,10.379396079958,0.2));
#10713=CARTESIAN_POINT('Ctrl Pts',(1.51923585695008,10.3650986019768,0.2));
#10714=CARTESIAN_POINT('Ctrl Pts',(1.55164269143194,10.3338040734165,0.2));
#10715=CARTESIAN_POINT('Ctrl Pts',(1.56684292944367,10.2912522176293,0.2));
#10716=CARTESIAN_POINT('Ctrl Pts',(1.57509866059497,10.2681409557467,0.2));
#10717=CARTESIAN_POINT('',(1.50443020165637,10.379396079958,0.));
#10718=CARTESIAN_POINT('Ctrl Pts',(1.38792264164165,10.4142528389697,0.));
#10719=CARTESIAN_POINT('Ctrl Pts',(1.38792264164165,10.4142528389697,0.2));
#10720=CARTESIAN_POINT('Ctrl Pts',(1.40987813378863,10.4131243608492,0.));
#10721=CARTESIAN_POINT('Ctrl Pts',(1.40987813378863,10.4131243608492,0.2));
#10722=CARTESIAN_POINT('Ctrl Pts',(1.45163648570451,10.4109780465617,0.));
#10723=CARTESIAN_POINT('Ctrl Pts',(1.45163648570451,10.4109780465617,0.2));
#10724=CARTESIAN_POINT('Ctrl Pts',(1.48744764843719,10.3895552896091,0.));
#10725=CARTESIAN_POINT('Ctrl Pts',(1.48744764843719,10.3895552896091,0.2));
#10726=CARTESIAN_POINT('Ctrl Pts',(1.50443020165637,10.379396079958,0.));
#10727=CARTESIAN_POINT('Ctrl Pts',(1.50443020165637,10.379396079958,0.2));
#10728=CARTESIAN_POINT('',(1.38792264164165,10.4142528389697,0.2));
#10729=CARTESIAN_POINT('Ctrl Pts',(1.38792264164165,10.4142528389697,0.2));
#10730=CARTESIAN_POINT('Ctrl Pts',(1.40987813378863,10.4131243608492,0.2));
#10731=CARTESIAN_POINT('Ctrl Pts',(1.45163648570451,10.4109780465617,0.2));
#10732=CARTESIAN_POINT('Ctrl Pts',(1.48744764843719,10.3895552896091,0.2));
#10733=CARTESIAN_POINT('Ctrl Pts',(1.50443020165637,10.379396079958,0.2));
#10734=CARTESIAN_POINT('',(1.38792264164165,10.4142528389697,0.));
#10735=CARTESIAN_POINT('Ctrl Pts',(1.2530318170853,10.3755761672859,0.));
#10736=CARTESIAN_POINT('Ctrl Pts',(1.2530318170853,10.3755761672859,0.2));
#10737=CARTESIAN_POINT('Ctrl Pts',(1.27283127555335,10.3868487329281,0.));
#10738=CARTESIAN_POINT('Ctrl Pts',(1.27283127555335,10.3868487329281,0.2));
#10739=CARTESIAN_POINT('Ctrl Pts',(1.31457970645604,10.4106176621929,0.));
#10740=CARTESIAN_POINT('Ctrl Pts',(1.31457970645604,10.4106176621929,0.2));
#10741=CARTESIAN_POINT('Ctrl Pts',(1.36264999349084,10.4130002228396,0.));
#10742=CARTESIAN_POINT('Ctrl Pts',(1.36264999349084,10.4130002228396,0.2));
#10743=CARTESIAN_POINT('Ctrl Pts',(1.38792264164165,10.4142528389697,0.));
#10744=CARTESIAN_POINT('Ctrl Pts',(1.38792264164165,10.4142528389697,0.2));
#10745=CARTESIAN_POINT('',(1.2530318170853,10.3755761672859,0.2));
#10746=CARTESIAN_POINT('Ctrl Pts',(1.2530318170853,10.3755761672859,0.2));
#10747=CARTESIAN_POINT('Ctrl Pts',(1.27283127555335,10.3868487329281,0.2));
#10748=CARTESIAN_POINT('Ctrl Pts',(1.31457970645604,10.4106176621929,0.2));
#10749=CARTESIAN_POINT('Ctrl Pts',(1.36264999349084,10.4130002228396,0.2));
#10750=CARTESIAN_POINT('Ctrl Pts',(1.38792264164165,10.4142528389697,0.2));
#10751=CARTESIAN_POINT('',(1.2530318170853,10.3755761672859,0.));
#10752=CARTESIAN_POINT('Ctrl Pts',(1.17687220574096,10.2717221518164,0.));
#10753=CARTESIAN_POINT('Ctrl Pts',(1.17687220574096,10.2717221518164,0.2));
#10754=CARTESIAN_POINT('Ctrl Pts',(1.18545649638829,10.2922862336466,0.));
#10755=CARTESIAN_POINT('Ctrl Pts',(1.18545649638829,10.2922862336466,0.2));
#10756=CARTESIAN_POINT('Ctrl Pts',(1.20247631917827,10.333058039142,0.));
#10757=CARTESIAN_POINT('Ctrl Pts',(1.20247631917827,10.333058039142,0.2));
#10758=CARTESIAN_POINT('Ctrl Pts',(1.23627846484523,10.3614862817765,0.));
#10759=CARTESIAN_POINT('Ctrl Pts',(1.23627846484523,10.3614862817765,0.2));
#10760=CARTESIAN_POINT('Ctrl Pts',(1.2530318170853,10.3755761672859,0.));
#10761=CARTESIAN_POINT('Ctrl Pts',(1.2530318170853,10.3755761672859,0.2));
#10762=CARTESIAN_POINT('',(1.17687220574096,10.2717221518164,0.2));
#10763=CARTESIAN_POINT('Ctrl Pts',(1.17687220574096,10.2717221518164,0.2));
#10764=CARTESIAN_POINT('Ctrl Pts',(1.18545649638829,10.2922862336466,0.2));
#10765=CARTESIAN_POINT('Ctrl Pts',(1.20247631917827,10.333058039142,0.2));
#10766=CARTESIAN_POINT('Ctrl Pts',(1.23627846484523,10.3614862817765,0.2));
#10767=CARTESIAN_POINT('Ctrl Pts',(1.2530318170853,10.3755761672859,0.2));
#10768=CARTESIAN_POINT('',(1.17687220574096,10.2717221518164,0.));
#10769=CARTESIAN_POINT('Ctrl Pts',(1.15490767062381,10.1373087604647,0.));
#10770=CARTESIAN_POINT('Ctrl Pts',(1.15490767062381,10.1373087604647,0.2));
#10771=CARTESIAN_POINT('Ctrl Pts',(1.15581663218128,10.1601999083738,0.));
#10772=CARTESIAN_POINT('Ctrl Pts',(1.15581663218128,10.1601999083738,0.2));
#10773=CARTESIAN_POINT('Ctrl Pts',(1.1576314896435,10.205904999266,0.));
#10774=CARTESIAN_POINT('Ctrl Pts',(1.1576314896435,10.205904999266,0.2));
#10775=CARTESIAN_POINT('Ctrl Pts',(1.17046586030416,10.2498078211455,0.));
#10776=CARTESIAN_POINT('Ctrl Pts',(1.17046586030416,10.2498078211455,0.2));
#10777=CARTESIAN_POINT('Ctrl Pts',(1.17687220574096,10.2717221518164,0.));
#10778=CARTESIAN_POINT('Ctrl Pts',(1.17687220574096,10.2717221518164,0.2));
#10779=CARTESIAN_POINT('',(1.15490767062381,10.1373087604647,0.2));
#10780=CARTESIAN_POINT('Ctrl Pts',(1.15490767062381,10.1373087604647,0.2));
#10781=CARTESIAN_POINT('Ctrl Pts',(1.15581663218128,10.1601999083738,0.2));
#10782=CARTESIAN_POINT('Ctrl Pts',(1.1576314896435,10.205904999266,0.2));
#10783=CARTESIAN_POINT('Ctrl Pts',(1.17046586030416,10.2498078211455,0.2));
#10784=CARTESIAN_POINT('Ctrl Pts',(1.17687220574096,10.2717221518164,0.2));
#10785=CARTESIAN_POINT('',(1.15490767062381,10.1373087604647,0.));
#10786=CARTESIAN_POINT('Ctrl Pts',(1.18093083501533,9.98140837895921,0.));
#10787=CARTESIAN_POINT('Ctrl Pts',(1.18093083501533,9.98140837895921,0.2));
#10788=CARTESIAN_POINT('Ctrl Pts',(1.17334733933722,10.0053159590424,0.));
#10789=CARTESIAN_POINT('Ctrl Pts',(1.17334733933722,10.0053159590424,0.2));
#10790=CARTESIAN_POINT('Ctrl Pts',(1.15726829678301,10.0560064339688,0.));
#10791=CARTESIAN_POINT('Ctrl Pts',(1.15726829678301,10.0560064339688,0.2));
#10792=CARTESIAN_POINT('Ctrl Pts',(1.15572374977945,10.109202177938,0.));
#10793=CARTESIAN_POINT('Ctrl Pts',(1.15572374977945,10.109202177938,0.2));
#10794=CARTESIAN_POINT('Ctrl Pts',(1.15490767062381,10.1373087604647,0.));
#10795=CARTESIAN_POINT('Ctrl Pts',(1.15490767062381,10.1373087604647,0.2));
#10796=CARTESIAN_POINT('',(1.18093083501533,9.98140837895921,0.2));
#10797=CARTESIAN_POINT('Ctrl Pts',(1.18093083501533,9.98140837895921,0.2));
#10798=CARTESIAN_POINT('Ctrl Pts',(1.17334733933722,10.0053159590424,0.2));
#10799=CARTESIAN_POINT('Ctrl Pts',(1.15726829678301,10.0560064339688,0.2));
#10800=CARTESIAN_POINT('Ctrl Pts',(1.15572374977945,10.109202177938,0.2));
#10801=CARTESIAN_POINT('Ctrl Pts',(1.15490767062381,10.1373087604647,0.2));
#10802=CARTESIAN_POINT('',(1.18093083501533,9.98140837895921,0.));
#10803=CARTESIAN_POINT('Ctrl Pts',(1.26186537445262,9.88185170936635,0.));
#10804=CARTESIAN_POINT('Ctrl Pts',(1.26186537445262,9.88185170936635,0.2));
#10805=CARTESIAN_POINT('Ctrl Pts',(1.24464516109149,9.89455182315961,0.));
#10806=CARTESIAN_POINT('Ctrl Pts',(1.24464516109149,9.89455182315961,0.2));
#10807=CARTESIAN_POINT('Ctrl Pts',(1.20914279449678,9.9207352441328,0.));
#10808=CARTESIAN_POINT('Ctrl Pts',(1.20914279449678,9.9207352441328,0.2));
#10809=CARTESIAN_POINT('Ctrl Pts',(1.19052049702042,9.96078468367292,0.));
#10810=CARTESIAN_POINT('Ctrl Pts',(1.19052049702042,9.96078468367292,0.2));
#10811=CARTESIAN_POINT('Ctrl Pts',(1.18093083501533,9.98140837895921,0.));
#10812=CARTESIAN_POINT('Ctrl Pts',(1.18093083501533,9.98140837895921,0.2));
#10813=CARTESIAN_POINT('',(1.26186537445262,9.88185170936635,0.2));
#10814=CARTESIAN_POINT('Ctrl Pts',(1.26186537445262,9.88185170936635,0.2));
#10815=CARTESIAN_POINT('Ctrl Pts',(1.24464516109149,9.89455182315961,0.2));
#10816=CARTESIAN_POINT('Ctrl Pts',(1.20914279449678,9.9207352441328,0.2));
#10817=CARTESIAN_POINT('Ctrl Pts',(1.19052049702042,9.96078468367292,0.2));
#10818=CARTESIAN_POINT('Ctrl Pts',(1.18093083501533,9.98140837895921,0.2));
#10819=CARTESIAN_POINT('',(1.26186537445262,9.88185170936635,0.));
#10820=CARTESIAN_POINT('Ctrl Pts',(1.38076032400802,9.84890494394353,0.));
#10821=CARTESIAN_POINT('Ctrl Pts',(1.38076032400802,9.84890494394353,0.2));
#10822=CARTESIAN_POINT('Ctrl Pts',(1.35980842085772,9.85027893002715,0.));
#10823=CARTESIAN_POINT('Ctrl Pts',(1.35980842085772,9.85027893002715,0.2));
#10824=CARTESIAN_POINT('Ctrl Pts',(1.31789542011258,9.85302750514863,0.));
#10825=CARTESIAN_POINT('Ctrl Pts',(1.31789542011258,9.85302750514863,0.2));
#10826=CARTESIAN_POINT('Ctrl Pts',(1.28054478753893,9.87224223625018,0.));
#10827=CARTESIAN_POINT('Ctrl Pts',(1.28054478753893,9.87224223625018,0.2));
#10828=CARTESIAN_POINT('Ctrl Pts',(1.26186537445262,9.88185170936635,0.));
#10829=CARTESIAN_POINT('Ctrl Pts',(1.26186537445262,9.88185170936635,0.2));
#10830=CARTESIAN_POINT('',(1.38076032400802,9.84890494394353,0.2));
#10831=CARTESIAN_POINT('Ctrl Pts',(1.38076032400802,9.84890494394353,0.2));
#10832=CARTESIAN_POINT('Ctrl Pts',(1.35980842085772,9.85027893002715,0.2));
#10833=CARTESIAN_POINT('Ctrl Pts',(1.31789542011258,9.85302750514863,0.2));
#10834=CARTESIAN_POINT('Ctrl Pts',(1.28054478753893,9.87224223625018,0.2));
#10835=CARTESIAN_POINT('Ctrl Pts',(1.26186537445262,9.88185170936635,0.2));
#10836=CARTESIAN_POINT('',(1.38076032400802,9.84890494394353,0.));
#10837=CARTESIAN_POINT('Ctrl Pts',(1.51254746020511,9.89378895509294,0.));
#10838=CARTESIAN_POINT('Ctrl Pts',(1.51254746020511,9.89378895509294,0.2));
#10839=CARTESIAN_POINT('Ctrl Pts',(1.49321910426633,9.88070066630715,0.));
#10840=CARTESIAN_POINT('Ctrl Pts',(1.49321910426633,9.88070066630715,0.2));
#10841=CARTESIAN_POINT('Ctrl Pts',(1.45343747260534,9.85376234391708,0.));
#10842=CARTESIAN_POINT('Ctrl Pts',(1.45343747260534,9.85376234391708,0.2));
#10843=CARTESIAN_POINT('Ctrl Pts',(1.4054384686843,9.85055431546692,0.));
#10844=CARTESIAN_POINT('Ctrl Pts',(1.4054384686843,9.85055431546692,0.2));
#10845=CARTESIAN_POINT('Ctrl Pts',(1.38076032400802,9.84890494394353,0.));
#10846=CARTESIAN_POINT('Ctrl Pts',(1.38076032400802,9.84890494394353,0.2));
#10847=CARTESIAN_POINT('',(1.51254746020511,9.89378895509294,0.2));
#10848=CARTESIAN_POINT('Ctrl Pts',(1.51254746020511,9.89378895509294,0.2));
#10849=CARTESIAN_POINT('Ctrl Pts',(1.49321910426633,9.88070066630715,0.2));
#10850=CARTESIAN_POINT('Ctrl Pts',(1.45343747260534,9.85376234391708,0.2));
#10851=CARTESIAN_POINT('Ctrl Pts',(1.4054384686843,9.85055431546692,0.2));
#10852=CARTESIAN_POINT('Ctrl Pts',(1.38076032400802,9.84890494394353,0.2));
#10853=CARTESIAN_POINT('',(1.51254746020511,9.89378895509294,0.));
#10854=CARTESIAN_POINT('Ctrl Pts',(1.58560338319018,10.0270086144214,0.));
#10855=CARTESIAN_POINT('Ctrl Pts',(1.58560338319018,10.0270086144214,0.2));
#10856=CARTESIAN_POINT('Ctrl Pts',(1.57847370222967,9.99997741156467,0.));
#10857=CARTESIAN_POINT('Ctrl Pts',(1.57847370222967,9.99997741156467,0.2));
#10858=CARTESIAN_POINT('Ctrl Pts',(1.56512543148651,9.94936928249921,0.));
#10859=CARTESIAN_POINT('Ctrl Pts',(1.56512543148651,9.94936928249921,0.2));
#10860=CARTESIAN_POINT('Ctrl Pts',(1.52925738843155,9.91145306915299,0.));
#10861=CARTESIAN_POINT('Ctrl Pts',(1.52925738843155,9.91145306915299,0.2));
#10862=CARTESIAN_POINT('Ctrl Pts',(1.51254746020511,9.89378895509294,0.));
#10863=CARTESIAN_POINT('Ctrl Pts',(1.51254746020511,9.89378895509294,0.2));
#10864=CARTESIAN_POINT('Ctrl Pts',(1.58560338319018,10.0270086144214,0.2));
#10865=CARTESIAN_POINT('Ctrl Pts',(1.57847370222967,9.99997741156467,0.2));
#10866=CARTESIAN_POINT('Ctrl Pts',(1.56512543148651,9.94936928249921,0.2));
#10867=CARTESIAN_POINT('Ctrl Pts',(1.52925738843155,9.91145306915299,0.2));
#10868=CARTESIAN_POINT('Ctrl Pts',(1.51254746020511,9.89378895509294,0.2));
#10869=CARTESIAN_POINT('Origin',(1.31415056419298,10.1315788914566,0.2));
#10870=CARTESIAN_POINT('Origin',(0.489764454594999,10.0141164277797,0.));
#10871=CARTESIAN_POINT('',(0.402383821836858,10.0064766024356,0.2));
#10872=CARTESIAN_POINT('',(0.402383821836858,10.0064766024356,0.));
#10873=CARTESIAN_POINT('',(0.489764454594999,10.0141164277797,0.2));
#10874=CARTESIAN_POINT('',(0.402383821836858,10.0064766024356,0.2));
#10875=CARTESIAN_POINT('',(0.489764454594999,10.0141164277797,0.));
#10876=CARTESIAN_POINT('Ctrl Pts',(0.518652581430226,9.9279295270448,0.));
#10877=CARTESIAN_POINT('Ctrl Pts',(0.518652581430226,9.9279295270448,0.2));
#10878=CARTESIAN_POINT('Ctrl Pts',(0.511722907819481,9.94046671822091,0.));
#10879=CARTESIAN_POINT('Ctrl Pts',(0.511722907819481,9.94046671822091,0.2));
#10880=CARTESIAN_POINT('Ctrl Pts',(0.496842851515026,9.96738777122851,0.));
#10881=CARTESIAN_POINT('Ctrl Pts',(0.496842851515026,9.96738777122851,0.2));
#10882=CARTESIAN_POINT('Ctrl Pts',(0.492229407825934,9.99784382336878,0.));
#10883=CARTESIAN_POINT('Ctrl Pts',(0.492229407825934,9.99784382336878,0.2));
#10884=CARTESIAN_POINT('Ctrl Pts',(0.489764454594999,10.0141164277797,0.));
#10885=CARTESIAN_POINT('Ctrl Pts',(0.489764454594999,10.0141164277797,0.2));
#10886=CARTESIAN_POINT('',(0.518652581430226,9.9279295270448,0.2));
#10887=CARTESIAN_POINT('Ctrl Pts',(0.518652581430226,9.9279295270448,0.2));
#10888=CARTESIAN_POINT('Ctrl Pts',(0.511722907819481,9.94046671822091,0.2));
#10889=CARTESIAN_POINT('Ctrl Pts',(0.496842851515026,9.96738777122851,0.2));
#10890=CARTESIAN_POINT('Ctrl Pts',(0.492229407825934,9.99784382336878,0.2));
#10891=CARTESIAN_POINT('Ctrl Pts',(0.489764454594999,10.0141164277797,0.2));
#10892=CARTESIAN_POINT('',(0.518652581430226,9.9279295270448,0.));
#10893=CARTESIAN_POINT('Ctrl Pts',(0.589082342392951,9.87349565970948,0.));
#10894=CARTESIAN_POINT('Ctrl Pts',(0.589082342392951,9.87349565970948,0.2));
#10895=CARTESIAN_POINT('Ctrl Pts',(0.574503820985983,9.88054044689313,0.));
#10896=CARTESIAN_POINT('Ctrl Pts',(0.574503820985983,9.88054044689313,0.2));
#10897=CARTESIAN_POINT('Ctrl Pts',(0.547146085012948,9.89376054119325,0.));
#10898=CARTESIAN_POINT('Ctrl Pts',(0.547146085012948,9.89376054119325,0.2));
#10899=CARTESIAN_POINT('Ctrl Pts',(0.527724635762502,9.91705045437394,0.));
#10900=CARTESIAN_POINT('Ctrl Pts',(0.527724635762502,9.91705045437394,0.2));
#10901=CARTESIAN_POINT('Ctrl Pts',(0.518652581430226,9.9279295270448,0.));
#10902=CARTESIAN_POINT('Ctrl Pts',(0.518652581430226,9.9279295270448,0.2));
#10903=CARTESIAN_POINT('',(0.589082342392951,9.87349565970948,0.2));
#10904=CARTESIAN_POINT('Ctrl Pts',(0.589082342392951,9.87349565970948,0.2));
#10905=CARTESIAN_POINT('Ctrl Pts',(0.574503820985983,9.88054044689313,0.2));
#10906=CARTESIAN_POINT('Ctrl Pts',(0.547146085012948,9.89376054119325,0.2));
#10907=CARTESIAN_POINT('Ctrl Pts',(0.527724635762502,9.91705045437394,0.2));
#10908=CARTESIAN_POINT('Ctrl Pts',(0.518652581430226,9.9279295270448,0.2));
#10909=CARTESIAN_POINT('',(0.589082342392951,9.87349565970948,0.));
#10910=CARTESIAN_POINT('Ctrl Pts',(0.696517516679316,9.85272485661557,0.));
#10911=CARTESIAN_POINT('Ctrl Pts',(0.696517516679316,9.85272485661557,0.2));
#10912=CARTESIAN_POINT('Ctrl Pts',(0.677420983323823,9.85346192365957,0.));
#10913=CARTESIAN_POINT('Ctrl Pts',(0.677420983323823,9.85346192365957,0.2));
#10914=CARTESIAN_POINT('Ctrl Pts',(0.640525204426238,9.85488598645578,0.));
#10915=CARTESIAN_POINT('Ctrl Pts',(0.640525204426238,9.85488598645578,0.2));
#10916=CARTESIAN_POINT('Ctrl Pts',(0.605823246014419,9.86743956690956,0.));
#10917=CARTESIAN_POINT('Ctrl Pts',(0.605823246014419,9.86743956690956,0.2));
#10918=CARTESIAN_POINT('Ctrl Pts',(0.589082342392951,9.87349565970948,0.));
#10919=CARTESIAN_POINT('Ctrl Pts',(0.589082342392951,9.87349565970948,0.2));
#10920=CARTESIAN_POINT('',(0.696517516679316,9.85272485661557,0.2));
#10921=CARTESIAN_POINT('Ctrl Pts',(0.696517516679316,9.85272485661557,0.2));
#10922=CARTESIAN_POINT('Ctrl Pts',(0.677420983323823,9.85346192365957,0.2));
#10923=CARTESIAN_POINT('Ctrl Pts',(0.640525204426238,9.85488598645578,0.2));
#10924=CARTESIAN_POINT('Ctrl Pts',(0.605823246014419,9.86743956690956,0.2));
#10925=CARTESIAN_POINT('Ctrl Pts',(0.589082342392951,9.87349565970948,0.2));
#10926=CARTESIAN_POINT('',(0.696517516679316,9.85272485661557,0.));
#10927=CARTESIAN_POINT('Ctrl Pts',(0.790105526155978,9.8684820150142,0.));
#10928=CARTESIAN_POINT('Ctrl Pts',(0.790105526155978,9.8684820150142,0.2));
#10929=CARTESIAN_POINT('Ctrl Pts',(0.775655238015426,9.86388936513358,0.));
#10930=CARTESIAN_POINT('Ctrl Pts',(0.775655238015426,9.86388936513358,0.2));
#10931=CARTESIAN_POINT('Ctrl Pts',(0.745224545439612,9.85421775753196,0.));
#10932=CARTESIAN_POINT('Ctrl Pts',(0.745224545439612,9.85421775753196,0.2));
#10933=CARTESIAN_POINT('Ctrl Pts',(0.713288463038195,9.85323889661812,0.));
#10934=CARTESIAN_POINT('Ctrl Pts',(0.713288463038195,9.85323889661812,0.2));
#10935=CARTESIAN_POINT('Ctrl Pts',(0.696517516679316,9.85272485661557,0.));
#10936=CARTESIAN_POINT('Ctrl Pts',(0.696517516679316,9.85272485661557,0.2));
#10937=CARTESIAN_POINT('',(0.790105526155978,9.8684820150142,0.2));
#10938=CARTESIAN_POINT('Ctrl Pts',(0.790105526155978,9.8684820150142,0.2));
#10939=CARTESIAN_POINT('Ctrl Pts',(0.775655238015426,9.86388936513358,0.2));
#10940=CARTESIAN_POINT('Ctrl Pts',(0.745224545439612,9.85421775753196,0.2));
#10941=CARTESIAN_POINT('Ctrl Pts',(0.713288463038195,9.85323889661812,0.2));
#10942=CARTESIAN_POINT('Ctrl Pts',(0.696517516679316,9.85272485661557,0.2));
#10943=CARTESIAN_POINT('',(0.790105526155978,9.8684820150142,0.));
#10944=CARTESIAN_POINT('Ctrl Pts',(0.850507979101687,9.91169486093572,0.));
#10945=CARTESIAN_POINT('Ctrl Pts',(0.850507979101687,9.91169486093572,0.2));
#10946=CARTESIAN_POINT('Ctrl Pts',(0.842636380510048,9.90288160989859,0.));
#10947=CARTESIAN_POINT('Ctrl Pts',(0.842636380510048,9.90288160989859,0.2));
#10948=CARTESIAN_POINT('Ctrl Pts',(0.825771850568407,9.88399963385922,0.));
#10949=CARTESIAN_POINT('Ctrl Pts',(0.825771850568407,9.88399963385922,0.2));
#10950=CARTESIAN_POINT('Ctrl Pts',(0.802509868691011,9.87387886660047,0.));
#10951=CARTESIAN_POINT('Ctrl Pts',(0.802509868691011,9.87387886660047,0.2));
#10952=CARTESIAN_POINT('Ctrl Pts',(0.790105526155978,9.8684820150142,0.));
#10953=CARTESIAN_POINT('Ctrl Pts',(0.790105526155978,9.8684820150142,0.2));
#10954=CARTESIAN_POINT('',(0.850507979101687,9.91169486093572,0.2));
#10955=CARTESIAN_POINT('Ctrl Pts',(0.850507979101687,9.91169486093572,0.2));
#10956=CARTESIAN_POINT('Ctrl Pts',(0.842636380510048,9.90288160989859,0.2));
#10957=CARTESIAN_POINT('Ctrl Pts',(0.825771850568407,9.88399963385922,0.2));
#10958=CARTESIAN_POINT('Ctrl Pts',(0.802509868691011,9.87387886660047,0.2));
#10959=CARTESIAN_POINT('Ctrl Pts',(0.790105526155978,9.8684820150142,0.2));
#10960=CARTESIAN_POINT('',(0.850507979101687,9.91169486093572,0.));
#10961=CARTESIAN_POINT('Ctrl Pts',(0.870323804027586,9.97161980617097,0.));
#10962=CARTESIAN_POINT('Ctrl Pts',(0.870323804027586,9.97161980617097,0.2));
#10963=CARTESIAN_POINT('Ctrl Pts',(0.869461503116985,9.96095520678623,0.));
#10964=CARTESIAN_POINT('Ctrl Pts',(0.869461503116985,9.96095520678623,0.2));
#10965=CARTESIAN_POINT('Ctrl Pts',(0.867717222273967,9.93938262559492,0.));
#10966=CARTESIAN_POINT('Ctrl Pts',(0.867717222273967,9.93938262559492,0.2));
#10967=CARTESIAN_POINT('Ctrl Pts',(0.856287377428011,9.92099327220977,0.));
#10968=CARTESIAN_POINT('Ctrl Pts',(0.856287377428011,9.92099327220977,0.2));
#10969=CARTESIAN_POINT('Ctrl Pts',(0.850507979101687,9.91169486093572,0.));
#10970=CARTESIAN_POINT('Ctrl Pts',(0.850507979101687,9.91169486093572,0.2));
#10971=CARTESIAN_POINT('',(0.870323804027586,9.97161980617097,0.2));
#10972=CARTESIAN_POINT('Ctrl Pts',(0.870323804027586,9.97161980617097,0.2));
#10973=CARTESIAN_POINT('Ctrl Pts',(0.869461503116985,9.96095520678623,0.2));
#10974=CARTESIAN_POINT('Ctrl Pts',(0.867717222273967,9.93938262559492,0.2));
#10975=CARTESIAN_POINT('Ctrl Pts',(0.856287377428011,9.92099327220977,0.2));
#10976=CARTESIAN_POINT('Ctrl Pts',(0.850507979101687,9.91169486093572,0.2));
#10977=CARTESIAN_POINT('',(0.870323804027586,9.97161980617097,0.));
#10978=CARTESIAN_POINT('Ctrl Pts',(0.851224203414469,10.0291573618656,0.));
#10979=CARTESIAN_POINT('Ctrl Pts',(0.851224203414469,10.0291573618656,0.2));
#10980=CARTESIAN_POINT('Ctrl Pts',(0.85679455649358,10.0205304705854,0.));
#10981=CARTESIAN_POINT('Ctrl Pts',(0.85679455649358,10.0205304705854,0.2));
#10982=CARTESIAN_POINT('Ctrl Pts',(0.868108702748121,10.0030080786869,0.));
#10983=CARTESIAN_POINT('Ctrl Pts',(0.868108702748121,10.0030080786869,0.2));
#10984=CARTESIAN_POINT('Ctrl Pts',(0.869577929435634,9.98218894590828,0.));
#10985=CARTESIAN_POINT('Ctrl Pts',(0.869577929435634,9.98218894590828,0.2));
#10986=CARTESIAN_POINT('Ctrl Pts',(0.870323804027586,9.97161980617097,0.));
#10987=CARTESIAN_POINT('Ctrl Pts',(0.870323804027586,9.97161980617097,0.2));
#10988=CARTESIAN_POINT('',(0.851224203414469,10.0291573618656,0.2));
#10989=CARTESIAN_POINT('Ctrl Pts',(0.851224203414469,10.0291573618656,0.2));
#10990=CARTESIAN_POINT('Ctrl Pts',(0.85679455649358,10.0205304705854,0.2));
#10991=CARTESIAN_POINT('Ctrl Pts',(0.868108702748121,10.0030080786869,0.2));
#10992=CARTESIAN_POINT('Ctrl Pts',(0.869577929435634,9.98218894590828,0.2));
#10993=CARTESIAN_POINT('Ctrl Pts',(0.870323804027586,9.97161980617097,0.2));
#10994=CARTESIAN_POINT('',(0.851224203414469,10.0291573618656,0.));
#10995=CARTESIAN_POINT('Ctrl Pts',(0.788195569819956,10.0704601769452,0.));
#10996=CARTESIAN_POINT('Ctrl Pts',(0.788195569819956,10.0704601769452,0.2));
#10997=CARTESIAN_POINT('Ctrl Pts',(0.801354225522058,10.0650975983491,0.));
#10998=CARTESIAN_POINT('Ctrl Pts',(0.801354225522058,10.0650975983491,0.2));
#10999=CARTESIAN_POINT('Ctrl Pts',(0.825123560499187,10.0554108241163,0.));
#11000=CARTESIAN_POINT('Ctrl Pts',(0.825123560499187,10.0554108241163,0.2));
#11001=CARTESIAN_POINT('Ctrl Pts',(0.843168780609381,10.0372599491931,0.));
#11002=CARTESIAN_POINT('Ctrl Pts',(0.843168780609381,10.0372599491931,0.2));
#11003=CARTESIAN_POINT('Ctrl Pts',(0.851224203414469,10.0291573618656,0.));
#11004=CARTESIAN_POINT('Ctrl Pts',(0.851224203414469,10.0291573618656,0.2));
#11005=CARTESIAN_POINT('',(0.788195569819956,10.0704601769452,0.2));
#11006=CARTESIAN_POINT('Ctrl Pts',(0.788195569819956,10.0704601769452,0.2));
#11007=CARTESIAN_POINT('Ctrl Pts',(0.801354225522058,10.0650975983491,0.2));
#11008=CARTESIAN_POINT('Ctrl Pts',(0.825123560499187,10.0554108241163,0.2));
#11009=CARTESIAN_POINT('Ctrl Pts',(0.843168780609381,10.0372599491931,0.2));
#11010=CARTESIAN_POINT('Ctrl Pts',(0.851224203414469,10.0291573618656,0.2));
#11011=CARTESIAN_POINT('',(0.788195569819956,10.0704601769452,0.));
#11012=CARTESIAN_POINT('Ctrl Pts',(0.663570714003592,10.1046007116442,0.));
#11013=CARTESIAN_POINT('Ctrl Pts',(0.663570714003592,10.1046007116442,0.2));
#11014=CARTESIAN_POINT('Ctrl Pts',(0.69015452342968,10.0983326384643,0.));
#11015=CARTESIAN_POINT('Ctrl Pts',(0.69015452342968,10.0983326384643,0.2));
#11016=CARTESIAN_POINT('Ctrl Pts',(0.732114614470869,10.0884390631281,0.));
#11017=CARTESIAN_POINT('Ctrl Pts',(0.732114614470869,10.0884390631281,0.2));
#11018=CARTESIAN_POINT('Ctrl Pts',(0.773155961928108,10.0752816960659,0.));
#11019=CARTESIAN_POINT('Ctrl Pts',(0.773155961928108,10.0752816960659,0.2));
#11020=CARTESIAN_POINT('Ctrl Pts',(0.788195569819956,10.0704601769452,0.));
#11021=CARTESIAN_POINT('Ctrl Pts',(0.788195569819956,10.0704601769452,0.2));
#11022=CARTESIAN_POINT('',(0.663570714003592,10.1046007116442,0.2));
#11023=CARTESIAN_POINT('Ctrl Pts',(0.663570714003592,10.1046007116442,0.2));
#11024=CARTESIAN_POINT('Ctrl Pts',(0.69015452342968,10.0983326384643,0.2));
#11025=CARTESIAN_POINT('Ctrl Pts',(0.732114614470869,10.0884390631281,0.2));
#11026=CARTESIAN_POINT('Ctrl Pts',(0.773155961928108,10.0752816960659,0.2));
#11027=CARTESIAN_POINT('Ctrl Pts',(0.788195569819956,10.0704601769452,0.2));
#11028=CARTESIAN_POINT('',(0.663570714003592,10.1046007116442,0.));
#11029=CARTESIAN_POINT('Ctrl Pts',(0.528441135592013,10.1482910280233,0.));
#11030=CARTESIAN_POINT('Ctrl Pts',(0.528441135592013,10.1482910280233,0.2));
#11031=CARTESIAN_POINT('Ctrl Pts',(0.546011904026693,10.1408223069345,0.));
#11032=CARTESIAN_POINT('Ctrl Pts',(0.546011904026693,10.1408223069345,0.2));
#11033=CARTESIAN_POINT('Ctrl Pts',(0.589709588215062,10.1222479448262,0.));
#11034=CARTESIAN_POINT('Ctrl Pts',(0.589709588215062,10.1222479448262,0.2));
#11035=CARTESIAN_POINT('Ctrl Pts',(0.635933414075617,10.1112039399479,0.));
#11036=CARTESIAN_POINT('Ctrl Pts',(0.635933414075617,10.1112039399479,0.2));
#11037=CARTESIAN_POINT('Ctrl Pts',(0.663570714003592,10.1046007116442,0.));
#11038=CARTESIAN_POINT('Ctrl Pts',(0.663570714003592,10.1046007116442,0.2));
#11039=CARTESIAN_POINT('',(0.528441135592013,10.1482910280233,0.2));
#11040=CARTESIAN_POINT('Ctrl Pts',(0.528441135592013,10.1482910280233,0.2));
#11041=CARTESIAN_POINT('Ctrl Pts',(0.546011904026693,10.1408223069345,0.2));
#11042=CARTESIAN_POINT('Ctrl Pts',(0.589709588215062,10.1222479448262,0.2));
#11043=CARTESIAN_POINT('Ctrl Pts',(0.635933414075617,10.1112039399479,0.2));
#11044=CARTESIAN_POINT('Ctrl Pts',(0.663570714003592,10.1046007116442,0.2));
#11045=CARTESIAN_POINT('',(0.528441135592013,10.1482910280233,0.));
#11046=CARTESIAN_POINT('Ctrl Pts',(0.45371397287324,10.213468371809,0.));
#11047=CARTESIAN_POINT('Ctrl Pts',(0.45371397287324,10.213468371809,0.2));
#11048=CARTESIAN_POINT('Ctrl Pts',(0.463387404030664,10.2008139593634,0.));
#11049=CARTESIAN_POINT('Ctrl Pts',(0.463387404030664,10.2008139593634,0.2));
#11050=CARTESIAN_POINT('Ctrl Pts',(0.483842501655883,10.1740553834503,0.));
#11051=CARTESIAN_POINT('Ctrl Pts',(0.483842501655883,10.1740553834503,0.2));
#11052=CARTESIAN_POINT('Ctrl Pts',(0.513047492556941,10.1571838405484,0.));
#11053=CARTESIAN_POINT('Ctrl Pts',(0.513047492556941,10.1571838405484,0.2));
#11054=CARTESIAN_POINT('Ctrl Pts',(0.528441135592013,10.1482910280233,0.));
#11055=CARTESIAN_POINT('Ctrl Pts',(0.528441135592013,10.1482910280233,0.2));
#11056=CARTESIAN_POINT('',(0.45371397287324,10.213468371809,0.2));
#11057=CARTESIAN_POINT('Ctrl Pts',(0.45371397287324,10.213468371809,0.2));
#11058=CARTESIAN_POINT('Ctrl Pts',(0.463387404030664,10.2008139593634,0.2));
#11059=CARTESIAN_POINT('Ctrl Pts',(0.483842501655883,10.1740553834503,0.2));
#11060=CARTESIAN_POINT('Ctrl Pts',(0.513047492556941,10.1571838405484,0.2));
#11061=CARTESIAN_POINT('Ctrl Pts',(0.528441135592013,10.1482910280233,0.2));
#11062=CARTESIAN_POINT('',(0.45371397287324,10.213468371809,0.));
#11063=CARTESIAN_POINT('Ctrl Pts',(0.429123247794061,10.3006102879649,0.));
#11064=CARTESIAN_POINT('Ctrl Pts',(0.429123247794061,10.3006102879649,0.2));
#11065=CARTESIAN_POINT('Ctrl Pts',(0.430096311439812,10.2850049588901,0.));
#11066=CARTESIAN_POINT('Ctrl Pts',(0.430096311439812,10.2850049588901,0.2));
#11067=CARTESIAN_POINT('Ctrl Pts',(0.432018704663808,10.2541749314788,0.));
#11068=CARTESIAN_POINT('Ctrl Pts',(0.432018704663808,10.2541749314788,0.2));
#11069=CARTESIAN_POINT('Ctrl Pts',(0.446541985450533,10.2269250818693,0.));
#11070=CARTESIAN_POINT('Ctrl Pts',(0.446541985450533,10.2269250818693,0.2));
#11071=CARTESIAN_POINT('Ctrl Pts',(0.45371397287324,10.213468371809,0.));
#11072=CARTESIAN_POINT('Ctrl Pts',(0.45371397287324,10.213468371809,0.2));
#11073=CARTESIAN_POINT('',(0.429123247794061,10.3006102879649,0.2));
#11074=CARTESIAN_POINT('Ctrl Pts',(0.429123247794061,10.3006102879649,0.2));
#11075=CARTESIAN_POINT('Ctrl Pts',(0.430096311439812,10.2850049588901,0.2));
#11076=CARTESIAN_POINT('Ctrl Pts',(0.432018704663808,10.2541749314788,0.2));
#11077=CARTESIAN_POINT('Ctrl Pts',(0.446541985450533,10.2269250818693,0.2));
#11078=CARTESIAN_POINT('Ctrl Pts',(0.45371397287324,10.213468371809,0.2));
#11079=CARTESIAN_POINT('',(0.429123247794061,10.3006102879649,0.));
#11080=CARTESIAN_POINT('Ctrl Pts',(0.459205106652527,10.3996894125943,0.));
#11081=CARTESIAN_POINT('Ctrl Pts',(0.459205106652527,10.3996894125943,0.2));
#11082=CARTESIAN_POINT('Ctrl Pts',(0.45043148029463,10.3841316368542,0.));
#11083=CARTESIAN_POINT('Ctrl Pts',(0.45043148029463,10.3841316368542,0.2));
#11084=CARTESIAN_POINT('Ctrl Pts',(0.433057774791711,10.3533238268378,0.));
#11085=CARTESIAN_POINT('Ctrl Pts',(0.433057774791711,10.3533238268378,0.2));
#11086=CARTESIAN_POINT('Ctrl Pts',(0.430425993775698,10.3180640634722,0.));
#11087=CARTESIAN_POINT('Ctrl Pts',(0.430425993775698,10.3180640634722,0.2));
#11088=CARTESIAN_POINT('Ctrl Pts',(0.429123247794061,10.3006102879649,0.));
#11089=CARTESIAN_POINT('Ctrl Pts',(0.429123247794061,10.3006102879649,0.2));
#11090=CARTESIAN_POINT('',(0.459205106652527,10.3996894125943,0.2));
#11091=CARTESIAN_POINT('Ctrl Pts',(0.459205106652527,10.3996894125943,0.2));
#11092=CARTESIAN_POINT('Ctrl Pts',(0.45043148029463,10.3841316368542,0.2));
#11093=CARTESIAN_POINT('Ctrl Pts',(0.433057774791711,10.3533238268378,0.2));
#11094=CARTESIAN_POINT('Ctrl Pts',(0.430425993775698,10.3180640634722,0.2));
#11095=CARTESIAN_POINT('Ctrl Pts',(0.429123247794061,10.3006102879649,0.2));
#11096=CARTESIAN_POINT('',(0.459205106652527,10.3996894125943,0.));
#11097=CARTESIAN_POINT('Ctrl Pts',(0.547063228494673,10.4696416472202,0.));
#11098=CARTESIAN_POINT('Ctrl Pts',(0.547063228494673,10.4696416472202,0.2));
#11099=CARTESIAN_POINT('Ctrl Pts',(0.529144082948607,10.4610362810951,0.));
#11100=CARTESIAN_POINT('Ctrl Pts',(0.529144082948607,10.4610362810951,0.2));
#11101=CARTESIAN_POINT('Ctrl Pts',(0.494486784637148,10.4443927006236,0.));
#11102=CARTESIAN_POINT('Ctrl Pts',(0.494486784637148,10.4443927006236,0.2));
#11103=CARTESIAN_POINT('Ctrl Pts',(0.470695425417177,10.4142481030713,0.));
#11104=CARTESIAN_POINT('Ctrl Pts',(0.470695425417177,10.4142481030713,0.2));
#11105=CARTESIAN_POINT('Ctrl Pts',(0.459205106652527,10.3996894125943,0.));
#11106=CARTESIAN_POINT('Ctrl Pts',(0.459205106652527,10.3996894125943,0.2));
#11107=CARTESIAN_POINT('',(0.547063228494673,10.4696416472202,0.2));
#11108=CARTESIAN_POINT('Ctrl Pts',(0.547063228494673,10.4696416472202,0.2));
#11109=CARTESIAN_POINT('Ctrl Pts',(0.529144082948607,10.4610362810951,0.2));
#11110=CARTESIAN_POINT('Ctrl Pts',(0.494486784637148,10.4443927006236,0.2));
#11111=CARTESIAN_POINT('Ctrl Pts',(0.470695425417177,10.4142481030713,0.2));
#11112=CARTESIAN_POINT('Ctrl Pts',(0.459205106652527,10.3996894125943,0.2));
#11113=CARTESIAN_POINT('',(0.547063228494673,10.4696416472202,0.));
#11114=CARTESIAN_POINT('Ctrl Pts',(0.675507959730177,10.4935161386733,0.));
#11115=CARTESIAN_POINT('Ctrl Pts',(0.675507959730177,10.4935161386733,0.2));
#11116=CARTESIAN_POINT('Ctrl Pts',(0.652813182306384,10.4926528417847,0.));
#11117=CARTESIAN_POINT('Ctrl Pts',(0.652813182306384,10.4926528417847,0.2));
#11118=CARTESIAN_POINT('Ctrl Pts',(0.608809906904562,10.4909789813174,0.));
#11119=CARTESIAN_POINT('Ctrl Pts',(0.608809906904562,10.4909789813174,0.2));
#11120=CARTESIAN_POINT('Ctrl Pts',(0.567208585203867,10.4766031262451,0.));
#11121=CARTESIAN_POINT('Ctrl Pts',(0.567208585203867,10.4766031262451,0.2));
#11122=CARTESIAN_POINT('Ctrl Pts',(0.547063228494673,10.4696416472202,0.));
#11123=CARTESIAN_POINT('Ctrl Pts',(0.547063228494673,10.4696416472202,0.2));
#11124=CARTESIAN_POINT('',(0.675507959730177,10.4935161386733,0.2));
#11125=CARTESIAN_POINT('Ctrl Pts',(0.675507959730177,10.4935161386733,0.2));
#11126=CARTESIAN_POINT('Ctrl Pts',(0.652813182306384,10.4926528417847,0.2));
#11127=CARTESIAN_POINT('Ctrl Pts',(0.608809906904562,10.4909789813174,0.2));
#11128=CARTESIAN_POINT('Ctrl Pts',(0.567208585203867,10.4766031262451,0.2));
#11129=CARTESIAN_POINT('Ctrl Pts',(0.547063228494673,10.4696416472202,0.2));
#11130=CARTESIAN_POINT('',(0.675507959730177,10.4935161386733,0.));
#11131=CARTESIAN_POINT('Ctrl Pts',(0.812786285585909,10.4684479151969,0.));
#11132=CARTESIAN_POINT('Ctrl Pts',(0.812786285585909,10.4684479151969,0.2));
#11133=CARTESIAN_POINT('Ctrl Pts',(0.791633604832416,10.4757548547429,0.));
#11134=CARTESIAN_POINT('Ctrl Pts',(0.791633604832416,10.4757548547429,0.2));
#11135=CARTESIAN_POINT('Ctrl Pts',(0.747186978237133,10.4911084081455,0.));
#11136=CARTESIAN_POINT('Ctrl Pts',(0.747186978237133,10.4911084081455,0.2));
#11137=CARTESIAN_POINT('Ctrl Pts',(0.70015621874282,10.4926881925474,0.));
#11138=CARTESIAN_POINT('Ctrl Pts',(0.70015621874282,10.4926881925474,0.2));
#11139=CARTESIAN_POINT('Ctrl Pts',(0.675507959730177,10.4935161386733,0.));
#11140=CARTESIAN_POINT('Ctrl Pts',(0.675507959730177,10.4935161386733,0.2));
#11141=CARTESIAN_POINT('',(0.812786285585909,10.4684479151969,0.2));
#11142=CARTESIAN_POINT('Ctrl Pts',(0.812786285585909,10.4684479151969,0.2));
#11143=CARTESIAN_POINT('Ctrl Pts',(0.791633604832416,10.4757548547429,0.2));
#11144=CARTESIAN_POINT('Ctrl Pts',(0.747186978237133,10.4911084081455,0.2));
#11145=CARTESIAN_POINT('Ctrl Pts',(0.70015621874282,10.4926881925474,0.2));
#11146=CARTESIAN_POINT('Ctrl Pts',(0.675507959730177,10.4935161386733,0.2));
#11147=CARTESIAN_POINT('',(0.812786285585909,10.4684479151969,0.));
#11148=CARTESIAN_POINT('Ctrl Pts',(0.904225584871321,10.3946757678991,0.));
#11149=CARTESIAN_POINT('Ctrl Pts',(0.904225584871321,10.3946757678991,0.2));
#11150=CARTESIAN_POINT('Ctrl Pts',(0.892161204923909,10.4100316229446,0.));
#11151=CARTESIAN_POINT('Ctrl Pts',(0.892161204923909,10.4100316229446,0.2));
#11152=CARTESIAN_POINT('Ctrl Pts',(0.867358989640908,10.441600524484,0.));
#11153=CARTESIAN_POINT('Ctrl Pts',(0.867358989640908,10.441600524484,0.2));
#11154=CARTESIAN_POINT('Ctrl Pts',(0.831303525350262,10.4593382406905,0.));
#11155=CARTESIAN_POINT('Ctrl Pts',(0.831303525350262,10.4593382406905,0.2));
#11156=CARTESIAN_POINT('Ctrl Pts',(0.812786285585909,10.4684479151969,0.));
#11157=CARTESIAN_POINT('Ctrl Pts',(0.812786285585909,10.4684479151969,0.2));
#11158=CARTESIAN_POINT('',(0.904225584871321,10.3946757678991,0.2));
#11159=CARTESIAN_POINT('Ctrl Pts',(0.904225584871321,10.3946757678991,0.2));
#11160=CARTESIAN_POINT('Ctrl Pts',(0.892161204923909,10.4100316229446,0.2));
#11161=CARTESIAN_POINT('Ctrl Pts',(0.867358989640908,10.441600524484,0.2));
#11162=CARTESIAN_POINT('Ctrl Pts',(0.831303525350262,10.4593382406905,0.2));
#11163=CARTESIAN_POINT('Ctrl Pts',(0.812786285585909,10.4684479151969,0.2));
#11164=CARTESIAN_POINT('',(0.904225584871321,10.3946757678991,0.));
#11165=CARTESIAN_POINT('Ctrl Pts',(0.93860483617261,10.2843756218558,0.));
#11166=CARTESIAN_POINT('Ctrl Pts',(0.93860483617261,10.2843756218558,0.2));
#11167=CARTESIAN_POINT('Ctrl Pts',(0.936656551954877,10.3042460467679,0.));
#11168=CARTESIAN_POINT('Ctrl Pts',(0.936656551954877,10.3042460467679,0.2));
#11169=CARTESIAN_POINT('Ctrl Pts',(0.93281702212055,10.3434051635829,0.));
#11170=CARTESIAN_POINT('Ctrl Pts',(0.93281702212055,10.3434051635829,0.2));
#11171=CARTESIAN_POINT('Ctrl Pts',(0.91366120677499,10.3777556658111,0.));
#11172=CARTESIAN_POINT('Ctrl Pts',(0.91366120677499,10.3777556658111,0.2));
#11173=CARTESIAN_POINT('Ctrl Pts',(0.904225584871321,10.3946757678991,0.));
#11174=CARTESIAN_POINT('Ctrl Pts',(0.904225584871321,10.3946757678991,0.2));
#11175=CARTESIAN_POINT('',(0.93860483617261,10.2843756218558,0.2));
#11176=CARTESIAN_POINT('Ctrl Pts',(0.93860483617261,10.2843756218558,0.2));
#11177=CARTESIAN_POINT('Ctrl Pts',(0.936656551954877,10.3042460467679,0.2));
#11178=CARTESIAN_POINT('Ctrl Pts',(0.93281702212055,10.3434051635829,0.2));
#11179=CARTESIAN_POINT('Ctrl Pts',(0.91366120677499,10.3777556658111,0.2));
#11180=CARTESIAN_POINT('Ctrl Pts',(0.904225584871321,10.3946757678991,0.2));
#11181=CARTESIAN_POINT('',(0.93860483617261,10.2843756218558,0.));
#11182=CARTESIAN_POINT('Origin',(0.849791754788905,10.2776907746797,0.));
#11183=CARTESIAN_POINT('',(0.849791754788905,10.2776907746797,0.2));
#11184=CARTESIAN_POINT('',(0.93860483617261,10.2843756218558,0.2));
#11185=CARTESIAN_POINT('',(0.849791754788905,10.2776907746797,0.));
#11186=CARTESIAN_POINT('Ctrl Pts',(0.801326547569781,10.3779636313324,0.));
#11187=CARTESIAN_POINT('Ctrl Pts',(0.801326547569781,10.3779636313324,0.2));
#11188=CARTESIAN_POINT('Ctrl Pts',(0.813726726628628,10.3646944369976,0.));
#11189=CARTESIAN_POINT('Ctrl Pts',(0.813726726628628,10.3646944369976,0.2));
#11190=CARTESIAN_POINT('Ctrl Pts',(0.840166847670824,10.3364013693992,0.));
#11191=CARTESIAN_POINT('Ctrl Pts',(0.840166847670824,10.3364013693992,0.2));
#11192=CARTESIAN_POINT('Ctrl Pts',(0.846453490778601,10.298053720833,0.));
#11193=CARTESIAN_POINT('Ctrl Pts',(0.846453490778601,10.298053720833,0.2));
#11194=CARTESIAN_POINT('Ctrl Pts',(0.849791754788905,10.2776907746797,0.));
#11195=CARTESIAN_POINT('Ctrl Pts',(0.849791754788905,10.2776907746797,0.2));
#11196=CARTESIAN_POINT('',(0.801326547569781,10.3779636313324,0.2));
#11197=CARTESIAN_POINT('Ctrl Pts',(0.801326547569781,10.3779636313324,0.2));
#11198=CARTESIAN_POINT('Ctrl Pts',(0.813726726628628,10.3646944369976,0.2));
#11199=CARTESIAN_POINT('Ctrl Pts',(0.840166847670824,10.3364013693992,0.2));
#11200=CARTESIAN_POINT('Ctrl Pts',(0.846453490778601,10.298053720833,0.2));
#11201=CARTESIAN_POINT('Ctrl Pts',(0.849791754788905,10.2776907746797,0.2));
#11202=CARTESIAN_POINT('',(0.801326547569781,10.3779636313324,0.));
#11203=CARTESIAN_POINT('Ctrl Pts',(0.679327909655123,10.4118653749233,0.));
#11204=CARTESIAN_POINT('Ctrl Pts',(0.679327909655123,10.4118653749233,0.2));
#11205=CARTESIAN_POINT('Ctrl Pts',(0.703587382641362,10.4111955944549,0.));
#11206=CARTESIAN_POINT('Ctrl Pts',(0.703587382641362,10.4111955944549,0.2));
#11207=CARTESIAN_POINT('Ctrl Pts',(0.747268009903614,10.4099896147949,0.));
#11208=CARTESIAN_POINT('Ctrl Pts',(0.747268009903614,10.4099896147949,0.2));
#11209=CARTESIAN_POINT('Ctrl Pts',(0.784688678172803,10.3878204301502,0.));
#11210=CARTESIAN_POINT('Ctrl Pts',(0.784688678172803,10.3878204301502,0.2));
#11211=CARTESIAN_POINT('Ctrl Pts',(0.801326547569781,10.3779636313324,0.));
#11212=CARTESIAN_POINT('Ctrl Pts',(0.801326547569781,10.3779636313324,0.2));
#11213=CARTESIAN_POINT('',(0.679327909655123,10.4118653749233,0.2));
#11214=CARTESIAN_POINT('Ctrl Pts',(0.679327909655123,10.4118653749233,0.2));
#11215=CARTESIAN_POINT('Ctrl Pts',(0.703587382641362,10.4111955944549,0.2));
#11216=CARTESIAN_POINT('Ctrl Pts',(0.747268009903614,10.4099896147949,0.2));
#11217=CARTESIAN_POINT('Ctrl Pts',(0.784688678172803,10.3878204301502,0.2));
#11218=CARTESIAN_POINT('Ctrl Pts',(0.801326547569781,10.3779636313324,0.2));
#11219=CARTESIAN_POINT('',(0.679327909655123,10.4118653749233,0.));
#11220=CARTESIAN_POINT('Ctrl Pts',(0.556851764030009,10.3810673196917,0.));
#11221=CARTESIAN_POINT('Ctrl Pts',(0.556851764030009,10.3810673196917,0.2));
#11222=CARTESIAN_POINT('Ctrl Pts',(0.573122014408803,10.3900050452785,0.));
#11223=CARTESIAN_POINT('Ctrl Pts',(0.573122014408803,10.3900050452785,0.2));
#11224=CARTESIAN_POINT('Ctrl Pts',(0.611027954446669,10.4108278895667,0.));
#11225=CARTESIAN_POINT('Ctrl Pts',(0.611027954446669,10.4108278895667,0.2));
#11226=CARTESIAN_POINT('Ctrl Pts',(0.654509700241976,10.4114883830385,0.));
#11227=CARTESIAN_POINT('Ctrl Pts',(0.654509700241976,10.4114883830385,0.2));
#11228=CARTESIAN_POINT('Ctrl Pts',(0.679327909655123,10.4118653749233,0.));
#11229=CARTESIAN_POINT('Ctrl Pts',(0.679327909655123,10.4118653749233,0.2));
#11230=CARTESIAN_POINT('',(0.556851764030009,10.3810673196917,0.2));
#11231=CARTESIAN_POINT('Ctrl Pts',(0.556851764030009,10.3810673196917,0.2));
#11232=CARTESIAN_POINT('Ctrl Pts',(0.573122014408803,10.3900050452785,0.2));
#11233=CARTESIAN_POINT('Ctrl Pts',(0.611027954446669,10.4108278895667,0.2));
#11234=CARTESIAN_POINT('Ctrl Pts',(0.654509700241976,10.4114883830385,0.2));
#11235=CARTESIAN_POINT('Ctrl Pts',(0.679327909655123,10.4118653749233,0.2));
#11236=CARTESIAN_POINT('',(0.556851764030009,10.3810673196917,0.));
#11237=CARTESIAN_POINT('Ctrl Pts',(0.518413846201449,10.3068176274305,0.));
#11238=CARTESIAN_POINT('Ctrl Pts',(0.518413846201449,10.3068176274305,0.2));
#11239=CARTESIAN_POINT('Ctrl Pts',(0.520236317095697,10.3209466096249,0.));
#11240=CARTESIAN_POINT('Ctrl Pts',(0.520236317095697,10.3209466096249,0.2));
#11241=CARTESIAN_POINT('Ctrl Pts',(0.524018936996003,10.3502719444703,0.));
#11242=CARTESIAN_POINT('Ctrl Pts',(0.524018936996003,10.3502719444703,0.2));
#11243=CARTESIAN_POINT('Ctrl Pts',(0.545645108438233,10.3705560967754,0.));
#11244=CARTESIAN_POINT('Ctrl Pts',(0.545645108438233,10.3705560967754,0.2));
#11245=CARTESIAN_POINT('Ctrl Pts',(0.556851764030009,10.3810673196917,0.));
#11246=CARTESIAN_POINT('Ctrl Pts',(0.556851764030009,10.3810673196917,0.2));
#11247=CARTESIAN_POINT('',(0.518413846201449,10.3068176274305,0.2));
#11248=CARTESIAN_POINT('Ctrl Pts',(0.518413846201449,10.3068176274305,0.2));
#11249=CARTESIAN_POINT('Ctrl Pts',(0.520236317095697,10.3209466096249,0.2));
#11250=CARTESIAN_POINT('Ctrl Pts',(0.524018936996003,10.3502719444703,0.2));
#11251=CARTESIAN_POINT('Ctrl Pts',(0.545645108438233,10.3705560967754,0.2));
#11252=CARTESIAN_POINT('Ctrl Pts',(0.556851764030009,10.3810673196917,0.2));
#11253=CARTESIAN_POINT('',(0.518413846201449,10.3068176274305,0.));
#11254=CARTESIAN_POINT('Ctrl Pts',(0.545630742616206,10.244743972004,0.));
#11255=CARTESIAN_POINT('Ctrl Pts',(0.545630742616206,10.244743972004,0.2));
#11256=CARTESIAN_POINT('Ctrl Pts',(0.537692673077211,10.2534754980551,0.));
#11257=CARTESIAN_POINT('Ctrl Pts',(0.537692673077211,10.2534754980551,0.2));
#11258=CARTESIAN_POINT('Ctrl Pts',(0.521668452600348,10.2711014331589,0.));
#11259=CARTESIAN_POINT('Ctrl Pts',(0.521668452600348,10.2711014331589,0.2));
#11260=CARTESIAN_POINT('Ctrl Pts',(0.519505378062662,10.2948391086081,0.));
#11261=CARTESIAN_POINT('Ctrl Pts',(0.519505378062662,10.2948391086081,0.2));
#11262=CARTESIAN_POINT('Ctrl Pts',(0.518413846201449,10.3068176274305,0.));
#11263=CARTESIAN_POINT('Ctrl Pts',(0.518413846201449,10.3068176274305,0.2));
#11264=CARTESIAN_POINT('',(0.545630742616206,10.244743972004,0.2));
#11265=CARTESIAN_POINT('Ctrl Pts',(0.545630742616206,10.244743972004,0.2));
#11266=CARTESIAN_POINT('Ctrl Pts',(0.537692673077211,10.2534754980551,0.2));
#11267=CARTESIAN_POINT('Ctrl Pts',(0.521668452600348,10.2711014331589,0.2));
#11268=CARTESIAN_POINT('Ctrl Pts',(0.519505378062662,10.2948391086081,0.2));
#11269=CARTESIAN_POINT('Ctrl Pts',(0.518413846201449,10.3068176274305,0.2));
#11270=CARTESIAN_POINT('',(0.545630742616206,10.244743972004,0.));
#11271=CARTESIAN_POINT('Ctrl Pts',(0.685296495265513,10.1948462789064,0.));
#11272=CARTESIAN_POINT('Ctrl Pts',(0.685296495265513,10.1948462789064,0.2));
#11273=CARTESIAN_POINT('Ctrl Pts',(0.654100468144395,10.2013684907223,0.));
#11274=CARTESIAN_POINT('Ctrl Pts',(0.654100468144395,10.2013684907223,0.2));
#11275=CARTESIAN_POINT('Ctrl Pts',(0.605064625343831,10.2116205062137,0.));
#11276=CARTESIAN_POINT('Ctrl Pts',(0.605064625343831,10.2116205062137,0.2));
#11277=CARTESIAN_POINT('Ctrl Pts',(0.561485382960295,10.2359079240638,0.));
#11278=CARTESIAN_POINT('Ctrl Pts',(0.561485382960295,10.2359079240638,0.2));
#11279=CARTESIAN_POINT('Ctrl Pts',(0.545630742616206,10.244743972004,0.));
#11280=CARTESIAN_POINT('Ctrl Pts',(0.545630742616206,10.244743972004,0.2));
#11281=CARTESIAN_POINT('',(0.685296495265513,10.1948462789064,0.2));
#11282=CARTESIAN_POINT('Ctrl Pts',(0.685296495265513,10.1948462789064,0.2));
#11283=CARTESIAN_POINT('Ctrl Pts',(0.654100468144395,10.2013684907223,0.2));
#11284=CARTESIAN_POINT('Ctrl Pts',(0.605064625343831,10.2116205062137,0.2));
#11285=CARTESIAN_POINT('Ctrl Pts',(0.561485382960295,10.2359079240638,0.2));
#11286=CARTESIAN_POINT('Ctrl Pts',(0.545630742616206,10.244743972004,0.2));
#11287=CARTESIAN_POINT('',(0.685296495265513,10.1948462789064,0.));
#11288=CARTESIAN_POINT('Ctrl Pts',(0.840241973108798,10.1502009843593,0.));
#11289=CARTESIAN_POINT('Ctrl Pts',(0.840241973108798,10.1502009843593,0.2));
#11290=CARTESIAN_POINT('Ctrl Pts',(0.820429801659686,10.1574503354225,0.));
#11291=CARTESIAN_POINT('Ctrl Pts',(0.820429801659686,10.1574503354225,0.2));
#11292=CARTESIAN_POINT('Ctrl Pts',(0.769861919814255,10.1759533212745,0.));
#11293=CARTESIAN_POINT('Ctrl Pts',(0.769861919814255,10.1759533212745,0.2));
#11294=CARTESIAN_POINT('Ctrl Pts',(0.717278231871925,10.1877011649556,0.));
#11295=CARTESIAN_POINT('Ctrl Pts',(0.717278231871925,10.1877011649556,0.2));
#11296=CARTESIAN_POINT('Ctrl Pts',(0.685296495265513,10.1948462789064,0.));
#11297=CARTESIAN_POINT('Ctrl Pts',(0.685296495265513,10.1948462789064,0.2));
#11298=CARTESIAN_POINT('',(0.840241973108798,10.1502009843593,0.2));
#11299=CARTESIAN_POINT('Ctrl Pts',(0.840241973108798,10.1502009843593,0.2));
#11300=CARTESIAN_POINT('Ctrl Pts',(0.820429801659686,10.1574503354225,0.2));
#11301=CARTESIAN_POINT('Ctrl Pts',(0.769861919814255,10.1759533212745,0.2));
#11302=CARTESIAN_POINT('Ctrl Pts',(0.717278231871925,10.1877011649556,0.2));
#11303=CARTESIAN_POINT('Ctrl Pts',(0.685296495265513,10.1948462789064,0.2));
#11304=CARTESIAN_POINT('',(0.840241973108798,10.1502009843593,0.));
#11305=CARTESIAN_POINT('Ctrl Pts',(0.93048754037097,10.0788163011079,0.));
#11306=CARTESIAN_POINT('Ctrl Pts',(0.93048754037097,10.0788163011079,0.2));
#11307=CARTESIAN_POINT('Ctrl Pts',(0.918835934760785,10.0928643545568,0.));
#11308=CARTESIAN_POINT('Ctrl Pts',(0.918835934760785,10.0928643545568,0.2));
#11309=CARTESIAN_POINT('Ctrl Pts',(0.893853756423825,10.1229847506884,0.));
#11310=CARTESIAN_POINT('Ctrl Pts',(0.893853756423825,10.1229847506884,0.2));
#11311=CARTESIAN_POINT('Ctrl Pts',(0.858895704742534,10.1407313437768,0.));
#11312=CARTESIAN_POINT('Ctrl Pts',(0.858895704742534,10.1407313437768,0.2));
#11313=CARTESIAN_POINT('Ctrl Pts',(0.840241973108798,10.1502009843593,0.));
#11314=CARTESIAN_POINT('Ctrl Pts',(0.840241973108798,10.1502009843593,0.2));
#11315=CARTESIAN_POINT('',(0.93048754037097,10.0788163011079,0.2));
#11316=CARTESIAN_POINT('Ctrl Pts',(0.93048754037097,10.0788163011079,0.2));
#11317=CARTESIAN_POINT('Ctrl Pts',(0.918835934760785,10.0928643545568,0.2));
#11318=CARTESIAN_POINT('Ctrl Pts',(0.893853756423825,10.1229847506884,0.2));
#11319=CARTESIAN_POINT('Ctrl Pts',(0.858895704742534,10.1407313437768,0.2));
#11320=CARTESIAN_POINT('Ctrl Pts',(0.840241973108798,10.1502009843593,0.2));
#11321=CARTESIAN_POINT('',(0.93048754037097,10.0788163011079,0.));
#11322=CARTESIAN_POINT('Ctrl Pts',(0.959614393121748,9.97925963151506,0.));
#11323=CARTESIAN_POINT('Ctrl Pts',(0.959614393121748,9.97925963151506,0.2));
#11324=CARTESIAN_POINT('Ctrl Pts',(0.958505171340326,9.99733682444074,0.));
#11325=CARTESIAN_POINT('Ctrl Pts',(0.958505171340326,9.99733682444074,0.2));
#11326=CARTESIAN_POINT('Ctrl Pts',(0.956332016334874,10.0327531342797,0.));
#11327=CARTESIAN_POINT('Ctrl Pts',(0.956332016334874,10.0327531342797,0.2));
#11328=CARTESIAN_POINT('Ctrl Pts',(0.938981839780296,10.0636767280971,0.));
#11329=CARTESIAN_POINT('Ctrl Pts',(0.938981839780296,10.0636767280971,0.2));
#11330=CARTESIAN_POINT('Ctrl Pts',(0.93048754037097,10.0788163011079,0.));
#11331=CARTESIAN_POINT('Ctrl Pts',(0.93048754037097,10.0788163011079,0.2));
#11332=CARTESIAN_POINT('',(0.959614393121748,9.97925963151506,0.2));
#11333=CARTESIAN_POINT('Ctrl Pts',(0.959614393121748,9.97925963151506,0.2));
#11334=CARTESIAN_POINT('Ctrl Pts',(0.958505171340326,9.99733682444074,0.2));
#11335=CARTESIAN_POINT('Ctrl Pts',(0.956332016334874,10.0327531342797,0.2));
#11336=CARTESIAN_POINT('Ctrl Pts',(0.938981839780296,10.0636767280971,0.2));
#11337=CARTESIAN_POINT('Ctrl Pts',(0.93048754037097,10.0788163011079,0.2));
#11338=CARTESIAN_POINT('',(0.959614393121748,9.97925963151506,0.));
#11339=CARTESIAN_POINT('Ctrl Pts',(0.927622568614035,9.87397316741994,0.));
#11340=CARTESIAN_POINT('Ctrl Pts',(0.927622568614035,9.87397316741994,0.2));
#11341=CARTESIAN_POINT('Ctrl Pts',(0.936952983128257,9.890581852983,0.));
#11342=CARTESIAN_POINT('Ctrl Pts',(0.936952983128257,9.890581852983,0.2));
#11343=CARTESIAN_POINT('Ctrl Pts',(0.955357373350077,9.92334274797948,0.));
#11344=CARTESIAN_POINT('Ctrl Pts',(0.955357373350077,9.92334274797948,0.2));
#11345=CARTESIAN_POINT('Ctrl Pts',(0.958208629253033,9.96079461637734,0.));
#11346=CARTESIAN_POINT('Ctrl Pts',(0.958208629253033,9.96079461637734,0.2));
#11347=CARTESIAN_POINT('Ctrl Pts',(0.959614393121748,9.97925963151506,0.));
#11348=CARTESIAN_POINT('Ctrl Pts',(0.959614393121748,9.97925963151506,0.2));
#11349=CARTESIAN_POINT('',(0.927622568614035,9.87397316741994,0.2));
#11350=CARTESIAN_POINT('Ctrl Pts',(0.927622568614035,9.87397316741994,0.2));
#11351=CARTESIAN_POINT('Ctrl Pts',(0.936952983128257,9.890581852983,0.2));
#11352=CARTESIAN_POINT('Ctrl Pts',(0.955357373350077,9.92334274797948,0.2));
#11353=CARTESIAN_POINT('Ctrl Pts',(0.958208629253033,9.96079461637734,0.2));
#11354=CARTESIAN_POINT('Ctrl Pts',(0.959614393121748,9.97925963151506,0.2));
#11355=CARTESIAN_POINT('',(0.927622568614035,9.87397316741994,0.));
#11356=CARTESIAN_POINT('Ctrl Pts',(0.835705798871069,9.79709733176282,0.));
#11357=CARTESIAN_POINT('Ctrl Pts',(0.835705798871069,9.79709733176282,0.2));
#11358=CARTESIAN_POINT('Ctrl Pts',(0.854345032137354,9.8069039231165,0.));
#11359=CARTESIAN_POINT('Ctrl Pts',(0.854345032137354,9.8069039231165,0.2));
#11360=CARTESIAN_POINT('Ctrl Pts',(0.890538545922403,9.82594628361885,0.));
#11361=CARTESIAN_POINT('Ctrl Pts',(0.890538545922403,9.82594628361885,0.2));
#11362=CARTESIAN_POINT('Ctrl Pts',(0.91551075369167,9.85828736297705,0.));
#11363=CARTESIAN_POINT('Ctrl Pts',(0.91551075369167,9.85828736297705,0.2));
#11364=CARTESIAN_POINT('Ctrl Pts',(0.927622568614035,9.87397316741994,0.));
#11365=CARTESIAN_POINT('Ctrl Pts',(0.927622568614035,9.87397316741994,0.2));
#11366=CARTESIAN_POINT('',(0.835705798871069,9.79709733176282,0.2));
#11367=CARTESIAN_POINT('Ctrl Pts',(0.835705798871069,9.79709733176282,0.2));
#11368=CARTESIAN_POINT('Ctrl Pts',(0.854345032137354,9.8069039231165,0.2));
#11369=CARTESIAN_POINT('Ctrl Pts',(0.890538545922403,9.82594628361885,0.2));
#11370=CARTESIAN_POINT('Ctrl Pts',(0.91551075369167,9.85828736297705,0.2));
#11371=CARTESIAN_POINT('Ctrl Pts',(0.927622568614035,9.87397316741994,0.2));
#11372=CARTESIAN_POINT('',(0.835705798871069,9.79709733176282,0.));
#11373=CARTESIAN_POINT('Ctrl Pts',(0.700814937061816,9.76964164423993,0.));
#11374=CARTESIAN_POINT('Ctrl Pts',(0.700814937061816,9.76964164423993,0.2));
#11375=CARTESIAN_POINT('Ctrl Pts',(0.724820493838679,9.77062562303455,0.));
#11376=CARTESIAN_POINT('Ctrl Pts',(0.724820493838679,9.77062562303455,0.2));
#11377=CARTESIAN_POINT('Ctrl Pts',(0.771286534110742,9.7725302486478,0.));
#11378=CARTESIAN_POINT('Ctrl Pts',(0.771286534110742,9.7725302486478,0.2));
#11379=CARTESIAN_POINT('Ctrl Pts',(0.814714056449708,9.78909187124238,0.));
#11380=CARTESIAN_POINT('Ctrl Pts',(0.814714056449708,9.78909187124238,0.2));
#11381=CARTESIAN_POINT('Ctrl Pts',(0.835705798871069,9.79709733176282,0.));
#11382=CARTESIAN_POINT('Ctrl Pts',(0.835705798871069,9.79709733176282,0.2));
#11383=CARTESIAN_POINT('',(0.700814937061816,9.76964164423993,0.2));
#11384=CARTESIAN_POINT('Ctrl Pts',(0.700814937061816,9.76964164423993,0.2));
#11385=CARTESIAN_POINT('Ctrl Pts',(0.724820493838679,9.77062562303455,0.2));
#11386=CARTESIAN_POINT('Ctrl Pts',(0.771286534110742,9.7725302486478,0.2));
#11387=CARTESIAN_POINT('Ctrl Pts',(0.814714056449708,9.78909187124238,0.2));
#11388=CARTESIAN_POINT('Ctrl Pts',(0.835705798871069,9.79709733176282,0.2));
#11389=CARTESIAN_POINT('',(0.700814937061816,9.76964164423993,0.));
#11390=CARTESIAN_POINT('Ctrl Pts',(0.541572094715386,9.79733604836515,0.));
#11391=CARTESIAN_POINT('Ctrl Pts',(0.541572094715386,9.79733604836515,0.2));
#11392=CARTESIAN_POINT('Ctrl Pts',(0.565338316303621,9.7892716626341,0.));
#11393=CARTESIAN_POINT('Ctrl Pts',(0.565338316303621,9.7892716626341,0.2));
#11394=CARTESIAN_POINT('Ctrl Pts',(0.616913391759702,9.77177113984206,0.));
#11395=CARTESIAN_POINT('Ctrl Pts',(0.616913391759702,9.77177113984206,0.2));
#11396=CARTESIAN_POINT('Ctrl Pts',(0.671423524562288,9.77038762434593,0.));
#11397=CARTESIAN_POINT('Ctrl Pts',(0.671423524562288,9.77038762434593,0.2));
#11398=CARTESIAN_POINT('Ctrl Pts',(0.700814937061816,9.76964164423993,0.));
#11399=CARTESIAN_POINT('Ctrl Pts',(0.700814937061816,9.76964164423993,0.2));
#11400=CARTESIAN_POINT('',(0.541572094715386,9.79733604836515,0.2));
#11401=CARTESIAN_POINT('Ctrl Pts',(0.541572094715386,9.79733604836515,0.2));
#11402=CARTESIAN_POINT('Ctrl Pts',(0.565338316303621,9.7892716626341,0.2));
#11403=CARTESIAN_POINT('Ctrl Pts',(0.616913391759702,9.77177113984206,0.2));
#11404=CARTESIAN_POINT('Ctrl Pts',(0.671423524562288,9.77038762434593,0.2));
#11405=CARTESIAN_POINT('Ctrl Pts',(0.700814937061816,9.76964164423993,0.2));
#11406=CARTESIAN_POINT('',(0.541572094715386,9.79733604836515,0.));
#11407=CARTESIAN_POINT('Ctrl Pts',(0.440821748978644,9.88065805184892,0.));
#11408=CARTESIAN_POINT('Ctrl Pts',(0.440821748978644,9.88065805184892,0.2));
#11409=CARTESIAN_POINT('Ctrl Pts',(0.454290082372018,9.86322031655265,0.));
#11410=CARTESIAN_POINT('Ctrl Pts',(0.454290082372018,9.86322031655265,0.2));
#11411=CARTESIAN_POINT('Ctrl Pts',(0.481588179235443,9.82787689481715,0.));
#11412=CARTESIAN_POINT('Ctrl Pts',(0.481588179235443,9.82787689481715,0.2));
#11413=CARTESIAN_POINT('Ctrl Pts',(0.521401744097367,9.80760579444923,0.));
#11414=CARTESIAN_POINT('Ctrl Pts',(0.521401744097367,9.80760579444923,0.2));
#11415=CARTESIAN_POINT('Ctrl Pts',(0.541572094715386,9.79733604836515,0.));
#11416=CARTESIAN_POINT('Ctrl Pts',(0.541572094715386,9.79733604836515,0.2));
#11417=CARTESIAN_POINT('',(0.440821748978644,9.88065805184892,0.2));
#11418=CARTESIAN_POINT('Ctrl Pts',(0.440821748978644,9.88065805184892,0.2));
#11419=CARTESIAN_POINT('Ctrl Pts',(0.454290082372018,9.86322031655265,0.2));
#11420=CARTESIAN_POINT('Ctrl Pts',(0.481588179235443,9.82787689481715,0.2));
#11421=CARTESIAN_POINT('Ctrl Pts',(0.521401744097367,9.80760579444923,0.2));
#11422=CARTESIAN_POINT('Ctrl Pts',(0.541572094715386,9.79733604836515,0.2));
#11423=CARTESIAN_POINT('',(0.440821748978644,9.88065805184892,0.));
#11424=CARTESIAN_POINT('Ctrl Pts',(0.402383821836858,10.0064766024356,0.));
#11425=CARTESIAN_POINT('Ctrl Pts',(0.402383821836858,10.0064766024356,0.2));
#11426=CARTESIAN_POINT('Ctrl Pts',(0.404374497844031,9.98382217185786,0.));
#11427=CARTESIAN_POINT('Ctrl Pts',(0.404374497844031,9.98382217185786,0.2));
#11428=CARTESIAN_POINT('Ctrl Pts',(0.408300077657428,9.93914801341137,0.));
#11429=CARTESIAN_POINT('Ctrl Pts',(0.408300077657428,9.93914801341137,0.2));
#11430=CARTESIAN_POINT('Ctrl Pts',(0.430084357713952,9.89996916277399,0.));
#11431=CARTESIAN_POINT('Ctrl Pts',(0.430084357713952,9.89996916277399,0.2));
#11432=CARTESIAN_POINT('Ctrl Pts',(0.440821748978644,9.88065805184892,0.));
#11433=CARTESIAN_POINT('Ctrl Pts',(0.440821748978644,9.88065805184892,0.2));
#11434=CARTESIAN_POINT('Ctrl Pts',(0.402383821836858,10.0064766024356,0.2));
#11435=CARTESIAN_POINT('Ctrl Pts',(0.404374497844031,9.98382217185786,0.2));
#11436=CARTESIAN_POINT('Ctrl Pts',(0.408300077657428,9.93914801341137,0.2));
#11437=CARTESIAN_POINT('Ctrl Pts',(0.430084357713952,9.89996916277399,0.2));
#11438=CARTESIAN_POINT('Ctrl Pts',(0.440821748978644,9.88065805184892,0.2));
#11439=CARTESIAN_POINT('Origin',(1.31415056419298,10.1315788914566,0.2));
#11440=CARTESIAN_POINT('Origin',(4.61467837645343,10.0690277283197,0.));
#11441=CARTESIAN_POINT('',(4.3773660595589,10.0690277283197,0.));
#11442=CARTESIAN_POINT('',(4.61467837645343,10.0690277283197,0.));
#11443=CARTESIAN_POINT('',(2.30733918822671,10.0690277283197,0.));
#11444=CARTESIAN_POINT('',(4.3773660595589,10.0690277283197,0.2));
#11445=CARTESIAN_POINT('',(4.3773660595589,10.0690277283197,0.));
#11446=CARTESIAN_POINT('',(4.61467837645343,10.0690277283197,0.2));
#11447=CARTESIAN_POINT('',(4.3773660595589,10.0690277283197,0.2));
#11448=CARTESIAN_POINT('',(4.61467837645343,10.0690277283197,0.));
#11449=CARTESIAN_POINT('Origin',(4.54162245346835,10.2628885944491,0.));
#11450=CARTESIAN_POINT('',(4.54162245346835,10.2628885944491,0.));
#11451=CARTESIAN_POINT('',(5.95253694481185,6.51889229476173,0.));
#11452=CARTESIAN_POINT('',(4.54162245346835,10.2628885944491,0.2));
#11453=CARTESIAN_POINT('',(4.61467837645343,10.0690277283197,0.2));
#11454=CARTESIAN_POINT('',(4.54162245346835,10.2628885944491,0.));
#11455=CARTESIAN_POINT('Ctrl Pts',(4.49196358873179,10.4080454622512,0.));
#11456=CARTESIAN_POINT('Ctrl Pts',(4.49196358873179,10.4080454622512,0.2));
#11457=CARTESIAN_POINT('Ctrl Pts',(4.49861787971353,10.3864144204078,0.));
#11458=CARTESIAN_POINT('Ctrl Pts',(4.49861787971353,10.3864144204078,0.2));
#11459=CARTESIAN_POINT('Ctrl Pts',(4.51366036578435,10.3375159507557,0.));
#11460=CARTESIAN_POINT('Ctrl Pts',(4.51366036578435,10.3375159507557,0.2));
#11461=CARTESIAN_POINT('Ctrl Pts',(4.53161201267106,10.2896052237869,0.));
#11462=CARTESIAN_POINT('Ctrl Pts',(4.53161201267106,10.2896052237869,0.2));
#11463=CARTESIAN_POINT('Ctrl Pts',(4.54162245346835,10.2628885944491,0.));
#11464=CARTESIAN_POINT('Ctrl Pts',(4.54162245346835,10.2628885944491,0.2));
#11465=CARTESIAN_POINT('',(4.49196358873179,10.4080454622512,0.));
#11466=CARTESIAN_POINT('Ctrl Pts',(4.54162245346835,10.2628885944491,0.));
#11467=CARTESIAN_POINT('Ctrl Pts',(4.53161201267106,10.2896052237869,0.));
#11468=CARTESIAN_POINT('Ctrl Pts',(4.51366036578435,10.3375159507557,0.));
#11469=CARTESIAN_POINT('Ctrl Pts',(4.49861787971353,10.3864144204078,0.));
#11470=CARTESIAN_POINT('Ctrl Pts',(4.49196358873179,10.4080454622512,0.));
#11471=CARTESIAN_POINT('',(4.49196358873179,10.4080454622512,0.2));
#11472=CARTESIAN_POINT('Ctrl Pts',(4.49196358873179,10.4080454622512,0.2));
#11473=CARTESIAN_POINT('Ctrl Pts',(4.49861787971353,10.3864144204078,0.2));
#11474=CARTESIAN_POINT('Ctrl Pts',(4.51366036578435,10.3375159507557,0.2));
#11475=CARTESIAN_POINT('Ctrl Pts',(4.53161201267106,10.2896052237869,0.2));
#11476=CARTESIAN_POINT('Ctrl Pts',(4.54162245346835,10.2628885944491,0.2));
#11477=CARTESIAN_POINT('',(4.49196358873179,10.4080454622512,0.));
#11478=CARTESIAN_POINT('Ctrl Pts',(4.45424189521602,10.2743483324652,0.));
#11479=CARTESIAN_POINT('Ctrl Pts',(4.45424189521602,10.2743483324652,0.2));
#11480=CARTESIAN_POINT('Ctrl Pts',(4.46188479499129,10.2964273860703,0.));
#11481=CARTESIAN_POINT('Ctrl Pts',(4.46188479499129,10.2964273860703,0.2));
#11482=CARTESIAN_POINT('Ctrl Pts',(4.47705809598428,10.3402605038451,0.));
#11483=CARTESIAN_POINT('Ctrl Pts',(4.47705809598428,10.3402605038451,0.2));
#11484=CARTESIAN_POINT('Ctrl Pts',(4.48701971042971,10.385562435977,0.));
#11485=CARTESIAN_POINT('Ctrl Pts',(4.48701971042971,10.385562435977,0.2));
#11486=CARTESIAN_POINT('Ctrl Pts',(4.49196358873179,10.4080454622512,0.));
#11487=CARTESIAN_POINT('Ctrl Pts',(4.49196358873179,10.4080454622512,0.2));
#11488=CARTESIAN_POINT('',(4.45424189521602,10.2743483324652,0.));
#11489=CARTESIAN_POINT('Ctrl Pts',(4.49196358873179,10.4080454622512,0.));
#11490=CARTESIAN_POINT('Ctrl Pts',(4.48701971042971,10.385562435977,0.));
#11491=CARTESIAN_POINT('Ctrl Pts',(4.47705809598428,10.3402605038451,0.));
#11492=CARTESIAN_POINT('Ctrl Pts',(4.46188479499129,10.2964273860703,0.));
#11493=CARTESIAN_POINT('Ctrl Pts',(4.45424189521602,10.2743483324652,0.));
#11494=CARTESIAN_POINT('',(4.45424189521602,10.2743483324652,0.2));
#11495=CARTESIAN_POINT('Ctrl Pts',(4.45424189521602,10.2743483324652,0.2));
#11496=CARTESIAN_POINT('Ctrl Pts',(4.46188479499129,10.2964273860703,0.2));
#11497=CARTESIAN_POINT('Ctrl Pts',(4.47705809598428,10.3402605038451,0.2));
#11498=CARTESIAN_POINT('Ctrl Pts',(4.48701971042971,10.385562435977,0.2));
#11499=CARTESIAN_POINT('Ctrl Pts',(4.49196358873179,10.4080454622512,0.2));
#11500=CARTESIAN_POINT('',(4.45424189521602,10.2743483324652,0.));
#11501=CARTESIAN_POINT('Origin',(4.3773660595589,10.0690277283197,0.));
#11502=CARTESIAN_POINT('',(2.45501410859813,4.9347945771898,0.));
#11503=CARTESIAN_POINT('',(4.45424189521602,10.2743483324652,0.2));
#11504=CARTESIAN_POINT('Origin',(4.44421460582545,10.4815788929467,0.));
#11505=CARTESIAN_POINT('',(4.17538782312205,9.78157888996651,0.2));
#11506=CARTESIAN_POINT('',(4.17538782312205,9.78157888996651,0.));
#11507=CARTESIAN_POINT('',(4.44421460582545,10.4815788929467,0.2));
#11508=CARTESIAN_POINT('',(4.17538782312205,9.78157888996651,0.2));
#11509=CARTESIAN_POINT('',(4.44421460582545,10.4815788929467,0.));
#11510=CARTESIAN_POINT('Origin',(4.54400991751483,10.4815788929467,0.));
#11511=CARTESIAN_POINT('',(4.54400991751483,10.4815788929467,0.2));
#11512=CARTESIAN_POINT('',(4.44421460582545,10.4815788929467,0.2));
#11513=CARTESIAN_POINT('',(4.54400991751483,10.4815788929467,0.));
#11514=CARTESIAN_POINT('Origin',(4.83050381495288,9.78157888996651,0.));
#11515=CARTESIAN_POINT('',(4.83050381495288,9.78157888996651,0.2));
#11516=CARTESIAN_POINT('',(4.54400991751483,10.4815788929467,0.2));
#11517=CARTESIAN_POINT('',(4.83050381495288,9.78157888996651,0.));
#11518=CARTESIAN_POINT('Origin',(4.72497855974963,9.78157888996651,0.));
#11519=CARTESIAN_POINT('',(4.72497855974963,9.78157888996651,0.2));
#11520=CARTESIAN_POINT('',(4.83050381495288,9.78157888996651,0.2));
#11521=CARTESIAN_POINT('',(4.72497855974963,9.78157888996651,0.));
#11522=CARTESIAN_POINT('Origin',(4.64332779599956,9.99358434128812,0.));
#11523=CARTESIAN_POINT('',(4.64332779599956,9.99358434128812,0.2));
#11524=CARTESIAN_POINT('',(4.72497855974963,9.78157888996651,0.2));
#11525=CARTESIAN_POINT('',(4.64332779599956,9.99358434128812,0.));
#11526=CARTESIAN_POINT('Origin',(4.35062652184298,9.99358434128812,0.));
#11527=CARTESIAN_POINT('',(4.35062652184298,9.99358434128812,0.2));
#11528=CARTESIAN_POINT('',(4.64332779599956,9.99358434128812,0.2));
#11529=CARTESIAN_POINT('',(4.35062652184298,9.99358434128812,0.));
#11530=CARTESIAN_POINT('Origin',(4.27375068618587,9.78157888996651,0.));
#11531=CARTESIAN_POINT('',(4.27375068618587,9.78157888996651,0.2));
#11532=CARTESIAN_POINT('',(4.35062652184298,9.99358434128812,0.2));
#11533=CARTESIAN_POINT('',(4.27375068618587,9.78157888996651,0.));
#11534=CARTESIAN_POINT('Origin',(4.17538782312205,9.78157888996651,0.));
#11535=CARTESIAN_POINT('',(4.27375068618587,9.78157888996651,0.2));
#11536=CARTESIAN_POINT('Origin',(3.84639737392446,10.1315788914566,0.2));
#11537=CARTESIAN_POINT('Origin',(0.,0.,0.));
#11538=CARTESIAN_POINT('Origin',(-12.3,-8.25,0.));
#11539=CARTESIAN_POINT('',(12.3,-8.25,1.));
#11540=CARTESIAN_POINT('',(12.3,-8.25,0.));
#11541=CARTESIAN_POINT('',(-12.3,-8.25,1.));
#11542=CARTESIAN_POINT('',(12.3,-8.25,1.));
#11543=CARTESIAN_POINT('',(-12.3,-8.25,0.));
#11544=CARTESIAN_POINT('Origin',(0.,-6.75,1.));
#11545=CARTESIAN_POINT('',(-12.3,-5.25,1.));
#11546=CARTESIAN_POINT('',(-12.3,-8.25,1.));
#11547=CARTESIAN_POINT('',(12.3,-5.25,1.));
#11548=CARTESIAN_POINT('',(12.3,8.25,1.));
#11549=CARTESIAN_POINT('',(-6.15,-5.25,1.));
#11550=CARTESIAN_POINT('Origin',(0.,0.,0.));
#11551=CARTESIAN_POINT('Origin',(12.3,8.25,0.));
#11552=CARTESIAN_POINT('',(-12.3,8.25,1.2));
#11553=CARTESIAN_POINT('',(-12.3,8.25,0.));
#11554=CARTESIAN_POINT('',(12.3,8.25,1.2));
#11555=CARTESIAN_POINT('',(-12.3,8.25,1.2));
#11556=CARTESIAN_POINT('',(12.3,8.25,0.));
#11557=CARTESIAN_POINT('Origin',(12.3,-5.25,0.));
#11558=CARTESIAN_POINT('',(12.3,-5.25,1.2));
#11559=CARTESIAN_POINT('',(12.3,8.25,1.2));
#11560=CARTESIAN_POINT('',(12.3,-5.25,0.));
#11561=CARTESIAN_POINT('Origin',(-12.3,-5.25,0.));
#11562=CARTESIAN_POINT('',(-12.3,-5.25,1.2));
#11563=CARTESIAN_POINT('',(-12.3,-5.25,1.2));
#11564=CARTESIAN_POINT('',(-12.3,-5.25,0.));
#11565=CARTESIAN_POINT('Origin',(-12.3,8.25,0.));
#11566=CARTESIAN_POINT('',(-12.3,-8.25,1.2));
#11567=CARTESIAN_POINT('Origin',(0.,1.5,1.2));
#11568=CARTESIAN_POINT('Origin',(4.8,12.9,-0.5));
#11569=CARTESIAN_POINT('',(5.,12.7,-3.5));
#11570=CARTESIAN_POINT('',(4.6,13.1,-3.5));
#11571=CARTESIAN_POINT('',(3.825,13.875,-3.5));
#11572=CARTESIAN_POINT('',(4.6,13.1,-1.));
#11573=CARTESIAN_POINT('',(4.6,13.1,-0.5));
#11574=CARTESIAN_POINT('',(5.,12.7,-1.));
#11575=CARTESIAN_POINT('',(6.825,10.875,-1.));
#11576=CARTESIAN_POINT('',(5.,12.7,-0.5));
#11577=CARTESIAN_POINT('Origin',(0.,12.,-3.5));
#11578=CARTESIAN_POINT('',(5.,11.3,-3.5));
#11579=CARTESIAN_POINT('',(5.,12.55,-3.5));
#11580=CARTESIAN_POINT('',(4.6,10.9,-3.5));
#11581=CARTESIAN_POINT('',(3.825,10.125,-3.5));
#11582=CARTESIAN_POINT('',(-4.6,10.9,-3.5));
#11583=CARTESIAN_POINT('',(2.5,10.9,-3.5));
#11584=CARTESIAN_POINT('',(-5.,11.3,-3.5));
#11585=CARTESIAN_POINT('',(-3.825,10.125,-3.5));
#11586=CARTESIAN_POINT('',(-5.,12.7,-3.5));
#11587=CARTESIAN_POINT('',(-5.,11.45,-3.5));
#11588=CARTESIAN_POINT('',(-4.6,13.1,-3.5));
#11589=CARTESIAN_POINT('',(-3.825,13.875,-3.5));
#11590=CARTESIAN_POINT('',(-2.5,13.1,-3.5));
#11591=CARTESIAN_POINT('',(3.385,12.1,-3.5));
#11592=CARTESIAN_POINT('Origin',(3.81,12.1,-3.5));
#11593=CARTESIAN_POINT('',(-4.235,12.1,-3.5));
#11594=CARTESIAN_POINT('Origin',(-3.81,12.1,-3.5));
#11595=CARTESIAN_POINT('',(0.845,12.1,-3.5));
#11596=CARTESIAN_POINT('Origin',(1.27,12.1,-3.5));
#11597=CARTESIAN_POINT('',(-1.695,12.1,-3.5));
#11598=CARTESIAN_POINT('Origin',(-1.27,12.1,-3.5));
#11599=CARTESIAN_POINT('Origin',(5.,13.1,-1.));
#11600=CARTESIAN_POINT('',(5.,11.3,-1.));
#11601=CARTESIAN_POINT('',(5.,6.55,-1.));
#11602=CARTESIAN_POINT('',(5.,11.3,-1.));
#11603=CARTESIAN_POINT('Origin',(4.8,11.1,-1.));
#11604=CARTESIAN_POINT('',(4.6,10.9,-1.));
#11605=CARTESIAN_POINT('',(0.825,7.125,-1.));
#11606=CARTESIAN_POINT('',(4.6,10.9,-1.));
#11607=CARTESIAN_POINT('Origin',(-4.8,12.9,-0.5));
#11608=CARTESIAN_POINT('',(-5.,12.7,-1.));
#11609=CARTESIAN_POINT('',(-5.,12.7,-0.5));
#11610=CARTESIAN_POINT('',(-4.6,13.1,-1.));
#11611=CARTESIAN_POINT('',(-6.825,10.875,-1.));
#11612=CARTESIAN_POINT('',(-4.6,13.1,-0.5));
#11613=CARTESIAN_POINT('Origin',(-5.,10.9,-1.));
#11614=CARTESIAN_POINT('',(-5.,11.3,-1.));
#11615=CARTESIAN_POINT('',(-5.,11.3,-1.));
#11616=CARTESIAN_POINT('',(-5.,5.45,-1.));
#11617=CARTESIAN_POINT('Origin',(-4.8,11.1,-1.));
#11618=CARTESIAN_POINT('',(-4.6,10.9,-1.));
#11619=CARTESIAN_POINT('',(-4.6,10.9,-1.));
#11620=CARTESIAN_POINT('',(-0.825,7.125,-1.));
#11621=CARTESIAN_POINT('Origin',(3.81,12.1,-9.4));
#11622=CARTESIAN_POINT('',(3.585,12.1,-9.5));
#11623=CARTESIAN_POINT('Origin',(3.81,12.1,-9.5));
#11624=CARTESIAN_POINT('',(3.385,12.1,-9.3));
#11625=CARTESIAN_POINT('',(3.485,12.1,-9.4));
#11626=CARTESIAN_POINT('Origin',(3.81,12.1,-9.3));
#11627=CARTESIAN_POINT('Origin',(3.81,12.1,-3.5));
#11628=CARTESIAN_POINT('',(3.385,12.1,-3.5));
#11629=CARTESIAN_POINT('Origin',(0.,12.1,-9.5));
#11630=CARTESIAN_POINT('Origin',(1.27,12.1,-9.4));
#11631=CARTESIAN_POINT('',(1.045,12.1,-9.5));
#11632=CARTESIAN_POINT('Origin',(1.27,12.1,-9.5));
#11633=CARTESIAN_POINT('',(0.845,12.1,-9.3));
#11634=CARTESIAN_POINT('',(0.945,12.1,-9.4));
#11635=CARTESIAN_POINT('Origin',(1.27,12.1,-9.3));
#11636=CARTESIAN_POINT('Origin',(1.27,12.1,-3.5));
#11637=CARTESIAN_POINT('',(0.845,12.1,-3.5));
#11638=CARTESIAN_POINT('Origin',(0.,12.1,-9.5));
#11639=CARTESIAN_POINT('Origin',(-1.27,12.1,-9.4));
#11640=CARTESIAN_POINT('',(-1.495,12.1,-9.5));
#11641=CARTESIAN_POINT('Origin',(-1.27,12.1,-9.5));
#11642=CARTESIAN_POINT('',(-1.695,12.1,-9.3));
#11643=CARTESIAN_POINT('',(-1.595,12.1,-9.4));
#11644=CARTESIAN_POINT('Origin',(-1.27,12.1,-9.3));
#11645=CARTESIAN_POINT('Origin',(-1.27,12.1,-3.5));
#11646=CARTESIAN_POINT('',(-1.695,12.1,-3.5));
#11647=CARTESIAN_POINT('Origin',(0.,12.1,-9.5));
#11648=CARTESIAN_POINT('Origin',(-3.81,12.1,-9.4));
#11649=CARTESIAN_POINT('',(-4.035,12.1,-9.5));
#11650=CARTESIAN_POINT('Origin',(-3.81,12.1,-9.5));
#11651=CARTESIAN_POINT('',(-4.235,12.1,-9.3));
#11652=CARTESIAN_POINT('',(-4.135,12.1,-9.4));
#11653=CARTESIAN_POINT('Origin',(-3.81,12.1,-9.3));
#11654=CARTESIAN_POINT('Origin',(-3.81,12.1,-3.5));
#11655=CARTESIAN_POINT('',(-4.235,12.1,-3.5));
#11656=CARTESIAN_POINT('Origin',(0.,12.1,-9.5));
#11657=CARTESIAN_POINT('Origin',(5.,10.9,-1.));
#11658=CARTESIAN_POINT('',(2.5,10.9,-1.));
#11659=CARTESIAN_POINT('Origin',(0.,0.,-1.));
#11660=CARTESIAN_POINT('',(13.1,13.1,-1.));
#11661=CARTESIAN_POINT('',(-13.1,13.1,-1.));
#11662=CARTESIAN_POINT('',(13.1,-13.1,-1.));
#11663=CARTESIAN_POINT('',(13.1,13.1,-1.));
#11664=CARTESIAN_POINT('',(-13.1,-13.1,-1.));
#11665=CARTESIAN_POINT('',(13.1,-13.1,-1.));
#11666=CARTESIAN_POINT('',(-13.1,13.1,-1.));
#11667=CARTESIAN_POINT('',(-13.1,-13.1,-1.));
#11668=CARTESIAN_POINT('',(-13.1,13.1,-1.));
#11669=CARTESIAN_POINT('',(10.,11.,-1.));
#11670=CARTESIAN_POINT('Origin',(11.,11.,-1.));
#11671=CARTESIAN_POINT('',(10.,-11.,-1.));
#11672=CARTESIAN_POINT('Origin',(11.,-11.,-1.));
#11673=CARTESIAN_POINT('',(-12.,-11.,-1.));
#11674=CARTESIAN_POINT('Origin',(-11.,-11.,-1.));
#11675=CARTESIAN_POINT('',(-12.,11.,-1.));
#11676=CARTESIAN_POINT('Origin',(-11.,11.,-1.));
#11677=CARTESIAN_POINT('Origin',(11.,11.,0.));
#11678=CARTESIAN_POINT('',(10.,11.,0.));
#11679=CARTESIAN_POINT('Origin',(11.,-11.,0.));
#11680=CARTESIAN_POINT('',(10.,-11.,0.));
#11681=CARTESIAN_POINT('Origin',(-11.,-11.,0.));
#11682=CARTESIAN_POINT('',(-12.,-11.,0.));
#11683=CARTESIAN_POINT('Origin',(-11.,11.,0.));
#11684=CARTESIAN_POINT('',(-12.,11.,0.));
#11685=CARTESIAN_POINT('Origin',(-13.1,-13.1,0.));
#11686=CARTESIAN_POINT('',(-13.1,13.1,0.));
#11687=CARTESIAN_POINT('',(-13.1,-13.1,0.));
#11688=CARTESIAN_POINT('Origin',(13.1,-13.1,0.));
#11689=CARTESIAN_POINT('',(13.1,-13.1,0.));
#11690=CARTESIAN_POINT('Origin',(13.1,13.1,0.));
#11691=CARTESIAN_POINT('',(13.1,13.1,0.));
#11692=CARTESIAN_POINT('Origin',(-13.1,13.1,0.));
#11693=UNCERTAINTY_MEASURE_WITH_UNIT(LENGTH_MEASURE(0.01),#11697,
'DISTANCE_ACCURACY_VALUE',
'Maximum model space distance between geometric entities at asserted c
onnectivities');
#11694=UNCERTAINTY_MEASURE_WITH_UNIT(LENGTH_MEASURE(0.01),#11697,
'DISTANCE_ACCURACY_VALUE',
'Maximum model space distance between geometric entities at asserted c
onnectivities');
#11695=(
GEOMETRIC_REPRESENTATION_CONTEXT(3)
GLOBAL_UNCERTAINTY_ASSIGNED_CONTEXT((#11693))
GLOBAL_UNIT_ASSIGNED_CONTEXT((#11697,#11699,#11700))
REPRESENTATION_CONTEXT('','3D')
);
#11696=(
GEOMETRIC_REPRESENTATION_CONTEXT(3)
GLOBAL_UNCERTAINTY_ASSIGNED_CONTEXT((#11694))
GLOBAL_UNIT_ASSIGNED_CONTEXT((#11697,#11699,#11700))
REPRESENTATION_CONTEXT('','3D')
);
#11697=(
LENGTH_UNIT()
NAMED_UNIT(*)
SI_UNIT(.MILLI.,.METRE.)
);
#11698=(
LENGTH_UNIT()
NAMED_UNIT(*)
SI_UNIT($,.METRE.)
);
#11699=(
NAMED_UNIT(*)
PLANE_ANGLE_UNIT()
SI_UNIT($,.RADIAN.)
);
#11700=(
NAMED_UNIT(*)
SI_UNIT($,.STERADIAN.)
SOLID_ANGLE_UNIT()
);
#11701=SHAPE_DEFINITION_REPRESENTATION(#11702,#11703);
#11702=PRODUCT_DEFINITION_SHAPE('',$,#11705);
#11703=SHAPE_REPRESENTATION('',(#5825),#11695);
#11704=PRODUCT_DEFINITION_CONTEXT('part definition',#11709,'design');
#11705=PRODUCT_DEFINITION('OLED-Disp','OLED-Disp v4',#11706,#11704);
#11706=PRODUCT_DEFINITION_FORMATION('',$,#11711);
#11707=PRODUCT_RELATED_PRODUCT_CATEGORY('OLED-Disp v4','OLED-Disp v4',(#11711));
#11708=APPLICATION_PROTOCOL_DEFINITION('international standard',
'automotive_design',2009,#11709);
#11709=APPLICATION_CONTEXT(
'Core Data for Automotive Mechanical Design Process');
#11710=PRODUCT_CONTEXT('part definition',#11709,'mechanical');
#11711=PRODUCT('OLED-Disp','OLED-Disp v4',$,(#11710));
#11712=PRESENTATION_STYLE_ASSIGNMENT((#11717));
#11713=PRESENTATION_STYLE_ASSIGNMENT((#11718));
#11714=PRESENTATION_STYLE_ASSIGNMENT((#11719));
#11715=PRESENTATION_STYLE_ASSIGNMENT((#11720));
#11716=PRESENTATION_STYLE_ASSIGNMENT((#11721));
#11717=SURFACE_STYLE_USAGE(.BOTH.,#11722);
#11718=SURFACE_STYLE_USAGE(.BOTH.,#11723);
#11719=SURFACE_STYLE_USAGE(.BOTH.,#11724);
#11720=SURFACE_STYLE_USAGE(.BOTH.,#11725);
#11721=SURFACE_STYLE_USAGE(.BOTH.,#11726);
#11722=SURFACE_SIDE_STYLE('',(#11727));
#11723=SURFACE_SIDE_STYLE('',(#11728));
#11724=SURFACE_SIDE_STYLE('',(#11729));
#11725=SURFACE_SIDE_STYLE('',(#11730));
#11726=SURFACE_SIDE_STYLE('',(#11731));
#11727=SURFACE_STYLE_FILL_AREA(#11732);
#11728=SURFACE_STYLE_FILL_AREA(#11733);
#11729=SURFACE_STYLE_FILL_AREA(#11734);
#11730=SURFACE_STYLE_FILL_AREA(#11735);
#11731=SURFACE_STYLE_FILL_AREA(#11736);
#11732=FILL_AREA_STYLE('Farbe - Metallic (Dunkelgrau)',(#11737));
#11733=FILL_AREA_STYLE('Farbe - Metallic (Silber)',(#11738));
#11734=FILL_AREA_STYLE('Nylon 12 (mit 3D-Drucker Formlabs Fuse 1)',(#11739));
#11735=FILL_AREA_STYLE('Tough 2000 (mit 3D-Druckern Formlabs SLA)',(#11740));
#11736=FILL_AREA_STYLE('Farbe - Metallic (Blau)',(#11741));
#11737=FILL_AREA_STYLE_COLOUR('Farbe - Metallic (Dunkelgrau)',#11742);
#11738=FILL_AREA_STYLE_COLOUR('Farbe - Metallic (Silber)',#11743);
#11739=FILL_AREA_STYLE_COLOUR(
'Nylon 12 (mit 3D-Drucker Formlabs Fuse 1)',#11744);
#11740=FILL_AREA_STYLE_COLOUR(
'Tough 2000 (mit 3D-Druckern Formlabs SLA)',#11745);
#11741=FILL_AREA_STYLE_COLOUR('Farbe - Metallic (Blau)',#11746);
#11742=COLOUR_RGB('Farbe - Metallic (Dunkelgrau)',0.349019607843137,0.349019607843137,
0.349019607843137);
#11743=COLOUR_RGB('Farbe - Metallic (Silber)',0.984313725490196,0.980392156862745,
0.96078431372549);
#11744=COLOUR_RGB('Nylon 12 (mit 3D-Drucker Formlabs Fuse 1)',0.247058823529412,
0.247058823529412,0.247058823529412);
#11745=COLOUR_RGB('Tough 2000 (mit 3D-Druckern Formlabs SLA)',0.247058823529412,
0.247058823529412,0.247058823529412);
#11746=COLOUR_RGB('Farbe - Metallic (Blau)',0.188235294117647,0.231372549019608,
0.588235294117647);
ENDSEC;
END-ISO-10303-21;
